frame,track,x,y,width,height,angle,n,ignore,track_fixed,linear_speed,heading,angular_speed
2,1,954.479069767442,668.66511627907,15.1687030890487,18.1809321268119,67.9615228992077,215,False,1,,,
3,1,954.644230769231,668.514423076923,14.820858071073,17.9659463476681,50.9345872661963,208,False,1,0.2235768272547024,-0.7396248485059254,
4,1,954.75,668.783898305085,15.9937858344797,18.8034640337324,35.6211620761632,236,False,1,0.2894892550172796,1.196771485597472,1.9363963341033976
5,1,954.735426008969,668.632286995516,15.7729847866704,18.0438293920209,31.842867040734,223,False,1,0.1523101782672809,-1.6666292048069056,-2.8634006904043776
6,1,954.947867298578,667.909952606635,15.4322712406041,17.4400457296691,24.1561296506665,211,False,1,0.7529264711051372,-1.2847576284773279,0.3818715763295777
7,1,954.913043478261,667.840579710145,15.1441083846567,17.3912869966941,10.1362315244505,207,False,1,0.07762278807722836,-2.036026839100747,-0.7512692106234193
8,1,954.75355450237,667.293838862559,15.3247447095843,17.5891208441742,179.342394643297,211,False,1,0.5695281273561322,-1.8546290285331586,0.18139781056758864
9,1,955.625,666.86328125,17.0567660615938,19.1266870956378,146.085264482075,256,False,1,0.9720067453840862,-0.45889470401498406,1.395734324518175
10,1,955.666666666667,667.027450980392,16.7811514497828,19.3759296745278,148.22782294524,255,False,1,0.16937476638544574,1.3222421765774717,1.781136880592456
11,1,955.537254901961,666.905882352941,16.968819591083,19.1490830485613,147.80170931895,255,False,1,0.17755657133610986,-2.3874343236230233,2.573508806979091
12,1,955.094650205761,666.695473251029,16.3961598185616,18.9039083262881,140.242085243485,243,False,1,0.4900723490115677,-2.6978275325014858,-0.31039320887846245
13,1,954.847457627119,666.389830508475,16.3745814844679,18.4147546141624,125.859966399438,236,False,1,0.393092428077148,-2.2508578417676386,0.4469696907338472
14,1,954.410569105691,665.979674796748,16.9241161889036,18.4939201117081,110.115027274159,246,False,1,0.5992489366013106,-2.387744128689307,-0.13688628692166827
15,1,954.072,665.956,17.0704635621907,18.6420319110315,84.0638276161655,250,False,1,0.3393958387038296,-3.0717802519305373,-0.6840361232412304
16,1,953.637860082305,665.765432098766,16.9165767139276,18.2845291048514,68.3648416392539,243,False,1,0.4741240271457979,-2.727961592468669,0.3438186594618684
17,1,953.199152542373,665.618644067797,16.4380295731823,18.3076121186643,51.9433937554298,236,False,1,0.46261326356790805,-2.8187097318362957,-0.09074813936762682
18,1,952.780082987552,665.41908713693,16.5120711380022,18.6111083907144,53.8784202968987,241,False,1,0.46415758146880476,-2.6971734436888735,0.12153628814742223
19,1,952.292887029289,665.481171548117,16.4592312097702,18.5074910861544,45.8525334797972,239,False,1,0.49113580185141115,3.0148436827696043,-0.5711681807211093
20,1,952.0,665.634453781513,16.1578986896232,18.7467273814695,34.0993451446592,238,False,1,0.33057261683416456,2.6594405321628685,-0.3554031506067359
21,1,951.26724137931,665.612068965517,16.1056979146947,18.3553269807113,29.7166111361175,232,False,1,0.733100454359889,-3.1110534611151444,0.5126913139015734
22,1,950.887445887446,666.025974025974,15.9374211667502,18.4822791102909,20.8312170006371,231,False,1,0.5617490673888016,2.3132455556700604,-0.8588862903943806
23,1,950.626666666667,666.506666666667,15.8414424135213,18.0781068340558,17.7943103393722,225,False,1,0.5468740410793553,2.0678687170071406,-0.24537683866291982
24,1,950.248888888889,666.64,15.7634540070185,18.1677341647822,13.4118719832383,225,False,1,0.40061680838494795,2.8023000391367243,0.7344313221295837
25,1,950.221238938053,666.924778761062,15.8387257668086,18.2086002493902,176.838464905251,226,False,1,0.28611791718323737,1.6675856853887776,-1.1347143537479467
26,1,950.148648648649,667.301801801802,16.0683571434822,17.6215643249676,157.349436014736,222,False,1,0.38394755288259647,1.761004211357041,0.09341852596826339
27,1,949.633928571428,667.633928571429,15.6286164242257,18.2921004945074,151.368050551453,224,False,1,0.6125724030653791,2.568558882769147,0.807554671412106
28,1,949.859090909091,668.040909090909,15.5674940272848,18.0282488836167,147.600171604756,220,False,1,0.46511420268374504,1.0654606519530823,-1.5030982308160648
29,1,950.078703703704,668.453703703704,15.2856720974587,18.0593674455796,150.574948826736,216,False,1,0.46757798484348145,1.0818661943513475,0.016405542398265194
30,1,950.071748878924,668.90134529148,16.0215103019136,17.7497938009349,135.809295201687,223,False,1,0.4476956116540337,1.5863316690252172,0.5044654746738697
31,1,949.970212765957,669.297872340426,16.5386520251308,18.1201896646578,136.365417024239,235,False,1,0.40932051351272736,1.821473642632529,0.2351419736073117
32,1,950.090128755365,669.489270386266,16.2150942183532,18.3404575409205,99.1960256699181,233,False,1,0.22586070146675177,1.0110999003765135,-0.8103737422560156
33,1,950.029411764706,669.693277310924,16.2567331523643,18.6614561495757,91.9348459021806,238,False,1,0.21285060080518664,1.8600702324487748,0.8489703320722612
34,1,950.476394849785,670.261802575107,16.2431546179317,18.3152726755618,80.4239851839698,233,False,1,0.7231976592613847,0.9045175807886932,-0.9555526516600814
35,1,950.63025210084,670.36974789916,16.2288253147626,18.6848694455406,62.7306629118817,238,False,1,0.18794745725094214,0.6117949614846873,-0.2927226193040058
36,1,951.052,670.74,16.87995767387,18.8880429088976,55.3917699386211,250,False,1,0.5612111087837869,0.720469610279091,0.1086746487944037
37,1,950.694323144105,670.122270742358,15.4366127936596,18.9075757441026,53.7671706998624,229,False,1,0.7138082158324538,-2.09564559929502,-2.816115209574111
38,1,951.021834061135,670.078602620087,15.6464219975802,18.6825942786756,46.0431110999951,229,False,1,0.33040930022694387,-0.13255153229740163,1.963094066997618
39,1,951.277056277056,669.761904761905,15.7767756921212,18.7109864393727,37.2255217399916,231,False,1,0.4067381379667861,-0.8924769460560545,-0.7599254137586531
40,1,951.466666666667,669.515555555556,15.4701538477535,18.5877923346872,32.7290885785662,225,False,1,0.31086979801396825,-0.9148176838268679,-0.022340737770813135
41,1,951.457547169811,668.88679245283,15.2913951263754,17.6671453061866,28.9061866944862,212,False,1,0.6288292332362816,-1.5852991776005678,-0.6704814937736998
42,1,951.879069767442,668.553488372093,15.0848735956134,18.169725358246,13.8602631294621,215,False,1,0.5373759489868395,-0.6690534250427942,0.9162457525577734
43,1,951.748917748918,668.580086580087,15.8745587237452,18.593733182239,2.77159765736246,231,False,1,0.1328420588307203,2.940005804109455,-2.674126078027337
44,1,951.556053811659,668.269058295964,15.7299565973754,18.0925945591586,164.209563452001,223,False,1,0.36597143579731223,-2.125853365935546,1.2173261371345854
45,1,951.826086956522,667.847826086957,16.3216034647255,17.9454109598515,154.373800798076,230,False,1,0.5003543476672556,-1.0007348342801874,1.1251185316553585
46,1,951.75,667.48275862069,16.1898962944329,18.2715083935158,143.56676079314,232,False,1,0.37291216107732167,-1.7762737134431283,-0.7755388791629407
47,1,951.403587443946,667.224215246637,15.6486521832691,18.1976137503696,130.818455933778,223,False,1,0.43225725587733754,-2.50043467565898,-0.7241609622158518
48,1,951.163865546219,666.735294117647,16.6983658885483,18.1816341923164,117.002826502528,238,False,1,0.5445277390755177,-2.026660245635798,0.4737744300231821
49,1,950.622222222222,666.511111111111,16.0087783205361,17.8908488751668,96.1420336327304,225,False,1,0.5862043251716713,-2.749166232914604,-0.7225059872788058
50,1,950.311965811966,666.282051282051,16.3703365284088,18.207329809029,78.9606334277506,234,False,1,0.3856519744457243,-2.5056268631643377,0.24353936975026613
51,1,949.707112970711,666.004184100419,16.3544748812454,18.6025198226021,59.7630361154585,239,False,1,0.6656253677575671,-2.710952260620402,-0.20532539745606426
52,1,949.322033898305,665.927966101695,16.143604538366,18.6151302174992,61.9776439756716,236,False,1,0.3925494559091659,-2.94619002283547,-0.2352377622150681
53,1,948.72,666.075555555556,15.5786309275826,18.4409106829687,60.9511433492208,225,False,1,0.6198608405112035,2.9011825576648858,-0.4358127266792309
54,1,948.513392857143,666.049107142857,15.3840589657027,18.6491092457026,56.0542814642009,224,False,1,0.20829313482167008,-3.0142720616753724,0.3677306878393285
55,1,948.154545454545,666.190909090909,15.3470119283743,18.3187516738141,51.0586443034748,220,False,1,0.3858487408592967,2.7652661029112244,-0.5036471425929889
56,1,947.790178571429,666.544642857143,16.0320497344468,17.8612095708166,37.3025115578303,224,False,1,0.5078295017874724,2.371000687444278,-0.3942654154669465
57,1,947.112554112554,666.597402597403,16.45167494672,17.8982459391706,25.3447632461952,231,False,1,0.6796752882501724,3.063889564396377,0.6928888769520989
58,1,946.541125541126,667.181818181818,16.5393390104986,17.8193894999297,19.9588510131063,231,False,1,0.8173568300023171,2.3449590079343117,-0.7189305564620652
59,1,946.49356223176,667.55364806867,16.1149750373295,18.4070314417698,171.972837053179,233,False,1,0.37485961792941913,1.698022262157966,-0.6469367457763457
60,1,946.224137931035,667.788793103448,16.1758430257815,18.3170472220065,166.506618875965,232,False,1,0.3576068248816798,2.424027927834494,0.7260056656765279
61,1,946.138392857143,668.174107142857,15.6050526439407,18.3880246173095,160.507855400717,224,False,1,0.39473931481725705,1.7897613684268496,-0.634266559407644
62,1,945.82905982906,668.508547008547,16.2274968323682,18.4018205482091,146.022613523079,234,False,1,0.45556223068393153,2.3172147186050536,0.5274533501782042
63,1,945.911111111111,668.822222222222,16.2537882620117,17.6886668529578,134.94422870818,225,False,1,0.32422916673280633,1.3149485264914205,-1.002266192113633
64,1,945.655319148936,669.0,16.3321991923972,18.3383358439959,118.8764834981,235,False,1,0.3115035572590891,2.5342240503731173,1.2192755238816968
65,1,945.884297520661,669.223140495868,16.6634523729511,18.5043077198624,102.264120793807,242,False,1,0.3197229669793545,0.7724866220637137,-1.7617374283094036
66,1,946.21186440678,669.661016949153,16.7721213663648,17.9321760284561,96.5157561465786,236,False,1,0.5468417076477715,0.9285247570725292,0.15603813500881536
67,1,946.423076923077,669.713675213675,16.6004330321584,17.9660769846138,73.830313233231,234,False,1,0.2176777890896799,0.24433303332093378,-0.6841917237515953
68,1,946.765217391304,669.691304347826,15.9164772261571,18.4036377179525,71.8235574176174,230,False,1,0.342871048117781,-0.06529209332536424,-0.30962512664629793
69,1,947.255506607929,669.612334801762,15.6287379892381,18.5037936175634,66.7762788052947,227,False,1,0.49660820084278,-0.15969571930757648,-0.09440362598221208
70,1,947.515283842795,669.2096069869,15.9004919164002,18.3903683792888,61.2132346397648,229,False,1,0.4792430538027789,-0.9979128766405931,-0.8382171573330166
71,1,947.68202764977,669.21198156682,15.2348694555508,18.1898550524673,46.8578437989524,217,False,1,0.16676071418144364,0.014239925660276025,1.0121528023008697
72,1,947.857777777778,669.111111111111,15.3831064410692,18.6207466049021,43.1339375505454,225,False,1,0.20263996725660835,-0.5210391253867734,-0.5352790510470493
73,1,947.881578947368,668.719298245614,15.8185510280128,18.3763946359491,32.9173289077251,228,False,1,0.3925351159358601,-1.5101246132600719,-0.9890854878732984
74,1,948.117647058824,668.592760180996,15.4623309612902,18.2172833850728,20.3232471259158,221,False,1,0.2678433031525559,-0.4920494372355699,1.0180751760245021
75,1,948.164444444444,668.226666666667,15.6206083357509,18.3691677442429,6.25946322210322,225,False,1,0.3690724272207758,-1.4436567842666113,-0.9516073470310413
76,1,948.258928571429,667.616071428571,15.5822483026959,18.3277186940166,176.94927289434,224,False,1,0.6178622783741311,-1.417272945308679,0.026383838957932504
77,1,947.811659192825,667.152466367713,15.4390089767854,18.4662514469849,163.316213337218,223,False,1,0.6441890634665604,-2.3382623466039525,-0.9209894012952735
78,1,947.762790697674,666.376744186047,15.2999664288178,17.9794517867574,165.677180304817,215,False,1,0.7772599519768894,-1.633710604725331,0.7045517418786216
79,1,947.793721973094,665.955156950673,15.9867901592852,17.7999887884998,147.655368520294,223,False,1,0.42272040503077435,-1.497558925748343,0.13615167897698788
80,1,948.175510204082,665.657142857143,16.8601097195902,18.5549311933149,127.229390965826,245,False,1,0.48432907538520753,-0.6627832774667011,0.8347756482816422
81,1,947.8125,665.291666666667,16.7321855202319,18.2768621469541,100.332016999418,240,False,1,0.5151206208962105,-2.352809420830164,-1.6900261433634631
82,1,947.305676855895,665.196506550218,16.1114528978425,18.1127697227178,99.5411245690538,229,False,1,0.5156793065104605,-2.955995445952478,-0.603186025122314
83,1,946.660792951542,665.224669603524,15.7976445597708,18.3008848037534,82.1081234253658,227,False,1,0.6454985729379942,3.0979488761937515,-0.229240985033357
84,1,946.211009174312,665.215596330275,15.2372058856662,18.261728189427,74.9135596011516,218,False,1,0.44987528332496846,-3.1214228669552924,0.06381356403054284
85,1,945.921296296296,665.365740740741,14.9113302621802,18.5912636212761,66.1362227061039,216,False,1,0.3263079767375026,2.6634499313110345,-0.4983125089132585
86,1,945.386046511628,665.320930232558,14.7927744007434,18.5929963989303,60.697117483991,215,False,1,0.5371222520345753,-3.0580685542080723,0.561666821660479
87,1,945.090909090909,665.125541125541,15.7407741804435,18.7233074622703,38.6102385209184,231,False,1,0.353953387114162,-2.556808618335931,0.5012599358721412
88,1,944.747826086956,665.365217391304,15.9449555747619,18.4097753487607,32.9781528925904,230,False,1,0.41851004763507227,2.5318098835515337,-1.194566805292121
89,1,944.184210526316,665.583333333333,16.1141824667376,18.043664064474,27.4826613403078,228,False,1,0.6043484626958536,2.7723482229812433,0.2405383394297096
90,1,943.786026200873,665.803493449782,16.0424171072018,18.1929871853635,14.387640375081,229,False,1,0.4549958614133065,2.6365179827277814,-0.1358302402534619
91,1,943.451754385965,666.280701754386,16.0623086932963,18.0720513073736,179.936248155492,228,False,1,0.5826366039178387,2.1818400669580083,-0.4546779157697731
92,1,943.783018867924,666.566037735849,15.0781879986129,17.9258085433552,175.516958738393,212,False,1,0.4372102232622806,0.7110488176367914,-1.4707912493212167
93,1,943.975369458128,666.591133004926,14.3962611648112,18.1127870455995,167.53969494722,203,False,1,0.193980726057583,0.1297335234487754,-0.5813152941880162
94,1,944.034653465347,667.069306930693,14.6891383801242,17.6560784160232,169.983724984974,202,False,1,0.48183492691520596,1.4474457576601139,1.3177122342113385
95,1,943.767441860465,666.790697674419,15.2974974879997,18.0364448224237,146.394647524546,215,False,1,0.386037769480025,-2.335315853976937,2.500423695542535
96,1,943.827102803738,666.995327102804,15.5472750606276,17.6118546877322,136.890874225065,214,False,1,0.21314931647414712,1.2871041855695473,-2.660765267633102
97,1,943.702222222222,667.351111111111,15.9721748147637,17.9536619486288,112.784195176519,225,False,1,0.37706421231235016,1.9083627242990842,0.6212585387295366
98,1,944.120535714286,667.392857142857,16.2361758759847,17.5633270686397,98.8429777453275,224,False,1,0.4203913757552056,0.09946671198635079,-1.8088960123127333
99,1,944.415584415584,667.311688311688,16.0859887021899,18.2978319261751,80.2132951892389,231,False,1,0.30600999214237923,-0.2684621188349781,-0.3679288308213291
100,1,944.497835497836,667.554112554113,16.2574333963635,18.1173308821757,68.7563643441233,231,False,1,0.25599756609571417,1.2436982297865204,1.5121603486214985
101,1,945.013215859031,667.211453744493,15.9662251912183,18.15474967604,56.3577274773566,227,False,1,0.6188957719322329,-0.5867548582580574,-1.8304530880445777
102,1,945.15652173913,667.221739130435,16.0036713764139,18.361334601163,47.5781693550311,230,False,1,0.14367450864686582,0.07164939382611418,0.6584042520841713
103,1,945.385281385281,666.961038961039,15.850631762135,18.6432357336085,46.4025511792535,231,False,1,0.34683649466323363,-0.8505624503301358,-0.9222118441562497
104,1,945.637931034483,666.379310344828,16.1463413892333,18.3716309842584,38.1698899815046,232,False,1,0.6342239574161632,-1.161067837539327,-0.3105053872091914
105,1,945.87012987013,666.164502164502,16.7230668001949,17.5883622633368,23.5628500778184,231,False,1,0.3163208080584996,-0.7465131153923026,0.4145547221470247
106,1,945.689361702128,665.702127659575,16.0720482741182,18.6333645562568,2.44932826892996,235,False,1,0.49645474453290356,-1.9434820731437594,-1.1969689577514568
107,1,945.669683257919,665.438914027149,15.5992545865328,18.1022204491936,173.752514682689,221,False,1,0.26394820980896233,-1.6454197532723898,0.29806231987136966
108,1,945.662100456621,664.75799086758,15.2411183599943,18.3992782436455,163.776850182982,219,False,1,0.6809653795260081,-1.581931926696849,0.06348782657554075
109,1,945.731818181818,664.381818181818,15.5965191599965,18.0713689358563,160.754943391153,220,False,1,0.38257868565837005,-1.3875412815195796,0.19439064517726923
110,1,945.502392344498,664.062200956938,15.1704369966519,17.621666185131,148.294085301647,209,False,1,0.3934353635222782,-2.1933784585779907,-0.805837177058411
111,1,945.782222222222,663.511111111111,15.9864294645099,17.9374820724567,112.847846820529,225,False,1,0.6180653514319386,-1.1009477478681249,1.0924307107098663
112,1,945.491228070176,663.25,15.968931421829,18.2187217624695,106.160166112566,228,False,1,0.39096880805321915,-2.410267350021831,-1.309319602153706
113,1,945.059633027523,663.091743119266,15.0491666575837,18.4632242464128,85.7877508825307,218,False,1,0.4596950305826106,-2.790136901973262,-0.379869551951431
114,1,944.538095238095,662.866666666667,14.8346213099559,18.0751780206122,80.2797987770668,210,False,1,0.5680326357841821,-2.734176181187051,0.05596072078621095
115,1,944.171296296296,662.74537037037,14.7694185188414,18.6722712651953,74.7334213903183,216,False,1,0.38633438262765135,-2.8222240782291115,-0.08804789704206062
116,1,943.754545454546,662.618181818182,14.7258308918224,19.1282445419383,69.8907910205588,220,False,1,0.435727198952452,-2.8453804224656505,-0.023156344236539006
117,1,943.488687782805,662.723981900453,15.1843341628466,18.6391682384151,60.7441284806658,221,False,1,0.2861362595550029,2.762848201027292,-0.6749566836866432
118,1,943.049504950495,663.094059405941,14.8139437929004,17.4404209498308,61.9424561752697,202,False,1,0.574316045626438,2.4413810275019583,-0.3214671735253338
119,1,942.626168224299,663.102803738318,15.5883188731386,17.5249130757662,38.4758315538266,214,False,1,0.42342702688310385,3.1209398527890904,0.6795588252871321
120,1,942.292792792793,663.0,16.062028249114,17.6254822524236,31.9267494247252,222,False,1,0.34886643138027507,-2.8424726867279064,0.3197727676625899
121,1,942.027027027027,663.216216216216,16.1069720557967,17.5792775113624,12.4894144896721,222,False,1,0.34260895260917923,2.458638343700316,-0.9820742767513639
122,1,942.445497630332,663.758293838863,15.2042863597143,17.7400664459694,5.88061543870353,211,False,1,0.6848107729914124,0.9133786485641457,-1.5452596951361701
123,1,942.24,664.13,15.0197600216796,17.0251228744804,169.130289276749,200,False,1,0.42472902690927733,2.075824754918647,1.1624461063545013
124,1,942.317757009346,664.415887850467,15.5438505715585,17.6122886008161,164.826556968996,214,False,1,0.29627354851063775,1.3052359361301265,-0.7705888187885206
125,1,942.159624413146,664.868544600939,15.6412523233835,17.394630247269,152.930923799085,213,False,1,0.4794831089087449,1.9068859796802586,0.6016500435501322
126,1,941.901408450704,664.901408450704,15.4526181645081,17.6072009043917,139.245100073801,213,False,1,0.26029889719558563,3.015000526311066,1.1081145466308069
127,1,942.293838862559,665.303317535545,15.5720610786739,17.2817079274515,125.743458042688,211,False,1,0.5617228325664038,0.7973303701818942,-2.217670156129172
128,1,942.422018348624,665.344036697248,15.7651227351957,17.6365475250549,115.758894311484,218,False,1,0.1344917498498224,0.3075906706138562,-0.48973969956803787
129,1,942.564220183486,665.394495412844,15.636618403822,17.7863148270349,99.5074554751904,218,False,1,0.15088884590226423,0.3409789534947002,0.033388282880844056
130,1,942.682464454976,665.052132701422,14.8742109430354,18.058400867851,82.3047413236324,211,False,1,0.36220703183731384,-1.2382457443627817,-1.579224697857482
131,1,942.452380952381,665.2,14.3899533062423,18.6104325785368,66.7954110574065,210,False,1,0.2735016565857439,2.57038903725406,-2.4745505255627442
132,1,942.848341232228,665.345971563981,14.9529723630801,18.0536948232332,60.2104630971671,211,False,1,0.42200976375860844,0.35319375204891756,-2.2171952852051424
133,1,942.775,665.25,14.2325596143174,17.9561757293946,53.0478813341379,200,False,1,0.12078690921490834,-2.2233221071974367,-2.576515859246354
134,1,943.140096618357,665.062801932367,15.2434109599675,17.3599413644122,46.4366989243876,207,False,1,0.41029094221204554,-0.47378417597522515,1.7495379312222115
135,1,943.08,664.785,14.8046026558609,17.25751257285,36.2065824945125,200,False,1,0.284227931711203,-1.7838424347509043,-1.3100582587756793
136,1,943.087378640777,664.446601941748,15.1910367686643,17.3243349363349,28.8018093413981,206,False,1,0.3384784929185727,-1.5489951622784415,0.23484727247246262
137,1,943.020202020202,664.116161616162,14.652022871876,17.2481836691007,3.21934517384236,198,False,1,0.33719950641313035,-1.7713574257657465,-0.22236226348730526
138,1,943.447488584475,664.196347031963,15.4461521190651,18.1018729818874,165.491889574657,219,False,1,0.4347453380030737,0.18550436343224835,1.956861789197995
139,1,943.054455445545,663.90099009901,14.5525941743815,17.7479014570389,161.389796104879,202,False,1,0.49164089144469564,-2.497144383805208,-2.6826487472374563
140,1,942.905213270142,663.706161137441,15.0755650882893,17.8816075194881,147.558740478884,211,False,1,0.24542117102052893,-2.2244693633815205,0.27267502042368763
141,1,942.5,663.650485436893,14.9098900325604,17.5867566764889,133.293779724355,206,False,1,0.40902026591683005,-3.0050490968534165,-0.780579733471896
142,1,941.827411167513,663.690355329949,14.316997372601,17.5966576436737,125.3950558046,197,False,1,0.6737695050672318,3.0823836843281436,-0.19575252599802617
143,1,941.178378378378,663.610810810811,13.6289944790399,17.2820504486006,111.298020242388,185,False,1,0.6538890516725105,-3.019642263764228,0.18115935908721426
144,1,940.359788359788,663.650793650794,14.2898675033401,16.8664108696768,107.191199975325,189,False,1,0.819565888765723,3.09278789305104,-0.1707551503643181
145,1,940.141463414634,663.50243902439,14.7331283624024,17.7901043798051,90.5140966251291,205,False,1,0.2639599910061154,-2.544749122902268,0.6456482912262782
146,1,939.801886792453,663.38679245283,15.5302984586316,17.4230220908529,71.5799636396914,212,False,1,0.35872888348363435,-2.813351318136346,-0.26860219523407824
147,1,939.679069767442,663.251162790698,15.7077620744636,17.501219047731,51.8821218807369,215,False,1,0.18297384207206505,-2.3066594931532682,0.5066918249830779
148,1,938.991031390134,663.551569506726,16.5239366979581,17.2590648546696,33.3263373381595,223,False,1,0.7507602837679271,2.7299266891234026,-1.2465991249029145
149,1,938.890909090909,663.509090909091,16.0482799461535,17.508623141858,15.8247169919044,220,False,1,0.10876077445083504,-2.740342941961587,0.8129156760945966
150,1,938.587719298246,664.087719298246,15.997723899155,18.1543654915892,179.058393659577,228,False,1,0.6532494646849144,2.053443505789677,-1.4893988594283218
151,1,938.246636771301,664.22869955157,15.8202035735816,17.9576181717519,176.780587249018,223,False,1,0.36907007737620184,2.749646441441029,0.6962029356513519
152,1,938.407035175879,664.874371859297,14.4946231185395,17.6187293824611,170.642939638557,199,False,1,0.6652972096413662,1.327304559805352,-1.422341881635677
153,1,938.371859296482,664.788944723618,14.090013373862,18.0550139960327,164.777780863241,199,False,1,0.09238581060782822,-1.9614033704903746,2.99447737688386
154,1,937.975845410628,665.367149758454,14.4899692168558,18.3042005012796,162.120829940311,207,False,1,0.7008195631536538,2.171317492342271,-2.150464444346941
155,1,938.217616580311,665.860103626943,14.0050485408633,17.599169668194,164.253962713207,193,False,1,0.5490508309328545,1.1148146837960822,-1.0565028085461892
156,1,937.707692307692,666.179487179487,14.2317581484489,17.5705215346459,150.704030170277,195,False,1,0.6016881396882996,2.582033726505529,1.4672190427094467
157,1,937.276995305164,666.690140845071,15.6172140700092,17.3845169124672,151.942754296968,213,False,1,0.6680322403605298,2.2714596392132775,-0.31057408729225155
158,1,937.337837837838,667.013513513514,16.1807886310281,17.521976875601,123.814565805656,222,False,1,0.3290466478755332,1.384820630489436,-0.8866390087238418
159,1,937.27802690583,667.412556053812,16.1105865621302,17.616370537939,97.652837306752,223,False,1,0.40350005768911623,1.719574883578669,0.33475425308923334
160,1,937.176991150443,667.646017699115,16.0658411689062,17.9059100914134,77.1219699098988,226,False,1,0.25438664213006046,1.9792318004935519,0.2596569169148828
161,1,937.10599078341,667.612903225807,15.6080726194257,17.7063799487928,69.5719076593288,217,False,1,0.07834296689097002,-2.7051856264923595,1.5987678801936749
162,1,937.193832599119,667.859030837004,16.1223290922908,17.9420715181194,49.7113445246159,227,False,1,0.26133309315997183,1.2279918553582034,-2.3500078253290235
163,1,937.084821428572,667.589285714286,15.8047645733576,18.0920947880989,42.2290913037196,224,False,1,0.29093962695745695,-1.954855019946116,3.100338431875267
164,1,937.352678571429,667.459821428572,15.6761207436713,18.2295014502239,35.4024536935161,224,False,1,0.2975036978844936,-0.4502255962600441,1.5046294236860724
165,1,937.251121076233,667.42600896861,15.5544261527187,18.2625107087938,21.6606540199962,223,False,1,0.10703834490118141,-2.8201969607797777,-2.3699713645197336
166,1,937.285067873303,667.013574660634,15.4684935077001,18.2353122698685,13.8744143113394,221,False,1,0.41382900264103456,-1.488673072036951,1.3315238887428267
167,1,937.201877934272,666.553990610329,15.1009070166227,17.9622986831826,1.22055333825139,213,False,1,0.46705252943403636,-1.749868722949028,-0.26119565091207697
168,1,937.075117370892,666.305164319249,14.8303021632068,18.3078313114988,173.631526957069,213,False,1,0.2792539409946841,-2.041962591106754,-0.2920938681577261
169,1,936.362244897959,666.020408163265,13.833511451498,18.2028591628975,164.461972260623,196,False,1,0.7676413427092099,-2.7615614156511095,-0.7195988245443554
170,1,936.156565656566,665.752525252525,14.1472271185292,17.9251818065474,160.849696649933,198,False,1,0.33773540561590787,-2.2255894933792564,0.5359719222718531
171,1,935.537688442211,665.562814070352,14.5474629767102,17.5443168138055,146.347111462928,199,False,1,0.6473015827953102,-2.8441458828709343,-0.6185563894916779
172,1,935.122641509434,665.669811320755,14.9701963330972,18.0571071073121,129.62596951372,212,False,1,0.4286168078848854,2.889290570675149,-0.5497488536335027
173,1,934.785046728972,665.439252336449,15.7743774073919,17.2777379052294,112.164992217076,214,False,1,0.408812525541148,-2.542404298967243,0.8514904375371941
174,1,934.483870967742,665.391705069125,15.6649315152153,17.6933337254548,97.960762614852,217,False,1,0.30490585724530656,-2.9850128064366355,-0.4426085074693926
175,1,933.976303317536,665.398104265403,15.9740969691224,16.8277878718348,78.1851006122601,211,False,1,0.5076079877706681,3.1289857483721257,-0.16918675237082503
176,1,933.800925925926,665.324074074074,15.202050680306,18.167681875121,64.8426637714238,216,False,1,0.19036202015147233,-2.742164466776569,0.41203509203089084
177,1,933.175609756097,665.643902439024,14.7403920798875,17.8159560304476,53.5370930935085,205,False,1,0.7023606589753244,2.668813863234349,-0.872206977168668
178,1,932.678217821782,665.985148514852,14.5782476837943,17.7951102898854,46.0271162841233,202,False,1,0.6031978287340768,2.5402764551851225,-0.12853740804922653
179,1,932.132075471698,666.36320754717,15.1787006076788,17.9277970946518,52.7253581611385,212,False,1,0.664228950342028,2.5360969056145604,-0.004179549570562102
180,1,931.420560747664,666.822429906542,15.6494133780951,17.4951186975621,44.4011424459104,214,False,1,0.8468402316047678,2.568447304290982,0.032350398676421754
181,1,930.87610619469,666.530973451328,16.2848531647457,17.7433311068829,176.487552285187,226,False,1,0.6175577912552059,-2.6500912555205534,1.0646467473680508
182,1,930.27027027027,666.968468468469,15.6876790923089,18.0726863112013,168.409122353685,222,False,1,0.7472878008780217,2.5161652725319184,-1.1169287791271145
183,1,929.834101382488,667.585253456221,15.5204710517657,17.8631714007856,145.80515820253,217,False,1,0.7554250590132503,2.1863149895215837,-0.3298502830103347
184,1,929.412037037037,668.097222222222,15.280728502236,18.0021152645807,144.315229669317,216,False,1,0.6635136238703279,2.2602361103947506,0.07392112087316693
185,1,929.532110091743,668.339449541284,15.2019084987876,18.2870996059616,130.35207940106,218,False,1,0.2703546052251306,1.110591407769122,-1.1496447026256287
186,1,929.504545454546,668.440909090909,15.0629877429268,18.5970482041998,124.263275656502,220,False,1,0.1051372885037112,1.8360743276834266,0.7254829199143047
187,1,929.663594470046,668.516129032258,14.9517992214686,18.5017695036272,119.319300732981,217,False,1,0.1759392761950762,0.441762623041337,-1.3943117046420896
188,1,929.66976744186,668.781395348837,15.0645856278109,18.2116741228442,111.983621943086,215,False,1,0.2653381319983726,1.5475296792699493,1.1057670562286122
189,1,930.053658536585,669.141463414634,14.9634744231965,17.4479401085365,111.62370003361,205,False,1,0.5263282099754166,0.7533871439214628,-0.7941425353484863
190,1,930.088235294118,669.156862745098,14.9707822372292,17.3901190487021,106.591882464412,204,False,1,0.03785091201329596,0.418994053603573,-0.33439309031788955
191,1,930.378947368421,669.226315789474,14.9769271969586,16.1683838984168,105.534397489976,190,False,1,0.2988933514125647,0.23451091047874228,-0.18448314312483083
192,1,930.322580645161,669.252688172043,14.9267102524004,15.9127761594723,107.788945944843,186,False,1,0.062231101978302124,2.703976591786842,2.4694656813080993
193,1,929.970149253731,669.562189054726,15.5954845777237,16.4461505628308,39.1316459110581,201,False,1,0.4690401710373993,2.4209601291647047,-0.2830164626221374
194,1,929.72380952381,669.433333333333,15.6328442834679,17.1402811032429,7.95426054419663,210,False,1,0.2780055025952937,-2.6596509164848574,1.2025742615300246
195,1,929.453201970443,669.103448275862,15.0202750106278,17.2394852390855,172.895133658801,203,False,1,0.42667622277548156,-2.2577984805944102,0.40185243589044717
196,1,928.773480662983,668.845303867403,13.5611198585501,17.0302753727964,167.606831378203,181,False,1,0.7270898097441368,-2.778638090621851,-0.5208396100274406
197,1,928.036363636364,668.763636363636,12.2054564500163,17.2462460740201,157.012581055946,165,False,1,0.7416273269663943,-3.0312495450372228,-0.2526114544153719
198,1,928.075581395349,668.639534883721,12.6758938795579,17.3778180822127,154.832621641355,172,False,1,0.13015072007830697,-1.2647136399682402,1.7665359050689826
199,1,927.903409090909,668.5625,12.6287655833533,17.8078826590752,146.113999024617,176,False,1,0.1886204541561806,-2.7208788206538026,-1.4561651806855624
200,1,927.691428571429,668.005714285714,12.9635461361049,17.2755707589204,148.055218304405,175,False,1,0.5957735075277821,-1.9345740033598213,0.7863048172939813
201,1,927.286486486487,667.794594594595,13.4765515810959,17.5469942150961,141.579074480043,185,False,1,0.4566723290669216,-2.661005203917234,-0.7264312005574127
202,1,926.613402061856,667.716494845361,14.4962675107201,17.0951090582071,134.98279245859,194,False,1,0.6776003346451029,-3.0260766048112604,-0.36507140089402634
203,1,926.043956043956,667.582417582418,14.3494083510853,16.1741532994803,133.489741066406,182,False,1,0.5850175037898878,-2.9103522932664463,0.1157243115448141
204,1,925.557894736842,667.31052631579,15.001349446731,16.139357172983,120.797910611394,190,False,1,0.5569384662078792,-2.63157911725917,0.27877317600727647
205,1,925.317708333333,667.463541666667,15.142172760749,16.1811099545553,82.6912668709084,192,False,1,0.28478624621733845,2.5743614280771325,-1.0772447618432839
206,1,925.122549019608,667.436274509804,15.174862841057,17.1454743345884,66.4009097573783,204,False,1,0.19705495572817155,-3.0027738654264784,0.7060500136759753
207,1,924.875,667.5,14.6380945350069,17.411381001638,44.7904950902458,200,False,1,0.2556197472997436,2.8896373594714895,-0.39077408228161836
208,1,924.268181818182,667.604545454546,15.5365042537061,18.0680671933525,42.5130658705214,220,False,1,0.6157581163501676,2.970982865416505,0.08134550594501544
209,1,923.827102803738,667.780373831776,15.5918639258688,17.4821343725674,28.0626098702672,214,False,1,0.4748329340118505,2.7622658150803923,-0.20871705033611265
210,1,923.351111111111,668.226666666667,16.1586674664691,17.7627782286283,22.0138110989029,225,False,1,0.6524916749851378,2.3883847720576052,-0.373881043022787
211,1,923.069565217391,668.482608695652,16.5319622764974,17.7274964044703,179.194308716505,230,False,1,0.3804923290573974,2.4037946746405705,0.015409902582965262
212,1,922.764444444444,668.853333333333,16.2242722027147,17.7188828309284,165.473252658367,225,False,1,0.480141065799911,2.2594283200292113,-0.14436635461135916
213,1,922.605504587156,669.211009174312,16.0965677648491,17.2879262515735,143.487964578587,218,False,1,0.39139990477105974,1.9889571911727983,-0.2704711288564132
214,1,922.351351351351,669.792792792793,16.4019618924922,17.336832950353,137.219615921559,222,False,1,0.6348748270351531,1.9826625974128274,-0.00629459375997099
215,1,922.357798165138,670.165137614679,16.3670836320513,17.0229469549823,149.643657474242,218,False,1,0.37240062807861124,1.553483961160114,-0.42917863625271346
216,1,922.216814159292,670.526548672566,16.0877808667448,17.918065284462,114.445368989869,226,False,1,0.3879361322014439,1.942733317284024,0.3892493561239103
217,1,922.208333333333,670.537037037037,15.522930804714,17.7354010142437,75.2110900741282,216,False,1,0.013488150289073051,2.2507554379764523,0.3080221206924283
218,1,922.502262443439,671.180995475113,15.8051539859293,17.8472282028192,80.7820073592157,221,False,1,0.7078677784283455,1.142598891656532,-1.10815654631992
219,1,922.529680365297,671.173515981735,15.440251423878,18.1457212589924,59.1896428160536,219,False,1,0.028419804014202063,-0.2663158124617383,-1.4089147041182701
220,1,922.677130044843,670.896860986547,14.9587460819634,19.0551133452475,63.4524925410466,223,False,1,0.3134954455182213,-1.0811194752667876,-0.8148036628050495
221,1,922.719626168224,670.85046728972,14.5669593230368,18.7582095840684,49.2164144268045,214,False,1,0.06291498714686458,-0.8292173376816171,0.25190213758517066
222,1,922.850961538462,670.725961538462,14.3674226314951,18.4896286634274,50.4507817573218,208,False,1,0.18097143855281927,-0.7587097352540602,0.07050760242755683
223,1,922.688995215311,670.775119617225,14.1743830800901,18.8528169324813,40.1273369527991,209,False,1,0.16926194652878127,2.8469206035356813,-2.6775549683898445
224,1,923.0,670.569377990431,14.6012434713112,18.337332867161,35.6149650726865,209,False,1,0.372898904658163,-0.5844438997086941,2.851820803935211
225,1,923.07729468599,669.942028985507,14.7149741227382,17.9676677136363,34.8636367840581,207,False,1,0.6320927483062911,-1.4482057268038833,-0.863761827095189
226,1,922.985074626866,669.965174129353,14.4965923796605,17.6774575750068,22.9161028548334,201,False,1,0.09508016085641843,2.8956943659269587,-1.939285214448744
227,1,922.775,669.44,14.5372348042211,17.5693256628405,22.1669725979378,200,False,1,0.5656316955356745,-1.9513108705065771,1.4361800707460501
228,1,922.319796954315,669.350253807107,14.7182063943637,17.1526028233081,11.1384988165835,197,False,1,0.4639657228067853,-2.9469328155314054,-0.995621945024828
229,1,922.09595959596,669.267676767677,14.6499367768644,17.2961358103021,1.97796952414305,198,False,1,0.2385835921357075,-2.78816710477987,0.15876571075153523
230,1,921.707070707071,668.964646464646,15.2148676036523,16.6607182071509,178.698638262966,198,False,1,0.49301311590710545,-2.4796510123832625,0.3085160923966077
231,1,921.415384615385,669.364102564103,15.0952717613567,16.4584840974923,136.957592464236,195,False,1,0.49461697451302483,2.2015098463449725,-1.6020244484513508
232,1,921.079439252336,669.023364485981,15.6761984381203,17.4307011223031,118.074295901246,214,False,1,0.47849945123939625,-2.3491119540415863,1.7325635067930278
233,1,920.690821256039,669.115942028986,15.1170839046657,17.4530357381056,103.629876145743,207,False,1,0.3994928641599053,2.907729060175302,-1.0263442929626976
234,1,920.298165137615,669.133027522936,15.4748827201512,17.9948117563726,81.9858642599068,218,False,1,0.39302765989094585,3.0981074703573217,0.19037841018201984
235,1,919.800925925926,669.199074074074,15.565340734065,17.7223480915791,64.0459523115078,216,False,1,0.5016064000372653,3.0095391208608873,-0.08856834949643444
236,1,919.351351351351,669.283783783784,15.7321283745648,18.0043150271421,63.8178734490459,222,False,1,0.45748555498879706,2.9553542318789607,-0.05418488898192653
237,1,918.977876106195,669.407079646018,16.0489152065562,17.9740118841881,40.5334248777819,226,False,1,0.39330093870770405,2.8227267065759896,-0.13262752530297117
238,1,918.352941176471,669.53781512605,16.5731829722932,18.3005542401712,22.8062406442627,238,False,1,0.6384633365577228,2.9353681835645364,0.11264147698854687
239,1,917.949790794979,669.912133891214,16.7873095027685,18.1540765156369,6.73252119195242,239,False,1,0.5501315915770134,2.3932614410256625,-0.5421067425388739
240,1,917.65873015873,670.230158730159,16.5430586883407,19.4053750248852,0.785192266857294,252,False,1,0.4311103016162498,2.3119533953340237,-0.08130804569163885
241,1,917.615720524017,670.930131004367,15.943453652467,18.2996274384701,3.38919569157972,229,False,1,0.7012923879082528,1.6321639431022155,-0.679789452231808
242,1,917.182978723404,671.212765957447,15.8387287861237,18.9276950553719,173.446280609279,235,False,1,0.5168636016400618,2.5630229799353548,0.9308590368331391
243,1,916.991266375546,671.576419213974,16.2303891621663,18.0045938139386,163.309822933132,229,False,1,0.4110928305186692,2.055954255726064,-0.5070687242092906
244,1,916.752032520325,672.121951219512,16.4382626853683,19.0841304956481,157.970884458124,246,False,1,0.5956828069956842,1.984073586934192,-0.07188066879187227
245,1,916.6625,672.383333333333,16.4610624536942,18.6044746889326,146.736748862999,240,False,1,0.27629093655290143,1.9008053883277776,-0.08326819860641432
246,1,916.635983263598,672.899581589958,16.7465244543845,18.1776582031594,126.842141755371,239,False,1,0.5169288150004259,1.6221155385719386,-0.278689849755839
247,1,916.774590163934,673.225409836066,17.0249670431934,18.2747698512117,135.0,244,False,1,0.3540846209348837,1.16858805647829,-0.4535274820936488
248,1,917.059071729958,673.489451476793,16.9788416724257,17.8549870937807,101.201702627254,237,False,1,0.38813367471173327,0.7481518406414058,-0.42043621583688395
249,1,917.128630705394,673.726141078838,16.8115878234145,18.281035479809,60.9776443034852,241,False,1,0.2466990449514878,1.284961154980528,0.5368093143391222
250,1,917.062761506276,673.962343096234,16.3675190623656,18.60944636434,58.1066975023831,239,False,1,0.24521448655077674,1.842755077037995,0.557793922057467
251,1,917.294605809129,673.817427385892,16.3050955292534,18.8280565441039,47.4946503117489,241,False,1,0.2734087487066505,-0.558639701161262,-2.401394778199257
252,1,917.558823529412,673.873949579832,16.2325396433724,18.7139488294812,35.9780842788502,238,False,1,0.27019578479195905,0.210746323827826,0.769386024989088
253,1,917.785407725322,673.583690987125,15.7805375927256,18.7972356824859,31.843444532905,233,False,1,0.3682260833732496,-0.907979249599597,-1.1187255734274228
254,1,917.77731092437,673.445378151261,16.0482235025942,18.88131603414,24.5549489053666,238,False,1,0.1385496255873462,-1.6292693592175287,-0.7212901096179318
255,1,917.682608695652,672.973913043478,15.4178357590323,19.0205336327808,15.3358903119501,230,False,1,0.48088237645087123,-1.7690263124857608,-0.13975695326823212
256,1,917.8125,672.5,15.6188442145748,18.2734172181728,3.55721868231075,224,False,1,0.49139121250159384,-1.3032832442639792,0.4657430682217818
257,1,917.629310344828,672.331896551724,16.0719668816615,18.3868336011672,171.268668187633,232,False,1,0.2486306881387078,-2.399112904269353,-1.0958296600053736
258,1,917.453744493392,671.700440528634,15.8606230932124,18.2530345719949,166.052951035062,227,False,1,0.6554083286677509,-1.8419804526482075,0.5571324516211451
259,1,917.137168141593,671.287610619469,16.1869271625039,17.8252450341996,158.926141267049,226,False,1,0.5202394837184109,-2.2249910529376766,-0.3830106002894693
260,1,916.597402597403,671.025974025974,16.3847009783404,17.9803337874382,127.244334212033,231,False,1,0.5998337684311889,-2.6902414383902182,-0.4652503854525416
261,1,916.31779661017,671.080508474576,16.8286349664999,17.8646360437554,102.851202281679,236,False,1,0.284874558675947,2.9489705080082573,-0.6439733607811107
262,1,915.824267782427,671.096234309623,16.290916295611,18.7207332288383,82.7094045972676,239,False,1,0.493779308701102,3.109739365274245,0.16076885726598755
263,1,915.100418410042,671.058577405858,16.4182793526764,18.5431197846259,67.2005800955049,239,False,1,0.724828225377066,-3.089616388021878,0.08382955388346325
264,1,914.495575221239,671.128318584071,15.8719267890561,18.177943921864,75.3507523365402,226,False,1,0.6088506508002646,3.0267950517059092,-0.16677386745179845
265,1,913.966101694915,671.228813559322,16.5330743654869,18.1734958787843,36.4146696670421,236,False,1,0.538926205642977,2.954022105100354,-0.07277294660555533
266,1,913.179487179487,671.452991452992,16.3466940671814,18.2338723834467,29.8503970805133,234,False,1,0.8179352809925671,2.8639620128517604,-0.09006009224859346
267,1,912.704641350211,672.126582278481,16.2209149277039,18.6173384094146,5.13026946475205,237,False,1,0.8241378293487839,2.1848347125250234,-0.6791273003267371
268,1,912.629310344828,672.590517241379,16.1468167474277,18.2960035338388,176.640847404357,232,False,1,0.4700110745196669,1.7317655328831023,-0.45306917964192106
269,1,912.366071428571,673.227678571429,15.5588943927047,18.354177822555,166.447990135702,224,False,1,0.6893977716408134,1.962581512369843,0.23081597948674037
270,1,912.034334763949,673.609442060086,15.7872585559533,18.8158694399103,153.766042708426,233,False,1,0.5057594051781101,2.286194383852781,0.32361287148293805
271,1,912.179487179487,673.893162393162,16.0188057481518,18.6629746091146,155.669560416101,234,False,1,0.318694918593373,1.0979087872063176,-1.1882855966464636
272,1,912.281632653061,674.34693877551,16.718708884937,18.7250797938851,132.944675214161,245,False,1,0.46513084497644935,1.3493858452854115,0.25147705807909393
273,1,912.354166666667,674.975,16.8161643051386,18.1640581080185,106.358090929265,240,False,1,0.6322357826299297,1.4558169438139492,0.10643109852853794
274,1,912.155102040816,675.526530612245,16.6527525570818,18.7561111327937,83.0486722096013,245,False,1,0.5863554736748688,1.9171760575247128,0.4613591137107633
275,1,912.565573770492,676.0,16.7903166497862,18.4883678776255,67.5876057291684,244,False,1,0.6266261261744078,0.856546930899725,-1.0606291266249879
276,1,912.730923694779,675.755020080321,16.5333708025272,19.2000370885086,52.1625979325777,249,False,1,0.2955600759704418,-0.9770789701889322,-1.833625901088657
277,1,912.856557377049,675.491803278689,16.5524207771012,18.7838925636911,43.8799006636006,244,False,1,0.2916623163558805,-1.1254721331774469,-0.14839316298851468
278,1,913.134693877551,675.228571428571,16.5950552428081,18.835929225411,40.2503075665505,245,False,1,0.38295028375502493,-0.7578736761076531,0.36759845706979366
279,1,913.436734693878,675.057142857143,16.807973398072,18.6000940984299,15.1499262624025,245,False,1,0.34729873283571644,-0.516230670609378,0.241643005498275
280,1,913.461538461539,674.591093117409,16.9576437178074,18.5844854160432,179.254342210032,247,False,1,0.46670931723762454,-1.5176252029168125,-1.0013945323074345
281,1,913.398305084746,674.203389830509,16.1813650231187,18.5923387602624,162.936943511657,236,False,1,0.3928260411603313,-1.7324701535295124,-0.21484495061269993
282,1,913.133620689655,673.659482758621,16.0838287967332,18.3865738862743,147.963836455736,232,False,1,0.6048906776057739,-2.0236951465117787,-0.29122499298226634
283,1,912.60775862069,673.534482758621,15.6717977422431,18.9040300894737,144.44097558833,232,False,1,0.540514491550562,-2.9082188853377833,-0.8845237388260045
284,1,911.991071428571,673.3125,15.4472846093054,18.5037577605291,131.086237930923,224,False,1,0.6554230985009801,-2.796072431186313,0.11214645415147029
285,1,911.085308056872,672.867298578199,15.0633949366892,17.8639995285222,126.484604250864,211,False,1,1.0092628951294866,-2.684751487264407,0.11132094392190606
286,1,910.752336448598,672.733644859813,15.6131308560638,17.4982397543358,114.484240217999,214,False,1,0.3587943817215475,-2.7598827696942245,-0.07513128242981759
287,1,910.475113122172,672.52036199095,15.8938000941681,17.7199043303835,77.4640836897245,221,False,1,0.34977472016300715,-2.4858196259701035,0.274063143724121
288,1,909.983050847458,672.326271186441,16.1101252136598,18.6450363088527,40.4852821760963,236,False,1,0.5289579591912187,-2.7658854534501205,-0.28006582748001696
289,1,909.3375,672.583333333333,16.3605373124052,18.6886563028205,33.4892285706978,240,False,1,0.6948502313581876,2.762633883056426,-0.7546659706730399
290,1,908.707627118644,672.885593220339,16.146457610832,18.6152714977752,14.502395852706,236,False,1,0.6986421730474903,2.6941747434253283,-0.06845913963109762
291,1,908.800904977376,673.361990950226,15.5319011618232,18.1300554091818,12.3330397432001,221,False,1,0.4854436692048103,1.377444122136123,-1.3167306212892051
292,1,908.553488372093,674.079069767442,14.7671254304533,18.6512712410262,1.26211793711273,215,False,1,0.7585624606251483,1.9030403015209854,0.5255961793848622
293,1,908.409302325581,674.567441860465,15.4743874653661,17.7571305450728,170.075029310467,215,False,1,0.5092120552897957,1.857878695982873,-0.045161605538112326
294,1,908.422535211268,675.431924882629,15.4112497086795,17.67824666854,167.048275930556,213,False,1,0.8645842959905061,1.5554902398645751,-0.3023884561182979
295,1,908.257009345794,675.654205607477,15.6648738239434,17.4553262931483,151.309706832375,214,False,1,0.2771417196668259,2.2108777253476917,0.6553874854831165
296,1,908.31455399061,675.619718309859,15.4310153383165,17.6096424624447,136.503590571141,213,False,1,0.06708770262864919,-0.5399147613829163,-2.750792486730608
297,1,908.359447004608,676.004608294931,15.9718268490873,17.3128968905022,127.975108366137,217,False,1,0.3874992687923302,1.4546824282693753,1.9945971896522918
298,1,908.205479452055,676.246575342466,15.8249167270141,17.6266822463892,104.098699746601,219,False,1,0.28679968502767933,2.137491781064652,0.6828093527952763
299,1,908.176211453745,676.559471365639,16.2226860430827,17.8275551106801,68.4995257934191,227,False,1,0.3142618924440283,1.6640639966783224,-0.47342778438632926
300,1,908.528455284553,676.731707317073,16.7842453621776,18.671814375504,46.086284072878,246,False,1,0.3920981245921312,0.4547830999904629,-1.2092808966878594
301,1,908.527896995708,676.56652360515,16.3185988748676,18.2182143594029,40.4485890642478,233,False,1,0.16518465537416974,-1.5741761195888408,-2.0289592195793036
302,1,908.493087557604,676.396313364055,16.0234484362181,17.2676893416598,22.468760578992,217,False,1,0.17373319531607898,-1.7725231835131248,-0.1983470639242837
303,1,908.570175438597,676.285087719298,16.189693612374,17.934253097271,1.82897646185246,228,False,1,0.13532806600112487,-0.9647321336460852,0.8077910498670393
304,1,908.454545454546,676.17316017316,16.1611325847105,18.1909605355277,176.185859754974,231,False,1,0.16092876932388356,-2.3724633926273158,-1.4077312589812305
305,1,907.75799086758,675.62100456621,15.3357604212045,18.2055532917271,160.759566062945,219,False,1,0.8888555039541645,-2.4713216422105497,-0.09885824958323397
306,1,907.079646017699,674.951327433628,15.5217583480351,18.5567116397034,140.323217014623,226,False,1,0.9532151893792703,-2.3626243540678336,0.10869728814271618
307,1,905.844748858448,674.401826484018,15.3342507312825,18.2301718053135,133.835132393403,219,False,1,1.3516368919012238,-2.722923621914271,-0.3602992678464374
308,1,904.663507109005,674.018957345972,14.7046381080102,18.3438412805534,118.384554335677,211,False,1,1.2417410549286851,-2.828153012092607,-0.10522939017833588
309,1,903.423809523809,673.276190476191,14.658322961342,18.3035567384098,100.649694726828,210,False,1,1.445182592472276,-2.601797163993997,0.22635584809860987
310,1,902.530805687204,672.758293838863,15.3201806992299,17.6065731675228,92.1992897450245,211,False,1,1.0323142831265495,-2.6160470605731767,-0.014249896579179744
311,1,901.359447004608,672.101382488479,15.5597930200037,17.8599866907957,77.5847126471525,217,False,1,1.3429868523393154,-2.630486822526883,-0.01443976195370622
312,1,899.927927927928,671.653153153153,16.1942628614345,17.4941190913182,49.1902728420737,222,False,1,1.5000521337425863,-2.8381480823945977,-0.20766125986771478
313,1,898.983050847458,671.182203389831,16.602792164705,18.0905819107527,32.0216641245681,236,False,1,1.0557397296542594,-2.679206343058657,0.1589417393359409
314,1,898.008333333333,671.108333333333,16.5782419005213,18.4401646756632,25.0558349475231,240,False,1,0.9775126687614181,-3.0659511310917686,-0.38674478803311185
315,1,896.805907172996,671.012658227848,16.1378138391685,18.7119919883828,15.2101453150619,237,False,1,1.2062265114282857,-3.0621915545938996,0.003759576497869066
316,1,895.52719665272,670.878661087866,16.2322341828241,18.742457712449,4.94889308735239,239,False,1,1.2857121871506314,-3.0371828869965083,0.025008667597391288
317,1,894.58547008547,670.867521367521,16.4133581719825,18.1573996328829,175.751203532598,234,False,1,0.9417924510389301,-3.129764166217184,-0.0925812792206755
318,1,893.557768924303,671.03984063745,17.1502452058046,18.6549038170366,158.479174013963,251,False,1,1.042047795186392,2.9754635500976803,-0.17795759086472174
319,1,892.911392405063,670.805907172996,16.5097643095874,18.2707873943373,142.798470692177,237,False,1,0.6874063357405664,-2.794342672599697,0.5133790844822084
320,1,892.536796536797,671.134199134199,15.9049267473483,18.5015649733221,129.805593158845,231,False,1,0.4980940436428149,2.4219761082048064,-1.0668665263750832
321,1,891.995594713657,670.964757709251,16.0558888136346,17.9893180629465,128.776725793748,227,False,1,0.5671065242601826,-2.838176178750005,1.0230330202247746
322,1,891.390350877193,671.175438596491,16.1844496852576,17.94855682526,102.21122783174,228,False,1,0.6408638996120484,2.8066181063163858,-0.6383910221131952
323,1,891.4329004329,670.930735930736,16.5164753970625,17.8248116207089,97.9565210420383,231,False,1,0.24837443370535983,-1.3986349829793554,2.077932217883845
324,1,891.379912663756,670.89519650655,16.3989748129688,17.795389370818,79.5516085152839,229,False,1,0.06380246351304394,-2.5507960725847005,-1.1521610896053451
325,1,890.8669527897,670.729613733906,16.3786108708692,18.1255915293899,76.2705784757833,233,False,1,0.5390227147236301,-2.829353055461517,-0.2785569828768164
326,1,890.622881355932,670.440677966102,16.5494153930559,18.1851671199036,55.3878786100815,236,False,1,0.37822578269870616,-2.272220336919297,0.5571327185422201
327,1,890.244725738397,670.04641350211,16.6601296315985,18.1190419981314,51.9800508489436,237,False,1,0.546302241108509,-2.3353424796973563,-0.0631221427780595
328,1,889.831932773109,669.567226890756,16.6285143196418,18.2432725752739,30.2228321279341,238,False,1,0.6324696361820126,-2.28189745758532,0.05344502211203617
329,1,889.518367346939,669.065306122449,17.0207236223683,18.3676985981943,18.960815457676,245,False,1,0.5918173148422394,-2.1292021270461623,0.15269533053915785
330,1,888.90756302521,668.403361344538,16.744394139998,18.0990171284919,9.05547907792995,238,False,1,0.9006957357767819,-2.3160349957667883,-0.186832868720626
331,1,888.666666666667,667.727272727273,16.4328271903374,17.9049547249686,176.537229656866,231,False,1,0.7177233965495498,-1.9130804105482657,0.4029545852185228
332,1,887.892376681614,667.304932735426,15.7553255479312,18.0660910095595,167.665345358971,223,False,1,0.8819841549975145,-2.6422459319097147,-0.7291655213614492
333,1,887.18025751073,666.609442060086,16.3502083503168,18.1683217967701,151.249257414485,233,False,1,0.9953999161267866,-2.368007225184786,0.2742387067249288
334,1,886.464435146444,665.732217573222,16.2502597752796,18.7647848157419,147.730943710601,239,False,1,1.1322210285832004,-2.255222424118683,0.11278480106610278
335,1,885.517857142857,665.169642857143,15.6302775193321,18.2780197587516,123.021524263227,224,False,1,1.1011358808276386,-2.6053565963628356,-0.35013417224415244
336,1,884.412280701755,664.5,16.0983817427977,18.0355314301346,90.0,228,False,1,1.2925636631293815,-2.596995686192844,0.00836091016999152
337,1,883.325791855204,664.257918552036,15.7835898425029,17.8720399600123,85.7607748689085,221,False,1,1.1131313674171812,-2.9223628986623473,-0.3253672124695033
338,1,881.928571428571,664.044642857143,15.8356756567329,18.1455425168126,76.6260776226489,224,False,1,1.4134042035569991,-2.9901190282280488,-0.06775612956570143
339,1,880.968181818182,663.340909090909,15.711366638598,17.8561163815609,61.231621086068,220,False,1,1.1906256411992286,-2.509217650345453,0.4809013778825957
340,1,879.84347826087,663.095652173913,16.1905176044881,18.1052017559882,43.7999306629626,230,False,1,1.1511338094090149,-2.9268900935002726,-0.41767244315481955
341,1,878.831111111111,662.888888888889,15.9917056171692,17.9074875945127,41.0146425255098,225,False,1,1.0332658428231902,-2.940125962738662,-0.013235869238389153
342,1,877.752136752137,662.653846153846,16.2892771766002,18.2891867780216,5.41849079814827,234,False,1,1.104278386377271,-2.927104481906235,0.013021480832426935
343,1,876.768240343348,662.575107296137,16.3216913246563,18.1722902556094,179.503452091073,233,False,1,0.987042020858838,-3.0617352540938,-0.13463077218756503
344,1,876.154811715481,662.757322175732,16.4764162779699,18.4777677482801,169.280097385585,239,False,1,0.6399194823043536,2.852850606999514,-0.3685994460862716
345,1,875.122362869198,662.95358649789,16.333151079426,18.4905190121042,157.28785645872,237,False,1,1.0509378213496177,2.9537381224759662,0.10088751547645236
346,1,874.647321428571,663.3125,15.5198308729474,18.4141856968803,157.052299092464,224,False,1,0.5953849782366554,2.494554435564582,-0.4591836869113841
347,1,874.216589861751,663.341013824885,14.9965269661014,18.4873815340091,157.678896087861,217,False,1,0.43167432268409256,3.07549050402654,0.5809360684619578
348,1,873.629464285714,663.361607142857,15.348421231464,18.639280483056,143.953460080962,224,False,1,0.5874866183853799,3.1065322165781035,0.031041712551563627
349,1,872.617777777778,663.284444444445,15.5402415425945,18.4344474636928,116.728474652069,225,False,1,1.0146248924435115,-3.0654686851271213,0.11118440547436137
350,1,872.226666666667,663.52,15.86385670833,18.0519818950045,108.325145260373,225,False,1,0.45656798068554977,2.599503705789138,-0.6182129162633263
351,1,871.89406779661,663.39406779661,15.9865578428063,18.7888272296623,96.5483147492534,236,False,1,0.35564157267377905,-2.7796425507142635,0.9040390506761842
352,1,871.887892376682,663.09865470852,15.1106628195719,18.8258915920376,91.6463629120679,223,False,1,0.29547762762370483,-1.5916976371168876,1.1879449135973754
353,1,871.622119815668,662.829493087558,15.3199308704476,18.0824175541859,79.7575114989854,217,False,1,0.3782631787351144,-2.349859104046226,-0.7581614669293386
354,1,871.345291479821,662.780269058296,15.4337746033426,18.450688124,70.1485181663445,223,False,1,0.28117064673372144,-2.9656176513079555,-0.6157585472617293
355,1,870.721698113208,662.334905660377,14.9437990888627,18.0875228511051,59.7938918656688,212,False,1,0.7663010133684821,-2.5214073438085345,0.44421030749942103
356,1,870.427272727273,661.727272727273,15.1721041526429,18.5164742206724,53.7956729027992,220,False,1,0.6752067011483059,-2.0220035164298533,0.49940382737868116
357,1,869.939252336449,661.126168224299,14.9334550149127,18.3365641273261,46.9806945507865,214,False,1,0.7742677349312382,-2.252734964807668,-0.2307314483778149
358,1,869.869369369369,660.585585585586,15.4053118178182,18.428767540539,38.5957311423215,222,False,1,0.545080928271936,-1.6993567607806201,0.5533782040270481
359,1,869.535211267606,660.023474178404,15.4350700706121,17.5713810546299,24.1724499456334,213,False,1,0.6539349134723647,-2.1071393783711647,-0.40778261759054457
360,1,869.333333333333,659.314814814815,15.9772268534656,17.2528550306721,10.7285522930548,216,False,1,0.7368533055829948,-1.848318040705683,0.25882133766548154
361,1,868.610091743119,659.01376146789,15.9390208042315,17.3963041083101,150.916026761593,218,False,1,0.7833974186260754,-2.747151860847446,-0.8988338201417632
362,1,868.071748878924,658.825112107623,15.38280692401,18.5017082287411,136.933318546803,223,False,1,0.5704398483265611,-2.8045383353289424,-0.057386474481496474
363,1,866.882629107981,658.394366197183,14.7805790981664,18.3704534202726,125.051326406881,213,False,1,1.2647323309730465,-2.7940561084215396,0.010482226907402747
364,1,866.079812206573,657.769953051643,15.1923159447555,17.8607232279869,124.208331416834,213,False,1,1.0170578909331314,-2.4805494847387535,0.31350662368278615
365,1,865.25,657.089285714286,15.5538679437503,18.3600789244171,105.34412502863,224,False,1,1.0732643301266884,-2.4546155409811785,0.025933943757574962
366,1,863.981566820277,656.723502304148,15.9928604093466,17.2900105338649,104.049744936246,217,False,1,1.3201212953946613,-2.860835555273665,-0.40622001429248655
367,1,863.350230414747,656.502304147466,15.7918159801418,17.5208008451199,89.7671119461245,217,False,1,0.6689650823974445,-2.8045927366852745,0.05624281858839053
368,1,862.463963963964,656.148648648649,15.9415254998088,17.7616279224263,69.1310788515944,222,False,1,0.9542224235611636,-2.7619143951655083,0.04267834151976624
369,1,861.588495575221,655.818584070797,15.6418217922422,18.423487252753,54.4865977191643,226,False,1,0.9356214647179095,-2.781056716074272,-0.019142320908763555
370,1,860.495495495496,655.801801801802,15.6362683708908,18.1136272346935,49.7185795900206,222,False,1,1.0931289122658465,-3.1262395436879227,-0.3451828276136508
371,1,859.440528634361,655.806167400881,15.9711013596792,18.1322146429419,41.8284379969041,227,False,1,1.0549758938233107,3.137454538620482,-0.0194912248711816
372,1,858.679824561404,655.482456140351,15.7729360404033,18.4207424675116,24.7673912375674,228,False,1,0.8267161948379925,-2.739263319691746,0.4064674488673585
373,1,857.902222222222,655.528888888889,15.7619718398748,18.2120390724318,12.8802186329847,225,False,1,0.7789874184080502,3.0819507557146872,-0.4619712317731519
374,1,857.147826086957,655.678260869565,16.3838938608397,17.8972050925023,5.25860925932538,230,False,1,0.7690419478245613,2.946118936345304,-0.13583181936938304
375,1,856.504504504505,655.77027027027,15.7830223133552,17.9176577994614,165.907054118966,222,False,1,0.6498679775667252,2.9995336446241243,0.05341470827882011
376,1,855.825327510917,655.847161572052,16.3902437361037,17.7940718673924,150.738457716438,229,False,1,0.6835156625191714,3.0288601861588487,0.02932654153472436
377,1,855.333333333334,656.004504504505,15.7696423313117,17.9204877701293,146.216296281508,222,False,1,0.5165414496131057,2.832065251483976,-0.19679493467487275
378,1,854.666666666667,656.135135135135,15.7426125678459,17.9581898887764,134.961635427448,222,False,1,0.6793443943271973,2.9480982443014496,0.1160329928174737
379,1,854.37610619469,655.951327433628,15.8814338322779,18.1378964049118,127.392352857013,226,False,1,0.34381777005961733,-2.577548924382145,0.7575381384959918
380,1,853.939130434783,656.047826086957,16.3265877722989,17.9154694049795,129.81895934037,230,False,1,0.44750397187133145,2.924247975560963,-0.781388407236479
381,1,853.502222222222,656.0,16.0173776567299,17.9092521275212,113.033078370388,225,False,1,0.439518055143186,-3.0325619209182944,0.3263754107003294
382,1,853.292792792793,656.157657657658,15.8973663894676,17.7933556158936,94.2663907268445,222,False,1,0.26213855673895803,2.4963044413496425,-0.754318944911649
383,1,853.34632034632,656.030303030303,16.5490565442175,17.7779780195339,76.5872534883575,231,False,1,0.13814629960774935,-1.1729106536368816,2.6139702121930624
384,1,853.168888888889,655.946666666667,16.3411800765918,17.5347766375591,64.65507032562,225,False,1,0.19615545724840908,-2.7011079408710703,-1.5281972872341887
385,1,852.800847457627,655.864406779661,16.3169300244516,18.4192756762768,61.0368081783822,236,False,1,0.37712224030893216,-2.9216995921543583,-0.22059165128328795
386,1,852.660944206009,655.424892703863,16.3760622938998,18.1474092129761,51.3334097377978,233,False,1,0.46124347435801344,-1.8789686541558837,1.0427309379984742
387,1,852.330434782609,655.065217391304,16.1284371680108,18.1694257607647,46.9620797419563,230,False,1,0.4884698654170775,-2.3139615266696065,-0.4349928725137229
388,1,852.25221238938,654.265486725664,15.8282506073691,18.1944438831156,29.974233777821,226,False,1,0.8035470617005034,-1.66829710820081,0.6456644184687965
389,1,851.747747747748,653.797297297297,15.4526047074859,18.2882588925768,24.5265741240903,222,False,1,0.6882484402391214,-2.3934722950436864,-0.7251751868428764
390,1,851.622222222222,653.328888888889,15.8832070623501,18.0407757650451,6.51574082300354,225,False,1,0.48493617582715964,-1.832627326964222,0.5608449680794645
391,1,851.400921658986,652.654377880184,15.7072305156691,17.6083298619498,179.728582145601,217,False,1,0.7098866389450728,-1.8878208114917039,-0.055193484527482184
392,1,850.442211055276,652.221105527638,14.9254940787484,17.0052318607976,162.780891410295,199,False,1,1.0520698423331636,-2.717132931910356,-0.8293121204186518
393,1,849.268156424581,651.564245810056,13.9121316832239,16.4458224492881,146.523589544375,179,False,1,1.345313704842897,-2.6315005163356298,0.08563241557472612
394,1,848.858823529412,651.935294117647,12.7436036338389,17.0021618507788,129.250177531649,170,False,1,0.552476484235786,2.4052140176632255,-1.2464707731807305
395,1,847.846625766871,651.656441717791,11.9984261927987,17.3687856284821,114.397837802296,163,False,1,1.0499061726641745,-2.8727690790360514,1.0052022104803093
396,1,846.908571428572,650.96,12.5676247267471,17.7287024443502,110.471687571446,175,False,1,1.1683223047949167,-2.502952575943227,0.36981650309282443
397,1,845.819672131148,650.44262295082,13.5843040841407,17.1845575689083,110.02371246348,183,False,1,1.2055623961242534,-2.6980320161760742,-0.1950794402328473
398,1,844.844086021505,649.639784946237,14.1309931363684,16.807592612027,102.83803071629,186,False,1,1.2634544388030882,-2.453026201242102,0.24500581493397222
399,1,844.073033707865,649.449438202247,14.4111510265941,15.7897458785216,109.885835292343,178,False,1,0.7941999454275653,-2.8995656302014896,-0.4465394289593876
400,1,843.174358974359,649.158974358974,15.2739226128622,16.2667221414157,142.906917916305,195,False,1,0.9444498509136889,-2.8289773926622783,0.07058823753921128
401,1,842.289215686274,648.710784313726,15.5975276116164,16.6721935632455,0.769325135315881,204,False,1,0.992145633010288,-2.6728799894922877,0.15609740316999066
402,1,841.722727272727,648.054545454545,16.0070421367933,17.5070533237468,8.46743150532247,220,False,1,0.8669247735428308,-2.282924039834902,0.38995594965738567
403,1,841.397260273973,648.118721461187,15.5341729303712,17.9830742086516,8.66506528495469,219,False,1,0.3317338196603555,2.946908843352685,-1.0533524239919991
404,1,840.627192982456,648.087719298246,15.9775128834532,18.1800043172284,8.88223051080172,228,False,1,0.7706910973738387,-3.101355351961473,0.23492111186542797
405,1,840.026905829597,648.013452914798,15.4000838617983,18.4558028963615,172.527771748734,223,False,1,0.6048637545745286,-3.0185000401994047,0.0828553117620685
406,1,839.369369369369,648.22972972973,15.7181456409846,17.983048223543,165.349059979906,222,False,1,0.6921920667028284,2.8238194505700998,-0.4408658164100814
407,1,838.834862385321,648.408256880734,15.1727876050232,18.2903423014128,158.828938369811,218,False,1,0.5635331930256539,2.8192391587720036,-0.004580291798096159
408,1,838.475113122172,648.556561085973,15.2363300844883,18.4722227574203,155.323903186459,221,False,1,0.38911909440143444,2.7505765099054806,-0.06866264886652296
409,1,838.018181818182,648.422727272727,15.3246234141967,18.3352764771641,150.167853498315,220,False,1,0.4761278254145569,-2.8566650342487687,0.6759437630253373
410,1,837.625,648.549107142857,15.556950550981,18.364752487907,145.295444801136,224,False,1,0.4129937211665578,2.8305943729841214,-0.5959258999466961
411,1,837.290909090909,648.663636363636,15.3406309241428,18.3037705966788,139.611970758181,220,False,1,0.3531765535103622,2.8113387791825497,-0.019255593801571713
412,1,837.291866028708,648.387559808612,15.0054437596086,17.754536138171,127.924963837707,209,False,1,0.27607821349009315,-1.5673301361707384,1.9045163918262986
413,1,836.837962962963,648.384259259259,15.3492151852275,17.9749964062275,118.243278687136,216,False,1,0.4539150655339591,-3.1343212967027023,-1.566991160531964
414,1,836.615023474178,648.192488262911,15.1640808881056,17.9270073387201,94.6231426118094,213,False,1,0.2940716421215676,-2.431210689288126,0.7031106074145765
415,1,836.413145539906,648.037558685446,14.8948545217483,18.270529431718,80.3090758043037,213,False,1,0.2544756851240659,-2.4870218862650173,-0.05581119697689152
416,1,836.5,647.733644859813,15.2732920337017,17.9162858494968,78.1122941086033,214,False,1,0.3160811773090869,-1.2924299305723634,1.1945919556926539
417,1,836.05069124424,647.562211981567,15.3522275992677,18.034876214109,59.503128901326,217,False,1,0.48090289014131465,-2.77709362451626,-1.4846636939438964
418,1,836.031674208145,647.180995475113,15.4802766856425,18.2720026468136,52.2078455236867,221,False,1,0.3816905454092193,-1.6206401412307085,1.156453483285551
419,1,835.4,646.247619047619,14.730863391816,18.1620654290132,40.0884301047633,210,False,1,1.127033211860769,-2.165755856273042,-0.5451157150423338
420,1,835.033816425121,645.840579710145,14.5794497365393,18.1257077477606,33.2364335097061,207,False,1,0.5475138653608578,-2.303405308697315,-0.13764945242427284
421,1,834.943396226415,645.5,14.8226794074798,18.2170127325411,15.6503775418387,212,False,1,0.35237813680262625,-1.8302990030798234,0.4731063056174918
422,1,834.547085201794,645.197309417041,15.5847590794997,18.2565047422778,179.639516887765,223,False,1,0.4986822808645153,-2.4893366570954907,-0.659037654015667
423,1,834.018348623853,644.417431192661,15.4526911140394,17.997932018107,165.322758528652,218,False,1,0.9422167551656495,-2.16658577483716,0.3227508822583305
424,1,833.474885844749,643.75799086758,15.689056398211,17.7854392184284,168.918929137822,219,False,1,0.8545252100518961,-2.2600768819696424,-0.09349110713248221
425,1,832.93832599119,643.343612334802,15.9096085973046,18.1840935052429,131.870668704363,227,False,1,0.6779425085348549,-2.483979387024114,-0.2239025050544714
426,1,832.039301310044,642.89519650655,16.1278261138569,18.0815286769336,121.872346594205,229,False,1,1.004650253738369,-2.6789212555512516,-0.1949418685271378
427,1,831.326086956522,642.634782608696,16.1026377894667,18.1941230847318,96.1818345620075,230,False,1,0.7592694595895279,-2.7915056335984194,-0.11258437804716781
428,1,830.576763485477,642.290456431535,16.7209468915455,18.3740256356174,77.5924208918889,241,False,1,0.8246491257117644,-2.71085339959816,0.08065223400025934
429,1,829.651452282158,642.053941908714,16.3057791869115,18.8009478375393,58.4370003372896,241,False,1,0.9550601774197509,-2.8913453353155716,-0.1804919357174115
430,1,828.629787234043,642.16170212766,16.0644226924546,18.63843146678,59.0248527661539,235,False,1,1.027332339278321,3.036506104072909,-0.35533386779110643
431,1,827.930131004367,641.995633187773,15.9090318288143,18.3311083820605,46.9779301207864,229,False,1,0.7190950789148407,-2.9085473611055095,0.3381318420011681
432,1,827.033472803347,641.866108786611,16.2915796093884,18.6916000270495,32.3497694265502,239,False,1,0.9059649551461064,-2.9981326278728604,-0.0895852667673509
433,1,826.144032921811,641.818930041152,16.4843750970469,18.7704736050652,32.1694110701031,243,False,1,0.8906902586700887,-3.0885991079961457,-0.09046648012328529
434,1,825.50622406639,642.04979253112,16.3757835395705,18.783569164186,22.5156885146282,241,False,1,0.6783049648407768,2.794301371564207,-0.40028482761923456
435,1,824.873417721519,642.147679324895,16.5381613420664,18.27433757685,7.87915203357954,237,False,1,0.6403324874661341,2.9881222117399333,0.19382084017572643
436,1,824.380952380952,642.160173160173,16.4688621660957,17.8764623444702,161.717360304694,231,False,1,0.4926237992421429,3.11622811564073,0.12810590390079657
437,1,823.741379310345,642.301724137931,16.2080289252094,18.2326140997095,152.794337703807,232,False,1,0.6550499156170176,2.9237826441529986,-0.19244547148773128
438,1,823.225108225108,642.463203463204,15.895709093666,18.5196878408975,144.562137565938,231,False,1,0.5409356763446059,2.8384526191354027,-0.0853300250175959
439,1,822.965217391304,642.430434782609,15.8185251496312,18.5136635102466,136.997426969292,230,False,1,0.2619485291488766,-3.016168188392779,0.4285644996514044
440,1,822.45643153527,642.605809128631,16.4569961416517,18.6728578367689,123.973348190068,241,False,1,0.5381628085838916,2.809654488506621,-0.457362630280187
441,1,822.303797468354,642.725738396625,16.2186104727464,18.6189329104945,124.572692812817,237,False,1,0.1941138524292002,2.475613284602192,-0.33404120390442893
442,1,822.331896551724,642.573275862069,16.2464091717636,18.2151585541289,103.995501302726,232,False,1,0.1550302645598604,-1.3885399691767142,2.41903205340068
443,1,822.0,642.510638297872,16.1731675812774,18.5001791031291,93.6846147843042,235,False,1,0.33775551142029075,-2.955060443142198,-1.5665204739654839
444,1,821.829694323144,642.580786026201,16.0269245218909,18.2094015364788,82.6687655537461,229,False,1,0.18418666444422577,2.75087585847695,-0.5772490055604376
445,1,821.829694323144,642.275109170306,16.0658889384727,18.2209379660672,61.7172116719229,229,False,1,0.305676855895058,-1.5707963267948966,1.961513121907739
446,1,821.952173913044,641.982608695652,15.8924404337887,18.4621171578649,56.3700310429141,230,False,1,0.3171084634867187,-1.1742458699049187,0.3965504568899778
447,1,821.833333333333,641.217592592593,14.9986049453096,18.3743745048981,48.0426026696809,216,False,1,0.7741916567140326,-1.7249084343000927,-0.5506625643951741
448,1,821.502222222222,641.115555555556,15.2530488070412,18.8099765587148,29.5544933309801,225,False,1,0.3464767305728179,-2.842661468022662,-1.1177530337225692
449,1,821.051401869159,640.415887850467,14.9955390632191,18.2010274855679,18.0643483003788,214,False,1,0.8323303961050766,-2.1431787696586344,0.6994826983640277
450,1,820.774509803922,639.764705882353,14.7043360554611,17.6758619574636,9.70386383681395,204,False,1,0.7076066501863898,-1.9728487089957485,0.17033006066288614
451,1,820.009615384615,639.115384615385,14.9920665207302,17.7011620156495,0.459360512792301,208,False,1,1.0033352283379533,-2.437735723446836,-0.4648870144510875
452,1,820.197478991597,638.701680672269,16.3761666618706,18.5388579441797,155.949302170886,238,False,1,0.45436074585944447,-1.1445367783112943,1.2931989451355417
453,1,819.140969162996,638.480176211454,15.7674920630187,18.395443618415,153.573860284929,227,False,1,1.079480080451403,-2.9349291943728115,-1.7903924160615172
454,1,818.56768558952,637.873362445415,16.1011361403298,18.1888427557047,138.507322427132,229,False,1,0.8347915921186354,-2.327789058874876,0.6071401354979353
455,1,817.931623931624,637.534188034188,16.7337560705492,17.8270141064441,101.229100131865,234,False,1,0.7208423640967261,-2.6517069016666417,-0.3239178427917655
456,1,817.185185185185,637.275720164609,16.748560428397,18.4910305783314,87.2058118461768,243,False,1,0.7899217947304544,-2.8082463956354156,-0.15653949396877387
457,1,816.290322580645,637.008064516129,16.7483639853732,18.8460851659416,72.0338652824301,248,False,1,0.934033525719124,-2.8509594503971805,-0.0427130547617649
458,1,815.443089430894,636.760162601626,16.5276906538432,18.9439013691375,54.381409283994,246,False,1,0.8827566874576749,-2.856936975052658,-0.005977524655477406
459,1,814.481012658228,636.932489451477,16.2474032202063,18.5661706115711,54.9306814709159,237,False,1,0.977388489641157,2.964352572846612,-0.461895759280317
460,1,813.597457627119,636.966101694915,16.1553300962789,18.603472617274,50.2104928626551,236,False,1,0.8841941392629982,3.1035689405191,0.13921636767248824
461,1,812.962343096234,636.757322175732,16.1849860595719,18.8144897045113,38.9692344957572,239,False,1,0.6685501888201569,-2.8239931927973854,0.35562317386310127
462,1,812.279661016949,636.771186440678,16.3247082494359,18.4084891509367,30.7283110144511,236,False,1,0.6828228461463085,3.1212869215413215,-0.3379051928408785
463,1,811.59243697479,636.995798319328,16.2990913263565,18.6444198264818,18.8893250031987,238,False,1,0.7229988797723844,2.8256980003595293,-0.29558892118179214
464,1,810.811158798283,637.390557939914,16.4559571337554,18.0331534290363,179.11855148844,233,False,1,0.8753460727799021,2.6737346789253817,-0.1519633214341476
465,1,810.202586206897,637.400862068966,16.5699343011095,17.8306957260503,178.70952500172,232,False,1,0.6086598180115651,3.124662636195374,0.45092795726999224
466,1,809.793248945148,637.396624472574,16.7017931872063,18.0681152236105,162.03786544511,237,False,1,0.4093591956696968,-3.13124068855875,0.027281982425462203
467,1,809.229838709677,637.540322580645,16.8272297222617,18.7729785833213,137.235503554826,248,False,1,0.5814466782918919,2.891866180056858,-0.26007843856397805
468,1,809.061728395062,637.79012345679,16.6980598821798,18.5564871573095,131.659160100434,243,False,1,0.301100573899701,2.1631551023455358,-0.7287110777113224
469,1,808.550847457627,637.737288135593,16.5881112384836,18.117154594988,120.783490324215,236,False,1,0.5136057859880904,-3.038538993251052,1.081491211582998
470,1,808.714893617021,637.8,16.6810919523205,17.9466278712245,115.428963291943,235,False,1,0.17562437287945212,0.3651393986032525,-2.8795069153252815
471,1,808.548936170213,637.88085106383,16.7045472938443,17.9197704265062,103.613348485677,235,False,1,0.1846043571356779,2.688253957732434,2.3231145591291815
472,1,808.491596638656,637.802521008403,16.7677334122944,18.0735993622321,78.8051535079342,238,False,1,0.0970742986705418,-2.2026936093981995,1.3922377400489534
473,1,808.282157676349,637.730290456432,16.3901979675909,18.726090091019,68.2874814336654,241,False,1,0.2215444234691058,-2.8094895747251347,-0.6067959653269352
474,1,808.295081967213,637.561475409836,16.5445331906489,18.8080518075685,61.9513176300047,244,False,1,0.16930905838600419,-1.4943865003608894,1.3151030743642451
475,1,808.306451612903,637.326612903226,16.9097869534796,18.7051315413384,55.4687893598214,248,False,1,0.23513754667060943,-1.5224242954213865,-0.028037795060496862
476,1,808.164609053498,637.057613168724,16.6146266632687,18.6669544510593,35.7271322385868,243,False,1,0.3041055225093791,-2.0560417485446116,-0.5336174531232252
477,1,807.744769874477,636.564853556485,16.3289703994505,18.653073731958,29.5047495036078,239,False,1,0.6473615463517267,-2.276459742932158,-0.2204179943875464
478,1,807.41908713693,635.97510373444,16.6999840168944,18.4471887005202,24.7315241386789,241,False,1,0.6737017872457934,-2.0753567655709015,0.20110297736125649
479,1,807.008510638298,635.451063829787,16.5428768924851,18.0942016188418,1.44548832011088,235,False,1,0.6657258316286162,-2.2353846396977595,-0.16002787412685793
480,1,806.612334801762,634.621145374449,16.0159997402855,18.0533452319567,178.564586378159,227,False,1,0.9196303257100614,-2.0161743007707713,0.21921033892698816
481,1,806.035874439462,634.179372197309,16.0592277638788,17.7072833782866,159.486066221938,223,False,1,0.7262713606796691,-2.4877063632819576,-0.4715320625111863
482,1,805.321100917431,633.899082568807,15.4257136573623,18.0665396172662,146.691106474036,218,False,1,0.7677652399284702,-2.7678824622409244,-0.2801760989589668
483,1,804.68778280543,633.402714932127,15.5628602368533,18.1759957322379,135.510549616642,221,False,1,0.8046568596189484,-2.476834620129773,0.2910478421111513
484,1,804.217391304348,633.069565217391,15.997769095227,18.396679352453,112.240392660369,230,False,1,0.5764172939102599,-2.525358381705074,-0.04852376157530092
485,1,803.231132075472,633.169811320755,14.9985286073457,18.0207347464987,105.056146951547,212,False,1,0.9913407828706842,3.04029777874669,-0.7175291467278218
486,1,802.430555555556,632.930555555556,15.3239231661758,17.9810832294882,85.3496526358709,216,False,1,0.8355633341775062,-2.851187257084469,0.39170027134842655
487,1,801.683962264151,632.575471698113,15.1641692590346,17.8648036728757,78.2603180871584,212,False,1,0.8267321746415679,-2.6976504193535265,0.15353683773094273
488,1,801.079069767442,632.651162790698,15.3374132916795,17.9249203402517,71.0591937844413,215,False,1,0.6096097719619933,3.01710820515974,-0.5684266826663205
489,1,800.235023041475,632.764976958525,15.3944047558357,18.0238081125644,61.2979248243803,217,False,1,0.8516857051834374,3.0075576821976857,-0.009550522962054497
490,1,799.666666666667,632.561904761905,15.0960523136784,17.8230353128371,56.1995645340905,210,False,1,0.6035455954813769,-2.7984317503219662,0.47719587465993385
491,1,799.015151515152,632.944444444444,15.1082241683036,16.7468260705524,35.352841591442,198,False,1,0.7555187630831371,2.610672343481978,-0.8740812133756428
492,1,798.293859649123,632.486842105263,16.4281000630515,17.6842614304682,5.4390641072264,228,False,1,0.8542024682845994,-2.5762477164303146,1.0962652472672936
493,1,797.756637168142,632.522123893805,15.8335065599392,18.1729506544047,177.308164449275,226,False,1,0.5383797903655663,3.0760123853706034,-0.6309252053786683
494,1,797.372294372294,632.658008658009,16.1268115262484,18.2358692653954,168.559761558493,231,False,1,0.40765678439464753,2.801757905213134,-0.27425448015746934
495,1,797.086956521739,632.804347826087,16.0862972053962,18.2249761803802,157.348456201716,230,False,1,0.32067560099443654,2.6677078382407085,-0.1340500669724256
496,1,796.70403587444,632.816143497758,15.9834545996112,17.8107715366306,151.988352742378,223,False,1,0.38310228398959895,3.110797911015627,0.44309007277491874
497,1,796.5,633.0,16.1587296497125,17.502997330942,131.086591828095,222,False,1,0.2746522373386932,2.4081707557631686,-0.7026271552524586
498,1,796.349137931035,633.137931034483,16.6743996126754,17.7196360962411,110.186103753739,232,False,1,0.20441216726496303,2.400940721644357,-0.0072300341188116235
499,1,796.204255319149,633.408510638298,16.8147889663126,17.8242524833603,112.001814377418,235,False,1,0.30692717903047556,2.06240231996668,-0.3385384016776771
500,1,795.94347826087,633.626086956522,16.7751131025472,17.4613514370261,101.161361411114,230,False,1,0.3396235097523707,2.446261505870342,0.38385918590366197
501,1,795.595652173913,633.439130434783,16.050322171666,18.2368168030559,83.1202443542794,230,False,1,0.39488698103207404,-2.648396996687965,1.1885268046212794
502,1,795.491304347826,633.313043478261,16.0701613970195,18.2439478430681,75.9589733549647,230,False,1,0.16366548021517688,-2.262133255563141,0.3862637411248242
503,1,795.402597402597,633.151515151515,16.3433205346255,18.0099820147401,57.9034298627265,231,False,1,0.1842832669376247,-2.0730041427230725,0.18912911284006828
504,1,795.258620689655,633.008620689655,16.2297672674262,18.2039935116494,46.0610489444555,232,False,1,0.20284999654882657,-2.3599670753899957,-0.2869629326669232
505,1,795.059574468085,632.748936170213,16.3042309946913,18.3674183324354,27.4203992563771,235,False,1,0.3271932883772449,-2.224769313631516,0.13519776175847964
506,1,794.90990990991,632.18018018018,15.4030877820991,18.3559918194904,12.0501311524521,222,False,1,0.58811806312358,-1.8281067705414504,0.39666254309006543
507,1,794.433497536946,631.571428571429,14.4804533536777,17.8823891111961,12.5053950343958,203,False,1,0.7730118176781132,-2.2348405239079803,-0.40673375336653006
508,1,794.195454545455,631.036363636364,15.1313072527227,18.5318462638688,179.037499862125,220,False,1,0.5856269721709716,-1.989389462357087,0.24545106155089336
509,1,794.004854368932,630.54854368932,14.5773366221033,18.0486686009545,174.566602005161,206,False,1,0.5237334513133195,-1.943275712263841,0.04611375009324581
510,1,793.147959183674,630.15306122449,13.9285689499024,18.019390220004,157.01381075423,196,False,1,0.9437561859434175,-2.7091922096397507,-0.7659164973759096
511,1,792.895,629.655,14.2305200940882,18.0058739818913,156.419708805923,200,False,1,0.558617339460111,-2.0407341885891546,0.6684580210505962
512,1,792.201086956522,629.815217391304,13.9523815062748,16.8331563404716,144.206805669845,184,False,1,0.7121691683758755,2.914679407385395,-1.3277717112050365
513,1,791.739884393064,629.826589595376,13.7488719336134,16.0697601020311,100.509476741368,173,False,1,0.4613427484697779,3.1169399282268277,0.20226052084143253
514,1,790.977777777778,629.472222222222,14.4482274009753,15.9619558203775,100.867718751639,180,False,1,0.8404657805162972,-2.7063481462502725,0.4598972327024864
515,1,791.176829268293,629.835365853659,12.2221128846891,17.2366070589311,65.8517202860748,164,False,1,0.4141192979439028,1.069386621673481,-2.5074505392558324
552,5,775.252873563218,625.16091954023,13.0375696459328,17.1480494487515,166.992282110958,174,False,1,0.44853695584146575,-2.8560655299367963,0.06372251771808943
553,5,775.0,625.496894409938,12.9481922913515,15.8915990332983,165.580986535682,161,False,1,0.42050463974837193,2.2159952268254437,-1.2111245504173453
554,5,774.748603351955,624.927374301676,13.5101263698647,16.9962498603291,161.031692282098,179,False,1,0.6225378931142085,-1.986490907445765,2.0806991729083775
555,5,774.587912087912,624.89010989011,13.8377191942214,16.8556443208417,154.034697457455,182,False,1,0.16495550524039965,-2.9137198419062464,-0.9272289344604814
556,5,774.452631578947,625.131578947369,14.3535805922101,16.946315383273,147.217458274837,190,False,1,0.2767817221554807,2.081466969433466,-1.287998495839874
557,5,774.053191489362,625.196808510638,14.4639491329764,16.5568465804413,141.370807745344,188,False,1,0.4047311219710655,2.9797189991515083,0.8982520297180425
558,5,773.923913043478,624.978260869565,14.3130181744322,16.3837915651501,120.829599888655,184,False,1,0.25392122398243755,-2.1049678608844298,1.1984984471436482
559,5,773.203703703704,624.320987654321,13.7228530269166,15.0484973397568,85.2914989536382,162,False,1,0.9750433695866422,-2.4018519730305545,-0.29688411214612476
560,5,773.253164556962,624.113924050633,13.066800774089,15.412480953974,59.3068969434631,158,False,1,0.21288896631168244,-1.3363220400473168,1.065529932983238
564,5,772.245283018868,622.911949685535,12.099509915279,16.837722667461,17.7474717853265,159,False,1,0.39215490953700716,-2.268588762761293,-0.233066680678494
565,5,772.173913043478,622.267080745342,12.1491340663456,16.9395161838186,14.9970090455752,161,False,1,0.6488063065451536,-1.6810213642715683,0.5875673984897247
566,5,772.068181818182,622.022727272727,12.9145361400612,17.4263468978558,5.64004192922825,176,False,1,0.26624746305196273,-1.979169023552022,-0.2981476592804535
567,5,771.944444444445,621.641975308642,12.7216474069405,16.2301393202536,177.5581923488,162,False,1,0.4003535884863524,-1.885011562822146,0.09415746072987607
568,5,771.65,621.211111111111,13.5964284623951,16.921309444422,174.837375889513,180,False,1,0.5218634759959899,-2.1702813653102595,-0.28526980248811373
569,5,771.133689839572,620.887700534759,14.3765090673157,16.6207912158497,175.056216758009,187,False,1,0.6092377062013921,-2.581995726642911,-0.4117143613326517
570,5,770.616161616162,620.883838383838,15.0652696700456,16.7994648340579,158.956776323077,198,False,1,0.5175426342202157,-3.134130105554469,-0.5521343789115578
571,5,770.037234042553,620.723404255319,14.7749410736275,16.2096490811138,146.905562385372,188,False,1,0.6007464066296727,-2.8712538077730283,0.2628762977814407
572,5,769.011428571429,620.794285714286,14.3635262870478,15.6008676612861,157.889362598897,175,False,1,1.028251450674066,3.0726039678450934,-0.3393275315614641
573,5,768.868852459016,620.267759562842,14.8955829167887,15.7549489836098,30.8282242937274,183,False,1,0.5454885296550835,-1.835240967532772,1.3753403718017205
574,5,769.085972850679,620.004524886878,15.6644885434439,18.0117673152312,57.5851054094592,221,False,1,0.3412239134435921,-0.8811052795208069,0.9541356880119656
575,5,768.831818181818,619.736363636364,15.5281250666451,18.0948002123413,50.14752537403,220,False,1,0.3694659009720668,-2.3293846129932922,-1.4482793334724855
576,5,768.183486238532,619.848623853211,15.2539973729429,18.2386618274363,53.6858531381844,218,False,1,0.6579792283738685,2.9701402690631893,-0.9836604251231051
577,5,767.627906976744,619.813953488372,15.1797302226646,18.0386466376954,34.9077326134755,215,False,1,0.5566599952637008,-3.079269476744581,0.2337755613718162
578,5,766.96052631579,619.719298245614,16.0033624391757,18.1632874201739,25.2329701288004,228,False,1,0.6740597611465665,-3.0007013980429273,0.07856807870165383
579,5,766.5,620.0,15.7529270784659,17.5977314119138,22.3670921440636,218,False,1,0.5393310323451805,2.5941997656588796,-0.6882841434777802
580,5,765.527027027027,620.189189189189,15.8224706882003,17.8639051504189,11.1567214753102,222,False,1,0.9911957200482545,2.94954463634921,0.3553448706903306
581,5,765.465437788019,620.433179723502,15.9109999843637,17.360988031912,178.401176095688,217,False,1,0.25164382606354857,1.8180557614283182,-1.1314888749208922
582,5,765.119469026549,620.37610619469,16.2885413480298,17.6799644172909,158.943901127086,226,False,1,0.35064479406391175,-2.9780978785497276,1.4870316672015402
583,5,765.07476635514,620.663551401869,15.5915413854221,17.4894750986656,144.62904385372,214,False,1,0.2909004571348416,1.7250776450967755,-1.5800097835330833
584,5,765.29756097561,620.736585365854,15.007880661306,17.4530046955904,149.690539392239,205,False,1,0.2344598106408801,0.3167699647019937,-1.4083076803947818
585,5,765.178217821782,620.757425742574,14.7475424737498,17.4829742490523,139.48453146975,202,False,1,0.12114912161238159,2.9687102290116734,2.6519402643096797
586,5,765.180904522613,620.819095477387,15.0088378325985,16.9070501464094,120.816599820874,199,False,1,0.06172823141205477,1.5272579040502763,-1.441452324961397
587,5,764.99481865285,620.533678756477,14.3127796448783,17.1647415311386,94.5982506249105,193,False,1,0.34072078818363893,-2.1485618992357804,2.6073655038935293
588,5,764.965517241379,620.699507389163,15.1015561132006,17.1414409761103,81.276156873562,203,False,1,0.1683974706838442,1.7456880300743833,-2.388935377869423
589,5,764.314136125655,620.078534031414,13.7443244746466,17.71892947559,59.6668140602803,191,False,1,0.8999473701033369,-2.3800887519173153,2.157408525187888
590,5,764.515625,620.171875,13.9253826416755,17.5601012463745,54.2692177210927,192,False,1,0.2220592328668111,0.4338229296488079,2.8139116815661236
591,5,764.092391304348,619.777173913044,13.0061971320701,18.0529176110504,43.0526869298628,184,False,1,0.5787190243801807,-2.391064071747548,-2.824887001396356
592,5,763.921787709497,619.301675977654,12.4762670883112,18.2868494374209,39.1020988462834,179,False,1,0.5051770710713094,-1.9152797424664079,0.4757843292811401
593,5,763.612021857924,619.120218579235,13.0867727022176,17.844455059334,27.9857459113744,183,False,1,0.35900093348311934,-2.6116880282271717,-0.6964082857607639
594,5,763.502590673575,618.632124352332,13.8088256301234,17.858413372482,18.400250737147,193,False,1,0.5002111138750459,-1.7913500820491584,0.8203379461780136
595,5,763.495,618.56,14.3288127890775,17.8501295248961,14.2276999625312,200,False,1,0.07252268972284803,-1.6756545676432217,0.11569551440593662
596,5,762.916256157635,618.07881773399,14.681517433688,17.6391040959355,176.383946588573,203,False,1,0.7526491933151095,-2.44798149392684,-0.7723269262836183
597,5,762.347150259067,618.020725388601,14.3405613417246,17.2635394751326,166.461429477481,193,False,1,0.572063147194115,-3.0398684735959027,-0.5918869796690629
598,5,761.649746192893,617.578680203046,14.7168315606544,17.1754955097716,167.374168849017,197,False,1,0.8256975097385532,-2.576659073298834,0.4632094002970688
599,5,761.131868131868,617.901098901099,14.3086195899962,16.1753473575346,131.601212263768,182,False,1,0.6100422140680964,2.584737995879863,-1.1217882380008888
600,5,761.31981981982,617.40990990991,15.6931925721764,18.0308193097826,93.7241167096517,222,False,1,0.5259205853256625,-1.2053388930637343,2.4931084182359893
601,5,760.636363636364,617.588516746412,14.9286127597585,17.8538926810834,93.0118456159889,209,False,1,0.7064083498583645,2.8859802658828806,-2.1918661482329718
602,5,759.770642201835,617.311926605505,15.3084638254457,18.2144515554024,70.2350338290233,218,False,1,0.9088320572304768,-2.8323515662325547,0.564853475064151
603,5,759.252212389381,617.172566371681,15.5280311915968,18.5702727494669,65.6833133803124,226,False,1,0.5368340015428942,-2.8789882868926133,-0.04663672066005864
604,5,758.515555555556,616.973333333333,16.0046988251332,17.9637576346455,60.8721709097408,225,False,1,0.7631232498033698,-2.877456132810307,0.0015321540823061142
605,5,758.068376068376,616.957264957265,16.1067043920482,18.5239497722321,38.9012449640542,234,False,1,0.44746808429660817,-3.1056753848786975,-0.22821925206839033
606,5,757.587719298246,617.302631578947,16.0839325852689,18.0389255321116,11.3583800541638,228,False,1,0.5918691021194952,2.5185379709805797,-0.658971951320309
607,5,757.155172413793,617.556034482759,16.4442508361121,17.9744862363746,8.68655184013092,232,False,1,0.5013081277122557,2.6116506112125077,0.093112640231928
608,5,756.859649122807,617.706140350877,16.3905675872219,17.7399294235879,165.846989790948,228,False,1,0.3314600838090283,2.6716192438550017,0.05996863264249397
609,5,756.635593220339,618.207627118644,16.5240760317662,18.2154194874073,163.826077088285,236,False,1,0.5492631661381759,1.9909720074769184,-0.6806472363780833
610,5,756.436440677966,618.639830508475,16.4073128816885,18.3482940460875,138.821474431451,236,False,1,0.4758797172763998,2.002582211898336,0.011610204421417691
611,5,756.489177489178,618.835497835498,16.2968529947752,18.0562920085152,125.71250660126,231,False,1,0.2026496339032932,1.3075292960049314,-0.6950529158934047
612,5,756.800865800866,618.974025974026,16.2548299138921,18.1002786632317,129.680368036735,231,False,1,0.34108598447735494,0.4182243295791276,-0.8893049664258039
613,5,756.763948497854,619.008583690987,16.3774895287321,18.125011287201,109.098480251087,233,False,1,0.050568004343048645,2.3891952423536007,1.9709709127744732
614,5,757.112554112554,619.272727272727,16.2229198028745,18.1407396000044,111.702853425358,231,False,1,0.4373759325509012,0.648420230054405,-1.7407750122991956
615,5,757.442060085837,619.31330472103,16.3101081115204,18.1924584743414,80.4158131615154,233,False,1,0.3319950537884572,0.12252941905429122,-0.5258908110001137
616,5,757.497890295359,619.240506329114,16.3972420836527,18.4384663143566,71.2649643135521,237,False,1,0.0917421286040935,-0.9165569517781433,-1.0390863708324343
617,5,757.559471365639,619.026431718062,16.0145961699647,18.1101064343642,64.1256059142104,227,False,1,0.22275584686810132,-1.2906971396735138,-0.3741401878953705
618,5,757.862385321101,618.302752293578,15.5492185380863,17.9329269645502,58.0925051701951,218,False,1,0.7845181794165843,-1.1743804616487579,0.11631667802475576
619,5,757.690476190476,618.004761904762,14.9847409129769,17.9241925367072,50.124130379298,210,False,1,0.3440218321836195,-2.094053495740319,-0.9196730340915611
620,5,757.425925925926,617.805555555556,15.2098187181363,18.0853475472754,32.3339209233611,216,False,1,0.3311646298104108,-2.4961743079706245,-0.40212081223030527
621,5,757.560747663551,617.261682242991,15.4217180564033,17.6721715082272,32.6376598529425,214,False,1,0.5603347937230255,-1.327802828489438,1.168371479481186
622,5,757.607929515419,616.916299559471,15.8669375871275,18.2429508310705,0.869627545429822,227,False,1,0.34859048354938016,-1.4350292460166487,-0.10722641752721085
623,5,757.719298245614,616.850877192983,15.8640538267776,18.331629281944,159.624365375274,228,False,1,0.12916299819277016,-0.5311324770071244,0.9038967690095241
624,5,757.336244541485,616.545851528384,16.0506142929157,18.1919118593968,149.154075620418,229,False,1,0.48966396264278345,-2.4691118844204873,-1.937979407413363
625,5,756.972602739726,616.566210045662,15.5281890889923,18.0050360008001,135.250848751748,219,False,1,0.36421124256718834,3.0856659504754242,-0.7284074722836742
626,5,756.401913875598,616.555023923445,15.0302952992325,17.7012096472303,128.506794107493,209,False,1,0.5707984836787388,-3.121994076026631,0.07552528067753084
627,5,755.909523809524,616.566666666667,15.2592077253188,17.5331581948294,114.900008025255,210,False,1,0.49252769530056395,3.1179516930597946,-0.043239538093160945
628,5,755.641509433962,616.212264150943,15.4656527688361,17.4723130283669,90.9247354358315,212,False,1,0.44433416328175857,-2.2182809143358613,0.9469526997839299
629,5,754.923444976077,616.22009569378,15.6291883535777,17.0512402567899,74.9221012726958,209,False,1,0.7181071638278754,3.1306866238454933,-0.9342177689982307
630,5,754.548387096774,616.299539170507,15.5404629749043,17.8097408383813,70.5236208392775,217,False,1,0.3833792884621291,2.932861245526873,-0.19782537831862035
631,5,754.328571428571,616.128571428571,14.9883718100836,17.9126110785881,61.6368512681134,210,False,1,0.27847602548560585,-2.4805494847382827,0.8697745769144305
632,5,754.454081632653,616.55612244898,14.1225183506037,17.6768307064652,43.6380998261727,196,False,1,0.44559251158591556,1.2852618144702646,-2.517374007971039
633,5,754.125,617.098958333333,14.5220009532011,16.8509585569322,37.9998734026247,192,False,1,0.6347956508128699,2.1157817431293933,0.8305199286591289
634,5,754.014851485149,616.866336633663,14.7783264788092,17.3970749767139,20.7615226392114,202,False,1,0.25738210987024374,-2.013027601413048,2.154375962637145
635,5,753.955223880597,617.164179104478,14.8522604280994,17.2335938373933,12.282659640218,201,False,1,0.3037525121637604,1.7683827081301524,-2.501774997636386
636,5,753.914141414141,617.737373737374,14.8531395345971,16.9795215509099,2.36008899649124,198,False,1,0.5746649947847404,1.6423467799594496,-0.12603592817070286
637,5,753.746268656717,617.661691542289,14.7829492492037,17.3548310524219,169.162865142139,201,False,1,0.1841441211063401,-2.7180481198302395,1.922790407389897
638,5,753.516587677725,617.777251184834,15.1253421830686,17.8040723032649,148.603233752367,211,False,1,0.257113560699997,2.6754433067936016,-0.889693880555745
639,5,753.540669856459,617.698564593301,14.7148059529848,18.1256631008436,142.285457983798,209,False,1,0.08228931291278406,-1.2737966444648163,2.333945355921168
640,5,753.580487804878,618.185365853659,14.8598630875764,17.6108149877585,134.074533538724,205,False,1,0.48842700181556203,1.4891829321235315,2.7629795765883483
641,5,753.884615384615,618.105769230769,15.1257929662541,17.5557110563006,123.554931744776,208,False,1,0.314371129609897,-0.25597955831150104,-1.7451624904350325
642,5,753.866336633663,617.985148514852,14.7783264788092,17.3970749767139,110.761522639211,202,False,1,0.12199782721309851,-1.7211911351308837,-1.4652115768193827
643,5,754.242718446602,618.155339805825,15.5111245735182,16.9504881852377,105.2027668255,206,False,1,0.4130718395561729,0.4246630482969335,2.145854183427817
644,5,754.409756097561,618.078048780488,15.3317651715732,17.0453323194412,94.8139638472331,205,False,1,0.18405292563696427,-0.43337824774018374,-0.8580412960371175
645,5,754.283653846154,617.836538461538,15.4461048785279,17.1579510696913,65.9108964977601,208,False,1,0.2724500173778731,-2.051998825739831,-1.6186205779996472
646,5,754.478468899522,617.760765550239,14.9842159452813,17.7926623436547,56.6629404978704,209,False,1,0.2090321484975358,-0.3709425708626519,1.6810562548771788
647,5,754.330188679245,617.77358490566,15.1817552044493,17.7914193034454,36.1604813424575,212,False,1,0.14883332825280254,3.055353506970632,-2.8568892293463026
648,5,754.256038647343,617.212560386474,14.8173784724312,17.8053637934793,35.0991492957323,207,False,1,0.5659034708842864,-1.7022036582964137,1.5256281419125406
649,5,754.059701492537,617.029850746269,14.830733529239,17.2450280644557,20.7535519568015,201,False,1,0.2681997221869799,-2.3921310761513777,-0.6899274178549639
650,5,754.04347826087,616.869565217391,15.0385420496222,17.54865392251,6.76691102749986,207,False,1,0.16110445063187076,-1.671667383511399,0.7204636926399788
651,5,753.463054187192,616.315270935961,14.6765852657585,17.6386962067233,172.343537450055,203,False,1,0.8025797503867499,-2.3792179787947356,-0.7075505952833367
652,5,753.5,616.480952380953,14.5600553727187,18.4597098383644,155.615909756726,210,False,1,0.16975080058326997,1.351392935559044,-2.5525743928258064
653,5,753.050251256281,616.160804020101,14.3666489990705,17.6743160403964,150.461125335496,199,False,1,0.5520587880227249,-2.522965659381107,2.408826712239435
654,5,752.941747572816,615.941747572816,15.1560853048171,17.3666913058455,138.537164971317,206,False,1,0.24445608280952452,-2.0306952921590784,0.49227036722202877
655,5,752.467661691542,615.910447761194,14.8378851499709,17.2696086244929,128.649445064789,201,False,1,0.47511798643164366,-3.0756669329021578,-1.0449716407430794
656,5,752.105527638191,616.065326633166,14.6671504847148,17.2602048190851,108.207506841403,199,False,1,0.3938636027609015,2.7374509921839203,-0.4700673820935073
657,5,752.408602150538,616.424731182796,13.4319913807526,17.6976486157145,89.5813244329947,186,False,1,0.470133800453719,0.8702232873691577,-1.8672277048147627
658,5,751.502590673575,616.269430051814,13.685573826105,18.0752445426233,80.1977509073499,193,False,1,0.9192253465134909,-2.9718305941311747,2.441131425679254
659,5,751.064516129032,616.247311827957,13.4771728493154,17.6668136169475,72.5022263885181,186,False,1,0.4386325596705985,-3.0911458558682408,-0.11931526173706608
660,5,750.994680851064,616.13829787234,13.729641380805,17.5632306191583,63.9682401373155,188,False,1,0.1294643138788792,-2.1405411554074707,0.9506047004607705
661,5,750.89010989011,616.21978021978,13.4575403285668,17.3469753096578,57.7934643029504,182,False,1,0.13256869471776608,2.4796600460926683,-1.6629841056794472
662,5,750.178947368421,616.510526315789,14.1103078769175,17.2927070111572,55.5813217025253,190,False,1,0.7683003479106467,2.753495626282029,0.2738355801893606
663,5,750.179190751445,617.161849710983,13.9011235462962,15.8999543597008,48.9254270901302,173,False,1,0.6513234406670548,1.5704226521893678,-1.183072974092661
664,5,750.079096045198,617.316384180791,14.3680070449653,15.6730342353598,49.2837621173221,177,False,1,0.1841191260503361,2.1455654216894344,0.5751427695000668
665,5,750.518292682927,617.262195121951,13.6475425331685,15.3067901574152,16.9444027190086,164,False,1,0.44252699430712905,-0.12276179355876712,-2.2683272152482017
666,5,750.138888888889,617.233333333333,13.9353366344509,16.5060250218014,157.691877053292,180,False,1,0.38049998918878686,-3.0656674559147565,-2.9429056623559893
667,5,750.487804878049,617.006097560976,12.8794069133134,16.2652060402428,149.359605285545,164,False,1,0.4163873962192007,-0.5772619749718285,2.4884054809429283
668,5,750.368421052632,617.157894736842,13.1158982426084,16.6364358329259,151.721758344828,171,False,1,0.19311882448921863,2.2372322432522775,2.814494218224106
669,5,750.461077844311,617.131736526946,12.7179324024966,16.7099295431073,140.729705991602,167,False,1,0.09627841393172416,-0.2751521873857979,-2.5123844306380754
670,5,750.309392265193,617.397790055249,13.3894613685817,17.1929689916994,120.615228471549,181,False,1,0.30625642007116793,2.088964334859846,2.3641165222456433
671,5,750.486033519553,617.463687150838,13.6824792364577,16.6483566039213,116.765171516438,179,False,1,0.188532649556913,0.3570653317160155,-1.7318990031438304
672,5,750.481081081081,617.464864864865,14.0745067067335,16.7287282863419,108.135108805757,185,False,1,0.005090545859511649,2.908124273458775,2.5510589417427596
673,5,750.335135135135,617.486486486487,13.9257823672983,16.9326860810769,99.2852088568473,185,False,1,0.14753885474556194,2.994514298198963,0.08639002474018787
674,5,750.637931034483,617.132183908046,13.4774540880254,16.4946391590348,94.7009959970266,174,False,1,0.4660640232327323,-0.8636232372732878,2.4250477717073355
675,5,750.629834254144,617.022099447514,14.1644366830832,16.3023078579086,80.4526606462148,181,False,1,0.11038182052529134,-1.6442147469826152,-0.7805915097093274
676,5,750.717391304348,616.951086956522,14.4794129815659,16.1913826438937,78.1304921280271,184,False,1,0.11273424908746663,-0.6814380134812169,0.9627767335013981
677,5,750.588235294118,616.494117647059,13.6173362030193,15.8980790028109,67.552645577779,170,False,1,0.47487074532923196,-1.846247781032142,-1.164809767550925
678,5,750.328125,616.567708333333,14.2213255541207,17.1913125116322,44.8773859146814,192,False,1,0.2703200958353599,2.865877289982732,-1.571060236164712
679,5,750.188481675393,616.534031413613,14.7040696124616,16.5247473660656,27.2412310579246,191,False,1,0.14364676477088067,-2.9049475145694443,0.5123605026274101
680,5,749.916230366492,616.193717277487,14.4796857103719,16.8359137410515,9.46668509992148,191,False,1,0.43581473867394377,-2.2455372690188975,0.6594102455505468
681,5,750.067708333333,616.208333333333,14.8187451356034,16.5595993550713,177.787117409975,192,False,1,0.15218148220725589,0.09619186301723902,2.3417291320361366
682,5,749.814432989691,616.278350515464,14.5212389559422,17.1242489004492,154.688644430824,194,False,1,0.2627751995347961,2.8718817748816754,2.7756899118644363
683,5,749.148351648352,616.340659340659,13.4931139548665,17.2503077560949,136.699150205537,182,False,1,0.6689893444421654,3.048318723941687,0.17643694906001173
684,5,748.875,616.392045454546,13.0138073860344,17.2475238121237,122.59622354079,176,False,1,0.27813963463905755,2.9557758480471903,-0.09254287589449683
685,5,748.287356321839,616.33908045977,12.6904009792768,17.4915366707165,117.036725987846,174,False,1,0.590025747873986,-3.0517043943702604,0.2757050647621355
686,5,747.429347826087,615.869565217391,13.5680291381746,17.2976495462131,117.582243964687,184,False,1,0.9780711332049061,-2.640890042006785,0.4108143523634755
687,5,747.260638297872,615.872340425532,13.1571207265654,18.2678055147355,102.819000358149,188,False,1,0.16873235223499655,3.1251445140190657,-0.5171507511537357
688,5,746.598870056497,615.723163841808,13.3086239090967,17.0146381948413,96.5244364059939,177,False,1,0.6783736864177928,-2.9198773537957092,0.23816343936481132
689,5,746.112426035503,615.692307692308,13.1206685344011,16.4507772435148,94.9181179732665,169,False,1,0.4874216732182445,-3.0782454579262883,-0.1583681041305791
690,5,745.543859649123,615.777777777778,13.2885981555708,16.3777191269851,90.975170544991,171,False,1,0.5749546688491701,2.9923842820407605,-0.21255556721253654
691,5,745.373493975904,616.042168674699,13.3962296551597,15.817213102486,93.5529689522592,166,False,1,0.31452664272845077,2.1432038359650365,-0.849180446075724
692,5,745.06875,616.2625,13.5165345789518,15.0872518364347,89.7592905386596,160,False,1,0.37605157061055833,2.515593562677189,0.3723897267121523
694,5,745.290909090909,616.290909090909,14.0656175742027,15.0500780242919,85.5307260278838,165,False,1,0.11198408159176394,0.12718695676793865,-1.194203302954625
695,5,745.074074074074,616.413580246914,14.084117251246,14.7337936990456,102.493512139415,162,False,1,0.24912975944561747,2.6267491502518765,2.4995621934839374
696,5,745.464285714286,615.946428571429,13.8988124525257,15.6386127801806,157.438994359695,168,False,1,0.6086836715941469,-0.8748987114769696,2.7815374454507396
697,5,745.023391812866,615.549707602339,13.3027038913131,16.5602307594465,133.191790005894,171,False,1,0.5931061959085339,-2.4088822487696904,-1.5339835372927206
698,5,744.912790697674,615.686046511628,12.7617375778925,17.3016263586063,130.951693326197,172,False,1,0.17555883591490248,2.252342559886683,-1.6219604985232134
702,5,745.675,615.775,11.7321005688677,17.4659043923289,105.626850881072,160,False,1,0.19184559931845319,0.11617925339897112,-0.534040826621928
704,5,745.298245614035,615.877192982456,12.2199471147296,18.0143596135263,85.7078587318696,171,False,1,0.19518406249430334,2.8767201857476845,1.3802704661743568
706,5,745.662721893491,615.627218934911,12.6560299914464,17.2402185583581,70.1030917989898,169,False,1,0.22098075862628794,-0.601162310318326,1.4026514055567878
707,5,745.49375,615.34375,12.5295263857639,16.3957225686593,66.3329030325564,160,False,1,0.3300092996409447,-2.1083329937235225,-1.5071706834051963
708,5,745.898089171975,614.713375796178,13.0491898232366,15.4279440117671,70.8936336757366,157,False,1,0.7489070722310848,-1.000471292998492,1.1078617007250307
712,5,744.654970760234,614.374269005848,13.6710761521503,15.9332356445058,171.629572439734,171,False,1,0.32213514253117537,-2.8752848271832345,-0.4687033835461856
714,5,744.248520710059,614.863905325444,12.8269513735728,16.7899001167674,139.649156841347,169,False,1,0.31817658963020556,2.263626925851829,-0.5721367770722612
715,5,744.100591715976,614.857988165681,12.3531981302067,17.438387283174,132.657503557899,169,False,1,0.14804728997883596,-3.101613966469143,0.9179444148586144
716,5,743.890804597701,614.626436781609,12.8480284838077,17.2832719936564,124.555308296075,174,False,1,0.31245268195325615,-2.3069201835234945,0.7946937829456484
717,5,743.121951219512,614.530487804878,12.704666293446,16.4627323218977,121.596073105927,164,False,1,0.7748172192772125,-3.01743961351106,-0.7105194299875657
718,5,742.76,614.291428571429,13.3663673820768,16.6824892476258,114.820238068474,175,False,1,0.43377183219225407,-2.5578898052140158,0.4595498082970444
719,5,741.97005988024,614.431137724551,13.2984337349194,15.9998617854801,124.802327394694,167,False,1,0.8021995015409156,2.9665424070548223,-0.7587530949107482
720,5,741.676646706587,614.425149700599,13.4466418101113,15.8318294016164,123.801586097139,167,False,1,0.293474269577371,-3.121187322903603,0.19545557722116058
721,5,741.095238095238,614.452380952381,13.5772933588785,15.743463771744,124.13728071516,168,False,1,0.5820459727757238,3.094790172088966,-0.06720781218701788
722,5,741.772020725389,614.119170984456,14.6593044193714,16.7988515674045,71.4597419706501,193,False,1,0.754363049995623,-0.45750419181088825,2.730890943279732
723,5,741.377551020408,614.142857142857,15.7097438369291,15.945851215454,5.39573339242628,196,False,1,0.395180189594077,3.0816190917585784,-2.7440620236101196
724,5,741.512195121951,613.848780487805,15.4251693230729,16.9405932376257,12.3322166740873,205,False,1,0.32343486690041356,-1.1414304405024809,2.0601357749185265
725,5,741.630331753555,613.744075829384,15.6132224769087,17.2422786407577,11.1538873803931,211,False,1,0.15785857348210003,-0.7251950404806203,0.41623540002186044
726,5,741.380090497738,613.705882352941,15.7526770427941,17.873211798778,8.70193316067761,221,False,1,0.2531391470232186,-2.9901348819627587,-2.2649398414821382
727,5,741.45145631068,614.067961165049,15.3269404976174,17.1696981436862,176.747021613912,206,False,1,0.3690449097798877,1.376190566989455,-1.9168598582273724
728,5,741.259433962264,614.330188679245,15.3357933634157,17.6622313808509,161.304528791012,212,False,1,0.32501669417521833,2.2028558358578105,0.8266652688683553
729,5,741.358490566038,614.216981132076,15.3398938129877,17.652590917512,150.254756788188,212,False,1,0.15042659168933697,-0.8519663271679399,-3.0548221630257504
730,5,741.26455026455,614.296296296296,14.2483479328854,16.9757006775851,126.938053738718,189,False,1,0.12294582351137376,2.44040855514894,-2.9908104248627065
731,5,740.957446808511,613.968085106383,14.0001035110446,17.2205568146979,110.193648929174,188,False,1,0.44948316753267686,-2.322982643685649,1.519794108344998
732,5,741.161458333333,614.114583333333,14.0469232766726,17.5301676067396,93.7634813481851,192,False,1,0.2511621642678467,0.6227626878521152,2.945745331537764
733,5,741.309941520468,613.824561403509,12.4746717840908,17.6042222287377,87.3310584911918,171,False,1,0.3258220014679482,-1.0976168354038607,-1.7203795232559758
734,5,741.728260869565,613.701086956522,13.1166893452306,18.0010292537258,81.519522370254,184,False,1,0.4361616866343591,-0.28701780775601743,0.810599027647843
735,5,741.705882352941,613.505882352941,12.6026640936753,17.3279776459655,75.1306750789547,170,False,1,0.19648316789363945,-1.6849393569712963,-1.3979215492152788
736,5,742.356321839081,613.419540229885,12.7671649894665,17.5136102119311,74.3499170737537,174,False,1,0.6561451724610433,-0.1319727261996699,1.5529666307716266
745,6,741.341317365269,612.652694610778,12.5547760546989,17.0387859874757,149.995094459124,167,False,1,0.14134653525875807,-2.4945747190413026,-0.26251133253795916
748,6,740.04938271605,612.475308641975,13.1449058197241,15.7339677025883,132.605453510826,162,False,1,0.43468518873890755,-3.005143246758419,-0.17018950923903878
749,6,739.442307692308,612.583333333333,13.1680343662479,15.1023021762034,139.175626387162,156,False,1,0.6166112376484811,2.965492967484072,-0.3125490929370951
750,6,739.469512195122,612.737804878049,13.5607998905593,15.4150588730024,123.163552824883,164,False,1,0.15684879056053158,1.3964705881052137,-1.5690223793788585
751,6,739.036363636364,613.054545454545,13.5235351987061,15.5770740320119,111.187103907197,165,False,1,0.5366025221270744,2.5101988915105684,1.1137283034053542
752,6,739.394594594595,612.85945945946,14.1181666908437,16.7444967913569,67.8105524305627,185,False,1,0.40790680910400245,-0.4986737095689669,-3.0088726010795352
753,6,738.941798941799,612.846560846561,14.3402818376636,16.8547961121861,59.3093032005366,189,False,1,0.4529793344134726,-3.113113745944306,-2.6144400363753393
754,6,739.070754716981,612.58962264151,15.0516155149352,17.9883261552189,46.574907594531,212,False,1,0.2874836224337664,-1.1056345674583594,2.007479178485947
755,6,738.68544600939,612.845070422535,15.1482159073771,17.9116528391406,29.51193899551,213,False,1,0.46229467764186655,2.556154249187546,-2.621396490533681
756,6,738.511312217195,613.276018099548,15.408136332372,18.2772014884089,27.9879305374509,221,False,1,0.4647993953386021,1.9548079176876445,-0.6013463314999017
757,6,737.977876106195,613.597345132743,15.7711777798253,18.2721527116898,8.70980967754548,226,False,1,0.6227400314583678,2.599430783473213,0.6446228657855686
758,6,737.674107142857,614.053571428572,15.4958635566413,18.4523748784367,2.86267759447806,224,False,1,0.5481040194098958,2.1582191854949957,-0.4412115979782172
759,6,737.581081081081,614.495495495495,15.9224746682719,17.7507749194968,173.086044623586,222,False,1,0.451609044523347,1.7782696199753214,-0.3799495655196745
760,6,737.402714932127,614.859728506787,15.921892998985,17.6978133132609,167.021295967191,221,False,1,0.4055615484824872,2.026172788639154,0.24790316866383222
761,6,737.069868995633,615.004366812227,16.4509411153959,17.7009338450262,140.477563045241,229,False,1,0.36291411772087057,2.7316606955067906,0.7054879068676367
762,6,737.147058823529,615.344537815126,16.6717252490167,18.2183724821774,133.710989029228,238,False,1,0.3488188365670387,1.3476601194259408,-1.3840005760808498
763,6,737.187772925764,615.676855895197,16.3767191005126,17.8503131944626,113.144126978692,229,False,1,0.3348028441678243,1.4488883925845861,0.10122827315864535
764,6,737.417777777778,615.786666666667,16.299360484614,17.6212325178156,82.8429859563361,225,False,1,0.254873767737757,0.4454275545950737,-1.0034608379895125
765,6,737.230769230769,615.711538461539,15.1338012585848,17.5240497551418,63.412364417611,208,False,1,0.20153521741909028,-2.7595899789663862,3.0781677736181265
766,6,737.085427135678,615.844221105528,14.4380580093008,17.5505660248212,61.747016361879,199,False,1,0.19679687147257283,2.4016966028828817,-1.1218987253303183
767,6,737.321608040201,615.603015075377,13.8879984685552,18.2713302939008,53.0087896473067,199,False,1,0.3375822398209788,-0.7959240904288228,3.0855646138678816
768,6,737.430769230769,615.492307692308,13.667843401331,18.1521945563159,45.5778679968886,195,False,1,0.15547440365604712,-0.7924303962797759,0.0034936941490468776
769,6,737.193548387097,615.478494623656,13.143133519736,18.0449163995882,41.0643880639488,186,False,1,0.23762266208846525,-3.0834295990312723,-2.2909992027514967
770,6,737.20652173913,615.385869565217,12.978967347024,18.0399053085792,36.4398156649974,184,False,1,0.09352918963511951,-1.4316385071959226,1.6517910918353493
771,6,737.547872340426,615.053191489362,13.2059784309867,18.1924985821811,32.7843361647488,188,False,1,0.4766496985834832,-0.7725321723827869,0.6591063348131359
772,6,737.363636363636,614.860962566845,13.2347057361247,18.0136732895852,22.2444093651639,187,False,1,0.26626087545072963,-2.33496609666588,-1.562433924283093
773,6,737.073863636364,614.227272727273,12.9669363518626,17.2768711438958,15.8140440350869,176,False,1,0.6968005785356152,-1.999686528933041,0.33527956773283885
774,6,736.857923497268,613.928961748634,13.591473890178,17.1589907736467,12.7884780238,183,False,1,0.36826564277613927,-2.1973673367090076,-0.19768080777596664
775,6,736.743315508021,613.983957219251,13.8449221388473,17.2266406587205,8.26825230736962,187,False,1,0.1271199944446241,2.6941887319546147,-1.3916292385159643
776,6,736.475138121547,613.839779005525,13.6440693898824,16.9328856314054,171.790437464371,181,False,1,0.3044773685009446,-2.648301911217909,0.9406946640070624
777,6,736.143617021277,613.81914893617,14.3718339259942,16.7332399022237,171.658410839088,188,False,1,0.3321623694608524,-3.0794442659970342,-0.4311423547791251
778,6,735.86432160804,614.276381909548,14.5818369210578,17.4253334933875,145.630296820389,199,False,1,0.5357871963749892,2.119147075834914,-1.0845939653476382
779,6,735.188481675393,614.041884816754,14.6503408209536,16.6332897200368,138.507892118007,191,False,1,0.7153659910068438,-2.8076185085344427,1.3564197228102302
780,6,734.974489795918,613.984693877551,14.9145914869961,16.7450871262833,115.126791397437,196,False,1,0.22150243341361497,-2.880438715627144,-0.07282020709270132
781,6,734.886699507389,614.152709359606,14.9729272589756,17.2704203091254,102.763433428831,203,False,1,0.18956881855983515,2.0522917706170607,-1.350454820935381
782,6,734.424657534247,614.063926940639,15.265586532754,18.3460444525394,79.0217863500867,219,False,1,0.47049453010914266,-2.9517542389990323,1.2791392975634928
783,6,734.286384976526,614.422535211268,15.0035129655682,18.1486541722332,69.3109639323418,213,False,1,0.3843425451107731,1.9388111224752742,-1.3926199457052792
784,6,734.0,614.413461538462,14.7698384246844,17.9968301813779,59.7662063791476,208,False,1,0.28652868323785297,-3.1099197685010154,1.234454416203297
785,6,733.443902439024,614.731707317073,14.7983058692204,17.7242647355167,56.4481619967952,205,False,1,0.640722149552492,2.6218018585054685,-0.5514636801731019
786,6,733.138248847926,614.78801843318,15.4893510422389,17.9095246717176,48.236908396834,217,False,1,0.3107974574354333,2.9594037523860752,0.3376018938806067
787,6,732.764150943396,615.02358490566,15.3855378593204,17.5748938663293,30.4614554581527,212,False,1,0.4420868750940075,2.5796264002498823,-0.3797773521361929
788,6,732.308035714286,615.084821428571,15.9809152813015,17.8998778594746,17.7166041666349,224,False,1,0.46020757703917975,3.0081339988141633,0.428507598564281
789,6,731.857142857143,615.216589861751,15.5346544448494,17.790205484818,2.26655435143046,217,False,1,0.4697523694514979,2.8572712540890515,-0.15086274472511185
790,6,731.885321100917,615.55504587156,15.1876607827464,18.2684594216648,170.617702391516,218,False,1,0.3396269777240849,1.4877326283119299,-1.3695386257771216
791,6,731.568720379147,616.104265402844,15.2279502984655,17.656875225865,161.532157014063,211,False,1,0.633938570028061,2.0937239052383054,0.6059912769263756
792,6,731.45945945946,616.396396396397,15.6951263277213,18.0576185111927,165.949787829721,222,False,1,0.3118949598263418,1.9287017929150123,-0.16502211232329334
793,6,731.433179723502,616.834101382489,15.6743905216193,17.7087244032007,162.084401203874,217,False,1,0.43849319193332176,1.6307641757838907,-0.29793761713112143
794,6,731.149321266968,616.950226244344,15.958535147833,17.637534232678,133.026891771548,221,False,1,0.3066930173426294,2.7532710750642653,1.1225068992803742
795,6,731.158371040724,617.135746606335,16.3175954061302,17.2448205302871,131.42312819486,221,False,1,0.18574095702974766,1.522054475482967,-1.2312165995812983
796,6,731.339366515837,617.276018099548,15.8108411134302,17.7887542061889,100.287608962231,221,False,1,0.22898789011557003,0.6593100683340057,-0.8627444071489614
797,6,731.378378378378,617.486486486487,15.8109401142737,17.8746835353885,86.8534835073074,222,False,1,0.21405342164899835,1.3875190578688,0.7282089895347941
798,6,731.582938388626,617.184834123223,15.0061427907158,17.9339954830706,86.7161899689621,211,False,1,0.36447077531045724,-0.9748983809212756,-2.3624174387900756
799,6,731.803738317757,617.345794392523,15.3198396958069,17.8028440828079,73.4426803285585,214,False,1,0.2732413164172035,0.6299165738833316,1.6048149548046071
800,6,731.642533936652,617.533936651584,15.4193741816745,18.2446634314442,66.8542710995802,221,False,1,0.24775867720841002,2.2792374651628236,1.6493208912794923
801,6,731.636363636364,617.068181818182,15.6173267748225,17.9964623781292,57.2193802222475,220,False,1,0.46579570354713506,-1.5840435094405687,2.419904332576194
802,6,731.536036036036,617.153153153153,15.553087857316,18.2112968319429,52.3597296360003,222,False,1,0.13147530245002964,2.438878474745811,-2.2602633229932065
803,6,731.52466367713,617.116591928251,15.798915502322,17.9879443098498,39.7075506316422,223,False,1,0.038289080864162585,-1.8723594020765815,1.9719474303571936
804,6,731.295454545455,616.659090909091,15.3234694678829,18.3076882417228,26.832852981114,220,False,1,0.5117069557623989,-2.035245574529574,-0.16288617245299264
805,6,731.24537037037,616.347222222222,15.2823042026661,18.0124331755011,16.8482112263372,216,False,1,0.3158646900863825,-1.7300305058180572,0.30521506871151693
806,6,731.138095238095,615.952380952381,15.2930618942398,17.4811434355074,2.17032843842308,210,False,1,0.4091547169155494,-1.8360843295162879,-0.10605382369823069
807,6,731.366071428572,616.214285714286,15.5792233392859,18.3258709218036,174.049608375353,224,False,1,0.3472279477993199,0.8545465504414381,2.690630879957726
808,6,730.692307692308,615.909502262444,15.2215785049004,18.5500857483896,163.805692137409,221,False,1,0.7394934244611137,-2.7167782680273356,2.711860488710812
809,6,730.063106796117,615.781553398058,14.2314522511163,18.4563957655426,154.707932332966,206,False,1,0.6420784061663529,-2.9409767090310748,-0.2241984410037392
810,6,729.986363636364,615.695454545455,15.3150407021428,18.3629776936997,136.942644661083,220,False,1,0.11533657264037377,-2.2988050038947327,0.642171705136342
811,6,729.735576923077,615.908653846154,14.5096374044278,18.311065685373,125.851645031857,208,False,1,0.3291624483136237,2.437027769968693,-1.547352533316161
812,6,728.868292682927,615.990243902439,14.4212552305504,18.1415043271746,123.919797915429,205,False,1,0.8711135921894878,3.0477933806954476,0.6107656107267547
813,6,728.308457711443,615.925373134328,15.0639905080976,17.0127861905221,108.989703290996,201,False,1,0.5635808831496648,-3.0262323261164723,0.20915960036766634
814,6,728.189054726368,615.786069651741,15.0576599833947,17.0227405244459,102.562591281462,201,False,1,0.18347352153837826,-2.279422598924247,0.7468097271922254
815,6,727.841530054645,615.808743169399,14.8406309241669,15.7123484243708,102.934103231291,183,False,1,0.34826352932683713,3.0764420889128723,-0.927320619342467
816,6,727.565445026178,616.073298429319,14.6701182770559,16.5982603999865,56.9662632083635,191,False,1,0.38237733784174033,2.377517394427734,-0.6989246944851382
817,6,727.901734104046,616.462427745665,13.4916224811573,16.3945630016726,39.1048384669113,173,False,1,0.5143072707371769,0.8581107961461105,-1.5194065982816236
818,6,727.935294117647,616.176470588235,12.9255405097573,16.7806040542889,20.0614043212111,170,False,1,0.2879197290883618,-1.453970450086252,-2.3120812462323626
820,6,727.216049382716,616.592592592593,12.3036475987354,16.8121927311534,15.9786736209214,162,False,1,0.4154727762551834,2.6170914608816123,-1.106061698105861
854,7,716.70652173913,618.396739130435,13.6612839194179,17.3052829747887,12.615249264582,184,False,1,0.313625297143024,2.9715820779644937,0.010426194620084747
872,8,713.955414012739,619.458598726115,12.1657729941883,16.4997111588696,168.752289480939,157,False,1,0.1638289864457287,2.7732347021726445,-0.011019298655102736
879,9,710.987341772152,619.392405063291,12.9751843317914,15.5087102067539,121.914553272307,158,False,1,0.42411575302756555,-3.1192944457373315,0.055808022752801535
880,9,710.874251497006,619.479041916168,13.6858359124091,15.5292120668222,111.975153898396,167,False,1,0.14246176542861563,2.4878758737872095,-0.6760149876550443
881,9,710.243902439024,619.518292682927,13.8905067726059,15.0365106739569,104.480914851444,164,False,1,0.6315699150449213,3.079404641392969,0.5915287676057597
882,9,710.424242424242,620.024242424243,13.1200704435461,16.0696996967097,84.303462867031,165,False,1,0.5371290822568442,1.2283971722461553,-1.851007469146814
884,9,709.878048780488,620.237804878049,13.5674020782829,15.5501517333651,71.5994703799774,164,False,1,0.2932304631825204,2.7688677197343274,0.7702352737440861
888,9,709.51724137931,620.298850574713,13.4973048693759,16.5945028280929,8.13005037288924,174,False,1,0.09148379563686079,2.9739879843878345,0.05128006616337677
889,9,709.626582278481,620.493670886076,12.1259653631941,17.09082674944,176.627260186703,158,False,1,0.22340632477859373,1.0593647375860076,-1.914623246801827
890,9,709.188679245283,621.006289308176,12.5028364458092,16.6348703960824,178.427944270334,159,False,1,0.6741933796473589,2.2777511521469083,1.218386414560901
892,9,708.472727272727,621.333333333333,13.3856836692916,16.2586249421814,148.823437982193,165,False,1,0.39355591133846224,2.713101532268842,0.2176751900609668
897,9,707.26875,621.45625,12.7867176596117,16.0814676411506,65.8914337132264,160,False,1,0.24204708469119454,3.039852965893146,0.06535028672486085
2,2,927.134782608696,506.726086956522,16.6998654724565,17.5342369336812,26.1654706046707,230,False,2,,,
3,2,927.63179916318,505.702928870293,17.2743035774499,17.6438649123577,144.744507795862,239,False,2,1.13748754931509,-1.118599718260238,
4,2,927.443137254902,504.721568627451,17.6407278440785,18.4147972993978,161.40037510859,255,False,2,0.9993303967487489,-1.760724460570203,-0.642124742309965
5,2,926.628099173554,503.99173553719,17.3152159154403,17.8029336907248,80.3657596152466,242,False,2,1.0940490910774512,-2.4112921286574664,-0.6505676680872634
6,2,925.876595744681,503.582978723404,16.8659227414286,17.7367155961584,162.18498658151,235,False,2,0.8554762044758036,-2.6434303262152596,-0.2321381975577932
7,2,924.5,503.859504132231,17.3961582925245,17.7186459195713,90.0,242,False,2,1.404094778140299,2.9433546753383166,-0.6964003056260104
8,2,923.573275862069,504.323275862069,17.1916351365498,17.208658606483,112.520565602896,232,False,2,1.036292355091451,2.6775914649941166,-0.26576321034420003
9,2,923.930769230769,505.326923076923,17.8258977947313,18.5809209203868,69.7385762892479,260,False,2,1.0654150555293602,1.2286139361348682,-1.4489775288592484
10,2,924.036585365854,506.004065040651,17.332319055887,18.0709962604953,88.7118703270335,246,False,2,0.6853599736531151,1.415781271916023,0.18716733578115452
11,2,924.742857142857,506.628571428572,17.5289724882978,17.8098923736681,92.1126287554637,245,False,2,0.9427767771562641,0.7240335175044029,-0.6917477544116202
12,2,925.858333333333,506.570833333333,17.4528157294488,17.517548369897,175.922520238126,240,False,2,1.1169694799593461,-0.05171478745527034,-0.7757483049596732
13,2,926.451612903226,506.052419354839,17.608806490829,17.9527190495878,27.0979147480873,248,False,2,0.7878665503436036,-0.7181559614308907,-0.6664411739756204
14,2,926.494023904383,504.964143426295,17.5382473948526,18.2380859637216,150.469419585828,251,False,2,1.0891020106801255,-1.5318452213083582,-0.8136892598774677
15,2,925.908366533865,503.729083665339,17.6825002828225,18.0965919876122,83.9825288822654,251,False,2,1.3668822805109277,-2.0135864654555045,-0.4817412441471465
16,2,925.110204081633,503.363265306123,17.5205940172685,17.8377213739872,96.4588211661541,245,False,2,0.878001350848842,-2.7118366882978973,-0.6982502228423928
17,2,923.59126984127,503.59126984127,17.7080406582901,18.1055108685042,44.9999999999997,252,False,2,1.5359515925297837,2.992596856134469,-0.5787517627472205
18,2,922.913223140496,504.165289256198,17.3119494561948,17.8024963554504,178.576307930108,242,False,2,0.8883949668614319,2.439088598689303,-0.553508257445166
19,2,922.636363636364,505.173553719008,17.2616798130637,17.8663193831059,133.100120069461,242,False,2,1.0455852007339366,1.8387814764634693,-0.6003071222258338
20,2,922.576763485477,506.070539419087,17.0563847711638,17.9748912327652,101.05319035366,241,False,2,0.8989635833180389,1.6371437305004117,-0.2016377459630574
21,2,923.253012048193,506.646586345382,17.5652785202819,18.0642699175026,110.915532478965,249,False,2,0.8883367491381129,0.7055538976453927,-0.931589832855019
22,2,924.323886639676,506.534412955466,17.6688818182905,17.7980082263941,73.0139164917205,247,False,2,1.0767336068355144,-0.1043687090890419,-0.8099226067344345
23,2,925.399176954732,505.98353909465,17.3409093560441,17.8723859357381,6.17640655545618,243,False,2,1.2081851150314629,-0.4734410594555221,-0.36907235036648034
24,2,925.48347107438,505.070247933884,17.3652459986752,17.7461795109544,96.7989869525552,242,False,2,0.9171729623906978,-1.4787599872137949,-1.0053189277582728
25,2,925.275303643725,503.97975708502,17.3181083381921,18.1477719412187,94.6081699083844,247,False,2,1.1101819538442945,-1.7594203373379018,-0.28066035012410673
26,2,924.493827160494,503.17695473251,17.504544876916,17.6896772807661,82.2426636677839,243,False,2,1.1203557966283442,-2.3427343713805513,-0.5833140340426493
27,2,923.054852320675,503.333333333333,17.0559495589757,17.6872351339526,5.74063105703279,237,False,2,1.4474470133402244,3.0333438405120314,-0.9071070952870031
28,2,922.017021276596,503.604255319149,17.0392611373461,17.5500480484428,6.77907582837439,235,False,2,1.0726099004076781,2.8862447676813576,-0.1470990728306738
29,2,921.51914893617,504.804255319149,17.0650080159417,17.555158788887,118.235276055877,235,False,2,1.2991831538936989,1.964075731849089,-0.922169035832269
30,2,921.535864978903,505.991561181435,17.0126424689861,17.7212287086025,92.6869701474703,237,False,2,1.1874235287812605,1.556718287660112,-0.4073574441889769
31,2,922.418699186992,506.89430894309,17.531386087788,17.8878665913844,61.6571918049626,246,False,2,1.2626756353653228,0.796550117423124,-0.7601681702369882
32,2,923.261224489796,507.277551020408,17.2854177709281,18.04348964743,41.7907341381583,245,False,2,0.9255935261722665,0.42689898270722715,-0.36965113471589683
33,2,923.9377593361,506.784232365145,17.041452850513,18.0078895563207,15.3492227171453,241,False,2,0.8372948667549615,-0.6300454864257041,-1.0569444691329313
34,2,924.348547717842,506.211618257261,17.4427134507934,17.5970389000961,38.8017640164442,241,False,2,0.7047226483674035,-0.9484934556086523,-0.31844796918294804
35,2,924.264227642276,505.451219512195,17.5652152090151,17.8393677433827,42.4840328885853,246,False,2,0.7650595575780105,-1.6812344248546163,-0.7327409692459641
36,2,923.264227642276,504.451219512195,17.5652152090151,17.8393677433827,42.4840328885853,246,False,2,1.4142135623730951,-2.356194490192345,-0.6749600653377286
37,2,922.080168776371,503.708860759494,17.0291472801252,17.7233952087034,6.05191418346733,237,False,2,1.3975306492667419,-2.5815844102378986,-0.2253899200455538
38,2,920.747933884297,504.140495867769,17.3143170121675,17.7970009670973,118.126403149409,242,False,2,1.4004137511303503,2.8282715975813795,-0.8733292993603072
39,2,919.774058577406,505.217573221757,17.2170607486696,17.6864448809102,164.300727337049,239,False,2,1.452077387691818,2.3059178171645094,-0.5223537804168701
40,2,919.555102040816,506.228571428571,17.4836553677203,17.8465268707051,121.796854856093,245,False,2,1.0344367255161728,1.7840770329346787,-0.5218407842298305
41,2,919.926829268293,507.345528455285,17.310489901954,18.118215602843,106.252871554682,246,False,2,1.1771890804681504,1.2495226823417211,-0.5345543505929573
42,2,920.769230769231,507.886639676113,17.4379221806321,18.0515135494174,63.1505122120603,247,False,2,1.0012200767506387,0.570974028443394,-0.6785486538983272
43,2,921.646090534979,508.069958847737,17.4152233881704,17.7799212127058,51.4850696217758,243,False,2,0.8958174855809351,0.20609486219582082,-0.3648791662475732
44,2,922.312,507.664,17.5697728884437,18.1161596550844,147.433279932912,250,False,2,0.779896147997016,-0.5474708139593278,-0.7535656761551488
45,2,922.572016460905,506.621399176955,17.3286324493073,17.8666908347646,133.572932285831,243,False,2,1.074534799881188,-1.3263898395090377,-0.77891902554971
46,2,922.356557377049,505.91393442623,17.1685625531757,18.0819430697822,107.028741286201,244,False,2,0.7395464761152273,-1.86642308585308,-0.5400332463440423
47,2,921.485596707819,505.106995884774,17.4727988381087,17.7169212103217,102.891342086602,243,False,2,1.1873172689018792,-2.394332111785,-0.5279090259319199
48,2,920.5,504.926229508197,17.5717211919897,17.6913427008064,90.0,244,False,2,1.0020366028067258,-2.960200586933456,-0.5658684751484562
49,2,919.361788617886,505.613821138211,17.3811948757434,18.0266019610296,156.044898461429,246,False,2,1.3297771993981595,2.5981651007873365,-0.7248196194587937
50,2,918.735537190083,506.47520661157,17.3214782807591,17.7985369835081,125.23398741552,242,False,2,1.0649768938991626,2.1994325827821712,-0.3987325180051653
51,2,918.69262295082,507.594262295082,17.5700606469833,17.695042305889,42.0602304663812,244,False,2,1.1198782321002618,1.6091261629606068,-0.5903064198215642
52,2,919.319502074689,508.639004149378,17.4162316881185,17.6365463403264,25.5028387847233,241,False,2,1.218385398000438,1.0303528895649523,-0.5787732733956545
53,2,920.289256198347,508.818181818182,17.4412995168267,17.6817471697127,35.3429055613469,242,False,2,0.9861681891795089,0.18270557856087147,-0.847647311004081
54,2,921.319672131147,508.75,17.4220713270088,17.8334827682417,114.120415779503,244,False,2,1.0326692378969602,-0.06607290153476396,-0.2487784800956354
55,2,921.867469879518,508.244979919679,17.370407890141,18.260045614777,173.189703311905,249,False,2,0.7450688925514498,-0.7447889057967466,-0.6787160042619824
56,2,922.07874015748,507.236220472441,17.935579957624,18.0593983077362,119.425169789703,254,False,2,1.0306457940252878,-1.364344624208058,-0.6195557184113114
57,2,921.383064516129,506.520161290323,17.7700510364982,17.7763888346312,170.217592968148,248,False,2,0.9983513160528767,-2.3417568464349143,-0.9774122222268566
58,2,920.610441767068,506.176706827309,17.7319543393942,17.8961613356294,23.1022909080566,249,False,2,0.8455216617750879,-2.7232963724704056,-0.38153952603549124
59,2,919.259109311741,506.619433198381,17.4193665809677,18.0496413515183,150.993144326513,247,False,2,1.4220077511964142,2.824990989553743,-0.7348979451554385
60,2,918.329218106996,507.213991769547,17.4485451292605,17.7419534858104,8.95785882901836,243,False,2,1.103719868086592,2.5727158147803717,-0.25227517477337136
61,2,917.869387755102,508.322448979592,17.5182245835894,17.8192677009964,48.9330809671387,245,False,2,1.200050556861537,1.9640284200397413,-0.6086873947406302
62,2,917.868852459016,509.647540983607,17.376809201868,17.8861627223664,28.6614380610348,244,False,2,1.3250921121364547,1.5712002957685778,-0.39282812427116376
63,2,918.859504132231,510.5,17.3961582925245,17.7186459195713,180.0,242,False,2,1.3069342417556495,0.7105602447095126,-0.860640051059065
64,2,919.440329218107,510.584362139918,17.4206030391174,17.7700764461056,34.7951136121759,243,False,2,0.5869197143003284,0.14423670606607944,-0.5663235386434331
65,2,920.5,510.314516129032,17.7608989563528,17.7763888346312,90.0,248,False,2,1.0934893852200434,-0.2493510727131872,-0.39358777877926654
66,2,921.02489626556,509.55601659751,17.1910016044812,17.840074609283,173.475532085307,241,False,2,0.9224086019318395,-0.9654466866478699,-0.7160956139346828
67,2,921.101167315175,508.735408560311,17.9583259314852,18.2318788081948,101.036864374603,257,False,2,0.8241449045677484,-1.478118031877615,-0.5126713452297453
68,2,920.518367346939,507.918367346939,17.534312075662,17.8147829705142,65.3008144065125,245,False,2,1.0035995951195475,-2.1903964323559193,-0.7122784004783043
69,2,919.381147540984,507.733606557377,17.4554551607415,17.8052686127414,156.054383011804,244,False,2,1.1521308243494008,-2.9805328151187926,-0.7901363827628733
70,2,918.389344262295,507.922131147541,17.4004679002191,17.8668930374906,58.5776599996556,244,False,2,1.00956191722681,2.953750943177547,-0.3489015488832461
71,2,917.567226890756,508.974789915966,17.1178488258978,17.6988619040699,111.707610801611,238,False,2,1.3356524455591987,2.233838669792052,-0.719912273385495
72,2,917.029166666667,510.354166666667,17.1780665412061,17.7865157076085,25.3522962550904,240,False,2,1.4806042770170427,1.942717395609561,-0.29112127418249134
73,2,917.148148148148,511.333333333333,17.1391181672733,18.0412843177447,24.8841474830382,243,False,2,0.9863690759777066,1.4498761443795072,-0.49284125123005396
74,2,917.775510204082,511.763265306122,17.4680379856664,17.8676921036148,35.3297133524495,245,False,2,0.7605423396839686,0.6007927319572802,-0.8490834124222268
75,2,918.866108786611,511.836820083682,17.0135131246304,17.8783396842375,31.3366604320759,239,False,2,1.0930761974885852,0.06734242529291365,-0.5334503066643665
76,2,919.787755102041,511.579591836735,17.3901814901745,17.9357206676715,24.353882701729,245,False,2,0.9568690097255896,-0.2721706773938185,-0.3395131026867322
77,2,920.330578512397,510.685950413223,17.4346121814268,17.6882175078902,178.670949117598,242,False,2,1.0455870354241283,-1.0249324752179134,-0.7527617978240948
78,2,920.300395256917,509.727272727273,17.7942418711583,18.1108752933911,148.750717411277,253,False,2,0.9591527169590142,-1.6022701878364607,-0.5773377126185473
79,2,919.571428571429,509.0,17.1924213171534,17.618826584477,74.7597093959064,238,False,2,1.0297174604649653,-2.3573577312337024,-0.7550875433972415
80,2,918.82304526749,508.493827160494,17.5045448769159,17.6896772807661,172.242663667785,243,False,2,0.9034868638050365,-2.5469126542503013,-0.18955492301659893
81,2,917.639344262295,508.909836065574,17.4296552885642,17.8434673089455,150.666775496121,244,False,2,1.2546758461074383,2.8036287745482382,-0.9326438783810467
82,2,916.799163179916,509.765690376569,17.1580213461038,17.7564610708622,147.360049469365,239,False,2,1.199329334601762,2.346953655628042,-0.4566751189201961
83,2,916.423387096774,511.33064516129,17.5248071426832,18.0270210053886,34.8136270312061,248,False,2,1.6094381450937238,1.8064542494361868,-0.5404994061918553
84,2,916.606299212599,512.456692913386,17.8044710134846,18.1564355874348,2.09223959234629,254,False,2,1.1408068995740899,1.409765544999057,-0.3966887044371301
85,2,917.372469635628,512.886639676113,17.437851970889,18.0585535460848,37.0577478216108,247,False,2,0.8785620842626637,0.5113735038122672,-0.8983920411867898
86,2,918.257142857143,513.285714285714,17.3456894174526,17.9935282430454,18.6049251791847,245,False,2,0.9705190636426826,0.4237669197385466,-0.08760658407372057
87,2,919.305220883534,512.74297188755,17.5333075442165,18.0888984050885,26.3382348455637,249,False,2,1.1802698251538206,-0.4778218053536579,-0.9015887250922043
88,2,919.97510373444,511.842323651452,17.0476470464676,18.0002046682398,160.08365510022,241,False,2,1.1224572504663,-0.9312888425675809,-0.4534670372139229
89,2,919.720647773279,511.344129554656,17.5046986446525,17.9738005136339,4.31020452738686,247,False,2,0.5594150465019492,-2.043012200035903,-1.111723357468322
90,2,919.284552845529,510.382113821138,17.5586922948683,17.8447361405743,43.5274134121059,246,False,2,1.0562447905412116,-1.9964025226089404,0.04660967742696265
91,2,918.098765432099,509.744855967078,17.2419301212297,17.9414825783118,170.293208385993,243,False,2,1.346175828935503,-2.6484643131492343,-0.6520617905402939
92,2,917.029045643154,509.800829875519,17.0824649861732,17.9586231695823,155.520853942899,241,False,2,1.071183226757548,3.089314564018727,-0.5454064300116244
93,2,916.112033195021,510.668049792531,17.2810762478473,17.760453842862,162.940229010941,241,False,2,1.2621339922896664,2.384094225675145,-0.7052203383435822
94,2,915.900826446281,511.384297520661,17.3612087098712,17.751322057696,161.541167275289,242,False,2,0.7467389763261859,1.8575487898676082,-0.5265454358075368
95,2,915.934426229508,512.696721311475,17.2008587125623,18.0609127900802,34.839877589734,244,False,2,1.3128538197863258,1.5452005965093705,-0.31234819335823794
96,2,916.634146341463,513.378048780488,17.3136652793548,18.1018948404681,65.2927895875424,246,False,2,0.9766347091446216,0.7720810583970507,-0.7731195381123199
97,2,917.592,513.592,17.6661573408437,18.0103313908588,23.2636726549281,250,False,2,0.9814574649486506,0.2197579177120915,-0.5523231406849591
98,2,918.408906882591,512.975708502024,17.4376181332635,18.0641518234691,26.3425244214286,247,False,2,1.0233044831828837,-0.6463243864313056,-0.8660823041433972
99,2,919.169421487603,511.987603305785,17.3303411632346,17.7742744098694,119.259552337968,242,False,2,1.246889868140302,-0.9148250154173779,-0.2685006289860725
100,2,919.051587301587,511.011904761905,17.6252545271097,18.2201048831396,91.5097741684089,252,False,2,0.9827881480378343,-1.690983316371932,-0.7761583009545543
101,2,918.467479674797,510.211382113821,17.6408950380332,17.7819308300419,4.72742240711784,246,False,2,0.9909683293474321,-2.2011508371515447,-0.5101675207796124
102,2,917.54958677686,509.681818181818,17.3316800031741,17.7941388645872,18.4272397471885,242,False,2,1.0597005851473627,-2.61830588209524,-0.41715504494369515
103,2,916.437246963563,509.769230769231,17.6471770093184,17.8323876501219,147.561493721344,247,False,2,1.1157691610202645,3.063169395692184,-0.6017100293921622
104,2,915.264227642276,510.451219512195,17.5652152090151,17.8393677433827,42.4840328885853,246,False,2,1.3568651272850563,2.6149648944468145,-0.4482045012453697
105,2,914.857142857143,511.54693877551,17.4250430394117,17.9092374589655,21.959013969832,245,False,2,1.1688963710638842,1.926515090744622,-0.6884498037021922
106,2,914.9625,512.5625,16.9874899396084,17.972391388415,7.16744900774026,240,False,2,1.0210116200311399,1.467423342989252,-0.45909174775537
107,2,915.819672131147,513.344262295082,17.419681694102,17.8474529726098,104.040326108595,244,False,2,1.1601277293586658,0.7394190890197239,-0.7280042539695284
108,2,916.765182186235,513.578947368421,17.3784970523071,18.0942711335462,17.1463945005443,247,False,2,0.974200363334397,0.24329327146400984,-0.49612581755571394
109,2,917.773279352227,512.967611336033,17.4447771618267,18.0491468889915,174.219061174975,247,False,2,1.1789790670647555,-0.5451308906160787,-0.7884241620800885
110,2,918.39837398374,512.00406504065,17.4630031721902,17.9561333729578,38.1022004414443,246,False,2,1.1485489809724454,-0.9953047454877609,-0.45017385487168227
111,2,918.534979423868,510.917695473251,17.5627674681823,17.629399392259,138.144506309249,243,False,2,1.0949246016247522,-1.4457079528078034,-0.4504032073200426
112,2,917.991967871486,510.208835341366,17.5891693215791,18.0288313820394,4.14810533565316,249,False,2,0.8929413377127497,-2.224480993633844,-0.7787730408260405
113,2,916.866666666667,509.433333333333,17.4276812819761,17.5514587117891,170.224520392835,240,False,2,1.366640466995771,-2.5381853345596754,-0.31370434092583155
114,2,915.69918699187,509.439024390244,17.6292709072496,17.7716511536235,103.4142452757,246,False,2,1.167493545675089,3.13671804038914,-0.6082819322307706
115,2,914.747967479675,510.30081300813,17.5785626133796,17.8250735416555,138.287788978196,246,False,2,1.2835490572230486,2.405481895185224,-0.731236145203916
116,2,914.566666666667,511.116666666667,17.3869369611303,17.5937167066577,118.150084183587,240,False,2,0.8357554528363298,1.7894652726686615,-0.6160166225165629
117,2,914.992125984252,512.07874015748,17.7549931002125,18.2545051136666,50.8145412803902,254,False,2,1.051951060004652,1.1544213370709475,-0.635043935597714
118,2,915.783673469388,512.755102040816,17.1035598612226,18.2382388022853,35.4084472192332,245,False,2,1.0411593626602276,0.7070894755686388,-0.44733186150230875
119,2,916.376,513.18,17.4533129739,18.2601601919341,35.9255461373513,250,False,2,0.728964330118775,0.6222672657669429,-0.08482220980169597
120,2,917.549800796813,512.434262948207,17.7164709282228,18.037419756462,10.7295164482811,251,False,2,1.3906588586046833,-0.5659847861755077,-1.1882520519424506
121,2,918.165991902834,511.643724696356,17.4681744729953,18.008163374659,173.630269742445,247,False,2,1.0023184158634466,-0.908707305956105,-0.3427225197805974
122,2,918.301652892562,510.49173553719,17.2421364258895,17.8828739780127,144.917630901102,242,False,2,1.1599495363894103,-1.4535738329773622,-0.5448665270212572
123,2,917.927419354839,509.520161290323,17.6219529452709,17.9485424784347,115.196274913212,248,False,2,1.0411566923051205,-1.9384642260422247,-0.4848903930648625
124,2,916.995708154506,508.824034334764,17.0505091407341,17.3886117852719,118.326713153411,233,False,2,1.163047075178724,-2.499918776884107,-0.5614545508418822
125,2,915.764,509.044,17.6572548903288,18.0737167660103,141.138459197839,250,False,2,1.2511953771331255,2.9648698080041758,-0.818396722291304
126,2,915.033472803347,509.619246861925,17.1919353010337,17.7138893211452,168.528052534308,239,False,2,0.9298273695715286,2.4745568626357946,-0.4903129453683812
127,2,914.562753036437,510.854251012146,17.6472206594359,17.8593991142398,161.951999556579,247,False,2,1.3216702879398072,1.9349463862897134,-0.5396104763460814
128,2,914.804081632653,511.591836734694,17.3538343712515,17.9765561002355,17.7030715798499,245,False,2,0.7760619752689212,1.2545874673464235,-0.6803589189432899
129,2,915.44578313253,512.088353413655,17.583466701867,18.0530000335201,21.8057363499365,249,False,2,0.8113628210799123,0.6585287904218139,-0.5960586769246095
130,2,916.52,512.356,17.5682237547672,18.1181494116379,21.6836283802232,250,False,2,1.107057619791846,0.24418328353558472,-0.41434550688622895
131,2,917.812244897959,511.616326530612,17.2581557984234,18.0639455612881,19.9274500141675,245,False,2,1.4889639745868617,-0.5198737379843702,-0.7640570215199549
132,2,918.40243902439,510.760162601626,17.5898808508553,17.8173625729617,167.205337274205,246,False,2,1.0398777717455188,-0.9672557939056071,-0.4473820559212367
133,2,918.360655737705,509.803278688525,17.4849603383725,17.7755240490975,156.938848649765,244,False,2,0.9577957330233465,-1.6144345990289888,-0.6471788051233816
134,2,917.912863070539,509.087136929461,17.3790358736593,17.6513020689775,135.000000000001,241,False,2,0.8446166537802378,-2.1296005269311236,-0.5151659279021348
135,2,916.82304526749,508.493827160494,17.5045448769159,17.6896772807661,172.242663667785,243,False,2,1.2408542725856806,-2.6430498600018812,-0.5134493330707577
136,2,915.724696356275,508.417004048583,17.5467246030069,17.9288995580985,145.758904023023,247,False,2,1.1010322980234772,-3.0717622018331237,-0.4287123418312424
137,2,915.247967479675,509.170731707317,17.5887588640018,17.8197387806746,165.964846068513,246,False,2,0.8918384412688475,2.134767065325688,-1.076656040020774
138,2,915.119341563786,509.880658436214,17.1574618120632,18.0501446640501,158.055050432498,243,False,2,0.7214849871208143,1.7500338945550356,-0.3847331707706525
139,2,915.3625,510.883333333333,17.2810788981691,17.713762098177,29.7505734344606,240,False,2,1.0317378419029821,1.3328796419210638,-0.41715425263397155
140,2,916.127572016461,511.534979423868,17.3732791088347,17.8211364912169,6.4163216821204,243,False,2,1.004976525935498,0.7055061228026912,-0.6273735191183727
141,2,917.228571428571,511.444897959184,17.4836553677203,17.8465268707052,31.7968548560907,245,False,2,1.1046784037655282,-0.0816360665912788,-0.7871421893939701
142,2,917.963114754098,511.290983606557,17.2800078888112,17.9715228999757,176.970600884085,244,False,2,0.7504955196541382,-0.20654916244628668,-0.12491309585500776
143,2,918.448132780083,509.9377593361,17.3987215678592,17.6419260102322,86.7444102715129,241,False,2,1.4375181430800605,-1.2266431986516664,-1.0200940362053794
144,2,918.419087136929,509.132780082988,17.3774199722136,17.6718430759071,133.354852105791,241,False,2,0.805503101997103,-1.606863154111744,-0.3802199554600776
145,2,917.8625,508.266666666667,17.1160519388327,17.8419119374224,158.291549272003,240,False,2,1.029534696319697,-2.141970348748705,-0.5351071946369612
146,2,917.219008264463,507.51652892562,17.3163738518083,17.8005335517122,38.5921946189849,242,False,2,0.9883259807611349,-2.279819409301641,-0.13784906055293566
147,2,916.201646090535,507.584362139918,17.4539226859849,17.7285035102146,154.896406865505,243,False,2,1.0196210756460657,3.075015614671522,-0.9283502832064237
148,2,915.564315352697,507.821576763486,17.4749582713177,17.5756952677612,161.144840736175,241,False,2,0.6800450330879227,2.785278865299924,-0.2897367493715981
149,2,915.362903225807,508.709677419355,17.4181154162202,18.1212385494124,124.227117545271,248,False,2,0.9106534026803282,1.7938136258783584,-0.991465239421566
150,2,915.6,509.904166666667,17.1497558971457,17.8076461543126,75.0082465880645,240,False,2,1.2177928568835883,1.3748510137696246,-0.418962612108734
151,2,916.416326530612,510.628571428572,17.4964632259685,17.8358535808637,34.8564350463683,245,False,2,1.0913987647288252,0.7258076703443153,-0.6490433434253093
152,2,917.573170731707,510.593495934959,17.230025271687,18.1826295974173,52.4195855883143,246,False,2,1.1573758230840372,-0.03031069455147465,-0.7561183648957899
153,2,918.559670781893,510.0,17.2180792105653,17.9718377330427,70.8204639197732,243,False,2,1.1512687669826858,-0.5416081692228237,-0.5112974746713492
154,2,919.228915662651,509.160642570281,17.453003055347,18.1790731087079,31.4332566741358,249,False,2,1.0735034258190563,-0.8976855395788422,-0.3560773703560187
155,2,919.419087136929,508.132780082988,17.3774199722136,17.6718430759071,133.354852105791,241,False,2,1.0453068843230835,-1.3878486495296753,-0.49016310995083323
156,2,918.570247933884,507.214876033058,17.4530157508087,17.674634913102,1.77863478201921,242,False,2,1.2502303137837771,-2.3171227697211796,-0.9292741201915042
157,2,917.586776859504,506.561983471074,17.3191044668887,17.8060873951892,143.877146962765,242,False,2,1.1804592545430526,-2.5555317951742516,-0.23840902545307197
158,2,916.735772357724,506.548780487805,17.5652152090151,17.8393677433827,42.4840328885843,246,False,2,0.8511069150329471,-3.1260793113402823,-0.5705475161660307
159,2,915.65306122449,507.277551020408,17.484995906648,17.846916237427,144.479591813199,245,False,2,1.3051321340076742,2.549150900185802,-0.6079550956535016
160,2,915.349794238683,508.139917695473,17.3509516866115,17.8521214255376,41.3577059692785,243,False,2,0.9141373785942318,1.9089565704908538,-0.6401943296949479
161,2,915.549180327869,509.19262295082,17.4214679460621,17.8332283150655,111.393785998657,244,False,2,1.0714210970463856,1.383610132910212,-0.5253464375806418
162,2,916.433884297521,509.97520661157,17.2648392536038,17.8532381253123,86.0650626138727,242,False,2,1.181159726705466,0.7242252183167455,-0.6593849145934665
163,2,917.287449392713,510.352226720648,17.4657705303566,18.0070872530392,41.3403336572172,247,False,2,0.9331224648348003,0.4159306428897975,-0.30829457542694794
164,2,918.352459016394,509.602459016393,17.5515260454067,17.7122205376537,60.7878188179684,244,False,2,1.302458102541863,-0.6134060697273124,-1.02933671261711
165,2,919.01646090535,508.58024691358,17.3374003117432,17.8516572779775,164.034775021941,243,False,2,1.2189405611736739,-0.9947209919251363,-0.38131492219782404
166,2,918.975806451613,507.661290322581,17.5503984567006,18.0163862564192,100.964165471749,248,False,2,0.9198554238298435,-1.6150072969505942,-0.6202863050254579
167,2,918.604838709677,506.576612903226,17.5122312171288,18.0363536016055,158.21933506801,248,False,2,1.1463604012769,-1.9003331532038565,-0.28532585625326234
168,2,918.096638655462,505.831932773109,17.2155509398873,17.6034251989078,129.910868499639,238,False,2,0.9015629713421227,-2.169640083049102,-0.2693069298452455
169,2,917.122950819672,505.713114754098,17.4830637140824,17.7799894457345,63.1196453426861,244,False,2,0.9809106601556818,-3.0201641485588677,-0.8505240655097657
170,2,916.0,506.138655462185,17.3311784913537,17.4787734310884,180.0,238,False,2,1.2008761125283884,2.7793646467001967,-0.48365651192052184
171,2,915.429166666667,507.141666666667,17.4528157294488,17.517548369897,94.0774797618728,240,False,2,1.1540719954840186,2.0882000989565745,-0.6911645477436221
172,2,915.464730290456,508.149377593361,17.4174752925054,17.6251148661161,99.73746472703,241,False,2,1.008338278116784,1.5355194739156321,-0.5526806250409422
173,2,916.394957983193,508.911764705882,17.320485166305,17.5039641383115,111.404517469911,238,False,2,1.2027292586749279,0.6865607387800701,-0.8489587351355619
174,2,917.433884297521,509.123966942149,17.2149980332566,17.8947081361134,71.6182475555125,242,False,2,1.060376195357075,0.20148015815099463,-0.48508058062907544
175,2,918.70564516129,508.612903225806,17.511408447045,18.0309495689753,33.7721521447383,248,False,2,1.3706063682826262,-0.38210466368769763,-0.5835848218386923
176,2,919.352226720648,508.141700404858,17.3375572528233,18.1652778605942,5.37748655959521,247,False,2,0.8000623796749499,-0.6297683993598829,-0.24766373567218514
177,2,919.261224489796,507.0,17.5350165647766,17.8209563258744,163.12605607054,245,False,2,1.145321448534414,-1.6503357927785574,-1.0205673934186743
178,2,918.847389558233,506.168674698795,17.6531387929767,17.9804857911371,2.71541897818598,249,False,2,0.9286340005650019,-2.0326835410117194,-0.38234774823316187
179,2,917.839357429719,505.453815261044,17.5977998466092,18.0349653102974,110.698058722851,249,False,2,1.2357802344502908,-2.5247432300620494,-0.49205968905032993
180,2,916.859504132231,505.5,17.3961582925245,17.7186459195713,180.0,242,False,2,0.9809411372302672,3.094493171917046,-0.6639489052004919
181,2,915.81512605042,506.168067226891,17.1786809096299,17.6452913707668,141.870284165699,238,False,2,1.239773929961893,2.5725068801899265,-0.5219862917271194
182,2,915.334728033473,507.284518828452,17.3757003699549,17.5332696771941,129.183098949188,239,False,2,1.2154202702418142,1.9771391490590016,-0.5953677311309251
183,2,915.607287449393,508.554655870445,17.6687891996898,17.8060553366519,105.895732303469,247,False,2,1.2990522470822214,1.359411551945999,-0.6177275971130025
184,2,916.230452674897,509.374485596708,17.428189373336,17.757280968882,53.6289426159329,243,False,2,1.029784287286405,0.9208527128851152,-0.4385588390608839
185,2,917.554655870445,509.376518218623,17.5343143977081,17.9404374873253,21.0598112235749,247,False,2,1.3242047555613499,0.0015349761467617412,-0.9193177367383534
186,2,918.615702479339,508.780991735537,17.4886132433337,17.6253902990211,68.9317780544562,242,False,2,1.216746357423052,-0.5114494849591367,-0.5129844611058987
187,2,919.199170124481,507.825726141079,17.1960914608525,17.8496353255485,178.111115219409,241,False,2,1.1193600175469969,-1.0224800139098995,-0.5110305289507631
188,2,919.011952191235,506.629482071713,17.8133930765155,17.9589544656164,108.969844030612,251,False,2,1.2108056937519454,-1.7260417820435838,-0.7035617681336843
189,2,918.170833333333,505.6375,17.432156303084,17.5447185456784,10.0395598789392,240,False,2,1.3005803949461918,-2.2740800905020397,-0.5480383084584561
190,2,917.321138211382,505.321138211382,17.5550426593283,17.8466821857916,44.9999999999981,246,False,2,0.9066788745552814,-2.7851702283107116,-0.5110901378086719
191,2,916.2995951417,505.672064777328,17.4333778029125,18.0336367993102,141.381610527068,247,False,2,1.0801387401172244,2.810696952869322,-0.6873181259995533
192,2,915.273469387755,506.514285714286,17.4873003406868,17.8469286079932,127.023835141137,245,False,2,1.3275052427616858,2.4543102768202476,-0.3563866760490746
193,2,915.071129707113,507.648535564854,17.0992276733883,17.7849317091069,164.879894997412,239,False,2,1.152156269728982,1.747330081453698,-0.7069801953665493
194,2,915.439024390244,508.69918699187,17.6292709072496,17.7716511536235,166.585754724299,246,False,2,1.1132003049617167,1.2339801799402283,-0.5133499015134699
195,2,916.260504201681,509.121848739496,17.1718239224544,17.6408635924905,67.6061793843372,238,False,2,0.9238355013230731,0.4751902010927656,-0.7587899788474628
196,2,917.317991631799,508.928870292887,17.2914884770497,17.5968370076077,106.962444202285,239,False,2,1.0749513224854836,-0.1805015148448451,-0.6556917159376106
197,2,918.177685950413,508.334710743802,17.4845470418694,17.6305397728889,80.6792086275955,242,False,2,1.045035832508123,-0.6047473290898235,-0.42424581424497854
198,2,918.294605809129,507.680497925311,17.3262597135957,17.7221145355208,2.28224312101588,241,False,2,0.6645785621280356,-1.393945058700699,-0.7891977296108754
199,2,918.140495867769,506.5,17.3961582925245,17.7186459195713,180.0,242,False,2,1.1905146894051932,-1.7006087683211786,-0.3066637096204796
200,2,917.314516129032,505.5,17.7608989563528,17.7763888346312,180.0,248,False,2,1.2970129254576057,-2.2611790521707933,-0.5605702838496147
201,2,916.317073170732,505.29674796748,17.4638291475854,17.9347621132954,41.4061578475908,246,False,2,1.017940982466934,-2.9405717701418492,-0.6793927179710559
202,2,915.147410358566,505.776892430279,17.7495050955555,18.0071423379341,17.6450803708108,251,False,2,1.2643772377421687,2.7520690044030687,-0.5905445326346683
203,2,914.244,506.736,17.7335150740831,17.9581382976429,176.74373453441,250,False,2,1.3175877983119195,2.3262991444708763,-0.4257698599321924
204,2,913.945147679325,507.827004219409,17.0481525711502,17.7009311707776,77.0752969846866,237,False,2,1.1311953484438815,1.8381619830899196,-0.48813716138095664
205,2,914.329113924051,508.852320675106,17.2558877963137,17.5022726816497,6.59887141126164,237,False,2,1.094853374389464,1.2124767164848234,-0.625685266605096
206,2,915.526104417671,509.558232931727,17.6058043846436,18.0132316874762,63.9405300431209,249,False,2,1.389639649644688,0.5328406557450713,-0.6796360607397522
207,2,916.275303643725,509.417004048583,17.5467246030069,17.9288995580985,34.2410959769773,247,False,2,0.762394305955895,-0.18632003689971102,-0.7191606926447824
208,2,916.983050847458,508.618644067797,17.1069415192531,17.5577696536949,14.9706792170281,236,False,2,1.0669042896682532,-0.8454892949107862,-0.6591692580110751
209,2,917.128630705394,507.597510373444,17.1142415279048,17.9352564155344,152.045385602964,241,False,2,1.031458926365805,-1.429183728799186,-0.5836944338883998
210,2,916.814814814815,506.62962962963,17.5882238277616,17.6012471852087,126.650377882942,243,False,2,1.017483929812048,-1.884331552071026,-0.4551478232718402
211,2,915.974683544304,505.835443037975,17.2675896641526,17.4719399341818,22.3536892713168,237,False,2,1.1560938085013488,-2.384299537652766,-0.4999679855817396
212,2,914.730290456432,505.585062240664,17.3642047413612,17.6989978549168,125.944948062847,241,False,2,1.2693323838953599,-2.943036634296491,-0.5587370966437253
213,2,913.390756302521,506.084033613445,17.1384388945127,17.6764638397785,86.3265192632432,238,False,2,1.4294489079183843,2.7850189066570685,-0.5551297662260275
214,2,912.570247933884,506.925619834711,17.4910300419668,17.6292074454648,179.012755321125,242,False,2,1.1753728560878252,2.3435136698891506,-0.441505236767918
215,2,912.483333333333,508.070833333333,17.1898742629236,17.7751746527562,83.9418396739706,240,False,2,1.1485069025543635,1.6465449123384681,-0.6969687575506827
216,2,912.652892561984,509.020661157025,17.2424911152466,17.8645486402239,91.3423071085646,242,False,2,0.9648436280974572,1.394141426836385,-0.25240348550208314
217,2,913.5,509.669421487603,17.2767669042679,17.8505138286748,32.8900937041034,242,False,2,1.0669962408901452,0.6535704818609909,-0.7405709449753939
218,2,914.397540983606,509.66393442623,17.3580878870191,17.9105374558774,46.3499050724213,244,False,2,0.8975577558546564,-0.006113362082306697,-0.6596838439432977
219,2,915.017021276596,508.604255319149,17.0392611373461,17.5500480484428,6.77907582837439,235,False,2,1.22746716590997,-1.0417830277034366,-1.0356696656211302
220,2,915.342975206612,507.785123966942,17.329098869912,17.7909946224154,146.553997730976,242,False,2,0.8816020285033874,-1.1920788764169379,-0.1502958487135011
221,2,914.709677419355,506.637096774194,17.4181154162202,18.1212385494124,34.2271175452715,248,False,2,1.3111188056898313,-2.074897827298737,-0.8828189508817994
222,2,913.516666666667,506.070833333333,17.1898742629236,17.7751746527562,96.0581603260294,240,False,2,1.3205790171303373,-2.6984293176329097,-0.6235314903341727
223,2,912.549180327869,506.19262295082,17.4214679460621,17.8332283150655,111.393785998657,244,False,2,0.9751218009502559,3.0163688117871663,-0.5683871777595098
224,2,911.368852459016,506.155737704918,17.1527163936989,18.100079033866,69.3582867630963,244,False,2,1.1809040601827814,-3.110352820159233,0.15646367523318716
225,2,910.553784860558,507.378486055777,17.8030510439817,17.9471311250117,120.578885108038,251,False,2,1.4695062842956466,2.158743459362674,-1.014089027657679
226,2,910.669456066946,508.481171548117,17.3855346766175,17.5362693844728,28.520275528843,239,False,2,1.1087358220082908,1.4662790297922852,-0.6924644295703888
227,2,911.0,509.5,17.4951421829032,18.2357889875925,90.0,250,False,2,1.0711072336816112,1.2570752477650176,-0.20920378202726742
228,2,911.702928870293,509.916317991632,17.060753889694,17.8255353354542,64.0197934131267,239,False,2,0.8169636875944589,0.5347102957232416,-0.7223649520417759
229,2,912.556,509.724,17.6285175459541,18.0523233167365,60.7934568019293,250,False,2,0.8744807386357825,-0.22173502638896525,-0.7564453221122069
230,2,913.245833333333,509.129166666667,17.1542525454368,17.8203366237889,11.741301407031,240,False,2,0.9108768974023693,-0.7115833754616367,-0.4898483490726715
231,2,913.246031746032,508.190476190476,17.6640116653427,18.1865650252322,2.29568648043046,252,False,2,0.938690497160452,-1.5705849549944406,-0.8590015795328041
232,2,912.663967611336,507.364372469636,17.660323762803,17.8078992259695,166.578819399609,247,False,2,1.0105671746524514,-2.184595958586787,-0.6140110035923465
233,2,911.799196787149,506.562248995984,17.558444364731,18.0625282223357,4.92203951966167,249,False,2,1.1795044066677864,-2.3937600869260804,-0.20916412833929332
234,2,910.656,506.564,17.6968041232212,17.9786599006807,23.5229067229338,250,False,2,1.1431981281312877,3.1400609814696585,-0.7493642387838477
235,2,909.5,506.786885245902,17.6169032703959,17.6542383338263,90.0,244,False,2,1.1772908870965864,2.951122614405329,-0.18893836706432943
236,2,908.618644067797,508.016949152542,17.1069415192531,17.557769653695,104.970679217027,236,False,2,1.513223543845319,2.1925186286352796,-0.7586039857700495
237,2,908.409090909091,509.144628099174,17.4647518569206,17.6598671138525,170.026204580242,242,False,2,1.1469840160179727,1.754527575522557,-0.43799105311272246
238,2,908.550420168067,509.974789915966,17.0920456538037,17.7170868123057,81.9826511139738,238,False,2,0.8421060512204991,1.4021699802288186,-0.35235759529373833
239,2,909.400826446281,510.665289256198,17.0761483349049,18.071732696034,38.3493613189705,242,False,2,1.0954360670009637,0.6819936493510775,-0.7201763308777411
240,2,910.34,510.632,17.7506810982529,17.929666381395,174.640297362921,250,False,2,0.9397633417958975,-0.03543043284504453,-0.7174240821961222
241,2,910.796,509.656,17.7746191662428,17.9215981847333,1.77918616608362,250,False,2,1.077270625237695,-1.133720535338043,-1.0982901024929985
242,2,910.869387755102,508.677551020408,17.5182245835894,17.8192677009964,131.066919032861,245,False,2,0.9811973136243259,-1.4959323308856693,-0.3622117955476263
243,2,910.36,507.64,17.507392724218,18.1760281689923,135.0,250,False,2,1.155849473330124,-2.027179376288718,-0.5312470454030485
244,2,909.506172839506,507.17695473251,17.504544876916,17.6896772807661,97.757336332216,243,False,2,0.9713041437892251,-2.6446669726921925,-0.6174875964034747
245,2,908.432098765432,506.938271604938,17.4500562984121,17.7574738578702,19.8581575518025,243,False,2,1.1002748529279045,-2.92292370771584,-0.27825673502364756
246,2,907.119834710744,507.54958677686,17.2186458260195,17.8832634630193,167.230623561508,242,False,2,1.4476681901071353,2.705638226288514,-0.654623373175232
247,2,906.355371900827,508.355371900827,17.4999409680232,17.6258188402397,135.00000000001,242,False,2,1.1107173599763265,2.329884772939206,-0.3757534533493083
248,2,906.381147540984,509.266393442623,17.4554551607415,17.8052686127414,23.945616988196,244,False,2,0.9113861054689559,1.5425107545315502,-0.7873740184076556
249,2,906.528925619835,510.433884297521,17.4213573357126,17.7013728499958,23.5801259576604,242,False,2,1.176806380361435,1.4448883998800155,-0.09762235465153468
250,2,907.28813559322,510.995762711865,17.1470258825446,17.5298297192214,66.877880012722,236,False,2,0.9445142329223438,0.6371239752663875,-0.807764424613628
251,2,908.115702479339,510.971074380165,17.2697753644668,17.837837195196,66.5316024865614,242,False,2,0.8279350606918845,-0.029823585297990004,-0.6669475605643775
252,2,908.656,510.436,17.6968041232212,17.9786599006807,156.477093277066,250,False,2,0.7604117326431556,-0.7805411465649807,-0.750717561266991
253,2,908.640816326531,509.465306122449,17.5383086693624,17.7958312740406,81.6355876449894,245,False,2,0.9708126224225379,-1.5864371334880232,-0.8058959869230424
254,2,908.40873015873,508.59126984127,17.7080406582901,18.1055108685042,135.0,252,False,2,0.9043248366056323,-1.830340757169519,-0.24390362368149576
255,2,907.51652892562,507.780991735537,17.3163738518083,17.8005335517122,128.592194618984,242,False,2,1.2052276336830405,-2.404277295985324,-0.5739365388158051
256,2,906.5140562249,507.718875502008,17.7381071134336,17.8740442343643,154.848428257453,249,False,2,1.0043953116959767,-3.079708754468476,-0.675431458483152
257,2,905.256198347107,508.00826446281,17.2661998089739,17.879318360964,15.4143543369488,242,False,2,1.29071778920098,2.9154626166676403,-0.2880139360434697
258,2,904.384,508.708,17.4910494083743,18.1946055355374,134.017455576978,250,False,2,1.1181948751012618,2.4654712110148718,-0.4499914056527685
259,2,904.147058823529,509.735294117647,17.3095023997447,17.5151233185507,140.540164304054,238,False,2,1.054264826909989,1.7974780768721292,-0.6679931341427423
260,2,904.299180327869,510.754098360656,17.3460061730179,17.928685327262,155.312470216608,244,False,2,1.030098557253475,1.422577574390466,-0.3749005024816632
261,2,905.164609053498,511.526748971193,17.4104955735601,17.7745838307201,168.525621844116,243,False,2,1.1601533713725758,0.7288202579030609,-0.6937573164874049
262,2,905.835390946502,511.666666666667,17.1855847964568,17.9947385177488,21.8478232250739,243,False,2,0.6852191689443592,0.20564036713799042,-0.5231798907650704
263,2,906.590163934426,511.237704918033,17.4997978189835,17.7579812057655,131.107665607306,244,False,2,0.8681534686280006,-0.5168087691056699,-0.72244913624366
264,2,906.954545454546,510.371900826446,16.9805415317152,18.1306638865498,172.882927170714,242,False,2,0.9393564910159171,-1.172438290947658,-0.6556295218419881
265,2,906.485714285714,509.179591836735,17.6109834853562,17.7348746954112,150.68105549906,245,False,2,1.2811726627640327,-1.945438019793446,-0.7729997288457877
266,2,905.535269709543,508.149377593361,17.4174752925054,17.6251148661161,80.26253527297,241,False,2,1.4016726720685369,-2.3159419343212275,-0.37050391452778175
267,2,904.33734939759,507.642570281125,17.7381490849357,17.874594519856,70.3231825140181,249,False,2,1.3007177732027189,-2.741355627013657,-0.42541369269242946
268,2,902.995815899582,508.28870292887,17.237652273395,17.6580187032345,151.304571669658,239,False,2,1.4890263680537676,2.692742777258517,-0.8490869029074126
269,2,902.21186440678,509.055084745763,17.1744194683825,17.4880503276017,33.4566682596674,236,False,2,1.0963215916557707,2.3675268428422167,-0.32521593441630037
270,2,901.764462809918,510.082644628099,17.2782875015823,17.8376809826187,110.055779211195,242,False,2,1.1207352500305647,1.9814444428711213,-0.3860823999710954
271,2,902.381355932203,510.983050847458,17.1069415192531,17.557769653695,104.970679217027,236,False,2,1.0914616274440891,0.9701217545581782,-1.0113226883129434
272,2,903.1,511.48,17.6953559909736,18.0174353433754,66.834938275251,250,False,2,0.8737320850192868,0.6050048393450455,-0.36511691521313283
273,2,903.983333333333,511.5625,17.1485968130423,17.8098853514727,20.0651988023256,240,False,2,0.8871775627106216,0.0931260783059876,-0.5118787610390578
274,2,904.381355932203,511.016949152542,17.1069415192531,17.557769653695,75.0293207829726,236,False,2,0.6753130506463862,-0.9404930795099452,-1.0336191578159326
275,2,904.40243902439,510.239837398374,17.5898808508553,17.8173625729617,12.7946627257948,246,False,2,0.7773976943895832,-1.5436729154092355,-0.6031798358992901
276,2,904.077551020408,509.077551020408,17.6329931939984,17.6940955192186,135.000000000007,245,False,2,1.2068396080410528,-1.8433644317556432,-0.29969151634640756
277,2,903.380165289256,508.194214876033,17.4178671130992,17.6920255852951,49.5752954073404,242,False,2,1.125446401199881,-2.2390962699407955,-0.395731838185152
278,2,902.141666666667,507.6875,17.3750356134734,17.603726678919,63.9236190945462,240,False,2,1.3381475268997487,-2.753234961175941,-0.5141386912351456
279,2,900.65306122449,508.273469387755,17.4957659821522,17.8318742811264,104.561657563208,245,False,2,1.5997831996445426,2.7665840890568796,-0.7633662569467656
280,2,899.616666666667,508.875,17.3565143374174,17.6186539102901,148.285630882525,240,False,2,1.1983124621537384,2.6157043959655994,-0.15087969309128013
281,2,899.379746835443,510.054852320675,17.2089659307539,17.5406169733628,67.222612735753,237,False,2,1.2034045475356336,1.7689654678285507,-0.8467389281370488
282,2,899.576763485477,510.929460580913,17.0563847711638,17.9748912327652,78.9468096463401,241,False,2,0.896523936806529,1.3492318221750854,-0.41973364565346527
283,2,900.286307053942,511.647302904564,17.4005225244026,17.6563209784651,75.5380032778452,241,False,2,1.0093313019889374,0.7912120513788579,-0.5580197707962276
284,2,901.134693877551,511.632653061225,17.5811035938211,17.7538242117283,7.36286549235088,245,False,2,0.8485133000626218,-0.0172661657351462,-0.8084782171140041
285,2,901.636734693878,511.297959183673,17.4207826688628,17.9119382174141,154.409896011801,245,False,2,0.6033779685480203,-0.5880026035484559,-0.5707364378133097
286,2,901.979919678715,510.558232931727,17.3981770205246,18.2399710231482,156.845800832448,249,False,2,0.8154574554418286,-1.1364145749293346,-0.5484119713808786
287,2,901.673553719008,509.45867768595,17.3679537842044,17.7529501933343,97.7235105630965,242,False,2,1.1414384958388193,-1.8425315461510532,-0.7061169712217188
288,2,900.882591093117,508.643724696356,17.475590050251,18.0322488309232,88.998595297919,247,False,2,1.135680523212743,-2.341256856422195,-0.49872531027114153
289,2,899.735772357724,508.451219512195,17.5652152090151,17.8393677433827,137.515967111415,246,False,2,1.1628634734039343,-2.9752829580716713,-0.6340261016494764
290,2,898.416326530612,508.559183673469,17.4200419789602,17.9163188827274,37.791565428057,245,False,2,1.3238555626665154,3.0599491573234676,-0.24795319178444686
291,2,897.433198380567,509.295546558705,17.5385584492218,17.9382330890433,41.4866519436124,247,False,2,1.228320503030018,2.4987319166620305,-0.5612172406614371
292,2,896.9377593361,510.385892116183,17.2589600321054,17.7740281800785,167.183786940676,241,False,2,1.197628190004889,1.9972926404095628,-0.5014392762524675
293,2,897.0,511.5,16.9864008879471,17.8198265560413,180.0,238,False,2,1.115845095443748,1.5149884156188471,-0.4823042247907159
294,2,897.6625,512.2,17.290109316622,17.6933966915888,91.6795538182686,240,False,2,0.9637978263101105,0.812914152682918,-0.7020742629359291
295,2,898.395918367347,512.559183673469,17.4952333318572,17.8411840339077,34.3830272261711,245,False,2,0.8166488920267662,0.45540526981107543,-0.35750888287184246
296,2,899.02489626556,512.44398340249,17.1910016044812,17.840074609283,6.52446791469347,241,False,2,0.6394406140323129,-0.18114696399253008,-0.6365522338036054
297,2,899.354581673307,511.529880478088,17.7071210737251,18.0398423287991,169.035456686666,251,False,2,0.9717389693130458,-1.2246517057638104,-1.0435047417712804
298,2,899.19262295082,510.549180327869,17.421467946062,17.8332283150655,158.606214001343,244,False,2,0.9939836077265879,-1.7344650881436061,-0.5098133823797957
299,2,898.433198380567,509.704453441296,17.5385584492218,17.9382330890433,138.513348056388,247,False,2,1.1359089711783084,-2.3030685528482406,-0.5686034647046343
300,2,897.462809917355,509.309917355372,17.3522041177422,17.7806642086583,127.827524595249,242,False,2,1.0475268457806213,-2.755430704573873,-0.45236215172563243
301,2,895.893004115226,509.514403292181,17.4727988381087,17.7169212103217,167.108657913397,243,False,2,1.5830681459591944,3.0120600791563534,-0.5156945234493602
302,2,894.810126582279,510.206751054852,16.844455044419,17.9158659066709,118.305560258394,237,False,2,1.2852895299646458,2.5727341593535797,-0.4393259198027737
303,2,893.891666666667,511.495833333333,17.0748960800632,17.9293019467989,92.2874910872911,240,False,2,1.5828144986952255,2.1898566145175713,-0.38287754483600844
304,2,893.681632653061,512.440816326531,17.4203893131245,17.9189565342466,112.499387066695,245,False,2,0.9680429454858739,1.7895033835145973,-0.40035323100297404
305,2,893.5,513.0,16.9864008879471,17.8198265560413,90.0,238,False,2,0.5879428554989202,1.8848631685231632,0.0953597850085659
306,2,891.78813559322,512.283898305085,17.0078455762212,17.6802103845863,69.7291291940807,236,False,2,1.855608090265946,-2.745396300316699,1.6529258383397245
307,2,888.460580912863,510.680497925311,17.1548827758042,17.8988039433627,50.6880843465783,241,False,2,3.6937126212830154,-2.6925657594815924,0.05283054083510663
308,2,885.686192468619,508.953974895398,16.9327011632404,17.9653453513221,64.7890295979552,239,False,2,3.2677382105019444,-2.5849317852616767,0.10763397421991572
309,2,883.016877637131,506.767932489452,17.0344214318441,17.71409742991,52.4280940274955,237,False,2,3.4502207277500503,-2.455401592180018,0.12953019308165858
310,2,880.681415929204,504.730088495575,16.4716523087822,17.4868209529962,50.836869904839,226,False,2,3.0995466656550805,-2.4241429849488774,0.03125860723114071
311,2,878.196428571429,502.879464285714,16.5324217784139,17.243236977643,36.4895070127576,224,False,2,3.098382180174896,-2.5014781724699047,-0.0773351875210273
312,2,875.981900452489,501.162895927602,16.4379838223528,17.1230835160865,50.9780478363686,221,False,2,2.8019175072880875,-2.482195398405219,0.019282774064685704
313,2,873.853448275862,499.306034482759,16.4355329301507,17.9951162416486,84.0260703845439,232,False,2,2.8245783921733394,-2.424237181553899,0.05795821685132019
314,2,872.245535714286,497.607142857143,16.0981488914695,17.7015304804334,80.3491935553589,224,False,2,2.3391484692643987,-2.3286887433015107,0.09554843825238812
315,2,870.372384937239,495.811715481172,16.8222614182806,18.0807015245384,98.2122558669566,239,False,2,2.594658608745699,-2.3773775676863593,-0.04868882438484867
316,2,868.5,494.198275862069,16.460777436588,17.9385925715558,90.0,232,False,2,2.4716417130503494,-2.430343539414993,-0.05296597172863349
317,2,866.804878048781,492.451219512195,16.8908973967458,18.5753121444,98.1345602248035,246,False,2,2.4342646362176,-2.34110797987396,0.08923555954103302
318,2,865.08,490.888,16.9872544775094,18.7316331726931,94.5054540956274,250,False,2,2.3278443948154406,-2.405319697065101,-0.06421171719114138
319,2,863.4,489.341666666667,16.7265175027528,18.2919609241964,111.385808683957,240,False,2,2.283319245698452,-2.397600710425344,0.007718986639757119
320,2,861.853448275862,487.75,16.6383017151775,17.7578297910659,99.5660370292588,232,False,2,2.219284797679873,-2.3418195075272745,0.05578120289806954
321,2,860.242424242424,486.199134199134,16.5141544157818,17.8146456743916,103.954617191999,231,False,2,2.2361983741632723,-2.3752182318170805,-0.03339872428980595
322,2,858.408333333333,484.8,16.8160618987522,18.1671576690712,95.5790235610044,240,False,2,2.3068302863446113,-2.4899188483314285,-0.11470061651434804
323,2,856.73275862069,483.633620689655,16.5255289103594,17.8797492065266,90.1937454152501,232,False,2,2.0415658973566018,-2.5334842125975094,-0.04356536426608093
324,2,855.339055793992,482.381974248927,16.7473288939403,17.7475486189569,115.425579279998,233,False,2,1.8732395420055346,-2.409843387321124,0.12364082527638542
325,2,853.570833333333,481.0,16.9509095134548,18.0125804801965,90.0,240,False,2,2.2442066515979096,-2.47819637688722,-0.06835298956609615
326,2,851.662601626016,480.178861788618,17.2840600483392,18.1197785580849,108.336288030213,246,False,2,2.077406125677287,-2.735229892832708,-0.25703351594548796
327,2,849.779661016949,479.088983050847,16.6322558304193,18.0683311343036,68.952050568925,236,False,2,2.1756150855146257,-2.616894248779139,0.11833564405356922
328,2,847.81512605042,477.756302521008,16.9481381632103,17.8905077086652,94.6282386849297,238,False,2,2.373907123146829,-2.5455318145164196,0.07136243426271927
329,2,845.632478632479,475.98717948718,16.5764360361357,17.9738139303199,71.3335773813006,234,False,2,2.8095811182212316,-2.4604578447070873,0.08507396980933235
330,2,844.080168776371,474.084388185654,16.7408972102631,18.0472380548369,80.8571402422379,237,False,2,2.455662970876293,-2.2551014498420545,0.20535639486503277
331,2,842.408888888889,472.688888888889,16.4389618387445,17.4383729090097,80.1335129754797,225,False,2,2.1772906901866658,-2.445878419361399,-0.19077696951934442
332,2,840.912037037037,470.865740740741,16.405589673092,16.7663676936897,56.3257191474635,216,False,2,2.358905389473768,-2.2582270987504014,0.18765132061099754
333,2,839.375,469.398148148148,16.1813496735917,17.000211798816,100.839336308983,216,False,2,2.125161375297697,-2.379302856789881,-0.12107575803947945
334,2,837.878378378378,467.513513513514,16.3237514097921,17.3027639138696,97.7279844773759,222,False,2,2.4066000881676346,-2.241940162231201,0.1373626945586799
335,2,836.539130434783,465.908695652174,16.5022365013239,17.7550006135476,99.3917118681471,230,False,2,2.090221381217596,-2.266232811289334,-0.024292649058132998
336,2,835.207207207207,464.324324324324,16.267051573578,17.3725613652758,103.245393763968,222,False,2,2.0698434696057832,-2.26984506733742,-0.0036122560480862376
337,2,833.804347826087,462.4,16.5277890438384,17.7295790649815,100.703027064806,230,False,2,2.381394244635174,-2.200730559432772,0.06911450790464801
338,2,832.536796536797,460.991341991342,16.5770175920716,17.7486653708921,109.167457103113,231,False,2,1.8949943684182537,-2.303516930510222,-0.1027863710774497
339,2,831.147321428571,459.21875,16.4975366849532,17.2793386312296,117.328561221425,224,False,2,2.2522707306515293,-2.2356219287202554,0.06789500178996644
340,2,829.67094017094,457.905982905983,16.8516675915652,17.6778494274975,98.3234552786917,234,False,2,1.9756161218764052,-2.4147883181606495,-0.1791663894403941
341,2,828.585152838428,455.917030567686,16.5047247453908,17.6846774022368,111.941075753684,229,False,2,2.26602416921366,-2.0704933657179474,0.34429495244270214
342,2,827.314410480349,454.200873362446,16.5342067029183,17.6355558776898,106.609263528943,229,False,2,2.135411364049927,-2.2081625432304963,-0.13766917751254892
343,2,825.797413793104,452.866379310345,16.7001508260266,17.6915295561463,110.8937241801,232,False,2,2.0204339445290107,-2.42010984739407,-0.21194730416357377
344,2,824.922077922078,451.212121212121,16.5971214203495,17.7255373654119,107.682467860254,231,False,2,1.8715722648737405,-2.057484086671512,0.36262576072255825
345,2,823.723684210526,449.793859649123,16.5386500202539,17.5502177719374,110.012921092845,228,False,2,1.8567749860887202,-2.2723651139529095,-0.21488102728139769
346,2,822.314410480349,448.200873362445,16.5342067029183,17.6355558776898,106.609263528943,229,False,2,2.126889220460533,-2.295079272959041,-0.022714159006131496
347,2,821.130434782609,446.604347826087,16.6744717475939,17.5594121775721,94.075122837867,230,False,2,1.9876348359500582,-2.208896636802018,0.08618263615702304
348,2,819.517094017094,445.106837606838,16.7596200113178,17.7712329986032,91.5790681086352,234,False,2,2.2012281304825514,-2.3934116575376585,-0.18451502073564052
349,2,818.46288209607,443.825327510917,16.7473414094361,17.4168947280878,92.7193327899136,229,False,2,1.659406791710985,-2.259186062474891,0.13422559506276732
350,2,816.9625,442.733333333333,16.9086608083934,18.0942968516488,91.4364212648268,240,False,2,1.8556933254405867,-2.512444579161242,-0.2532585166863508
351,2,815.64347826087,441.273913043478,16.569542154119,17.6848869248263,78.6987729169064,230,False,2,1.9671618974395622,-2.305706039075446,0.20673854008579617
352,2,814.401709401709,439.910256410256,16.8121501838615,17.7149739963011,76.9104718976146,234,False,2,1.8443289600589803,-2.3094462832270115,-0.003740244151565708
353,2,812.946666666667,438.666666666667,16.4531228733498,17.4102241016596,69.2504621114198,225,False,2,1.9140702210624598,-2.434390329973757,-0.12494404674674531
354,2,811.53711790393,436.991266375546,16.5938485004077,17.5770533774852,65.775979140485,229,False,2,2.189473418432366,-2.2702299157011177,0.16416041427263917
355,2,810.314410480349,435.786026200873,16.5055761789824,17.665826602033,71.1388448238061,229,False,2,1.716862639329652,-2.3633886106825206,-0.09315869498140295
356,2,808.730088495575,434.420353982301,16.1819512515554,17.7751784344429,83.3146779411114,226,False,2,2.091682757976813,-2.430177920503395,-0.06678930982087428
357,2,807.685840707965,432.995575221239,16.4134601021402,17.5497102133299,83.1754490025733,226,False,2,1.7664789723916434,-2.2032758378065553,0.22690208269683954
358,2,806.446902654867,431.694690265487,16.4168926547488,17.5386421659806,82.5507734373068,226,False,2,1.7964601769914237,-2.3318090810199603,-0.12853324321340498
359,2,805.396396396396,430.036036036036,16.2493214661099,17.4258120884436,99.869611213967,222,False,2,1.9633382927968477,-2.1353765839563437,0.19643249706361665
360,2,804.066371681416,428.464601769912,16.6423372503133,17.2889178626122,90.7453676012341,226,False,2,2.0587305300127126,-2.2731828791735014,-0.1378062952171577
361,2,802.726086956522,427.047826086957,16.6117418503393,17.6367927900415,94.9074241210204,230,False,2,1.9502862558088194,-2.328457940933679,-0.055275061760177824
362,2,801.737991266375,425.694323144105,16.6588560628769,17.5353179977966,84.0342216344128,229,False,2,1.675799304569591,-2.201392660078478,0.1270652808552013
363,2,800.469827586207,424.189655172414,16.5143909162667,17.8903362647525,93.8788479730258,232,False,2,1.967807110651375,-2.2711070087705956,-0.06971434869211768
364,2,799.365957446809,422.697872340426,16.780204589505,17.8398356550116,108.083252084343,235,False,2,1.8557869765866506,-2.2078453638250246,0.06326164494557096
365,2,798.321428571429,421.375,16.0807851472077,17.72220969282,100.169802696389,224,False,2,1.6855360573321443,-2.2391583765984238,-0.03131301277339915
366,2,797.181415929204,419.973451327434,16.6623461440119,17.2884441965622,81.6954663321034,226,False,2,1.8066453736149293,-2.2536517341586957,-0.014493357560271924
367,2,796.116379310345,418.314655172414,16.6483210441435,17.7510996725815,100.159681573936,232,False,2,1.9712705759027287,-2.141565272774904,0.11208646138379175
368,2,794.916666666667,416.850877192983,16.6617777148308,17.4161350263835,115.705503961,228,False,2,1.8926057171180968,-2.25737483893661,-0.11580956616170601
369,2,793.54954954955,415.216216216216,16.2078682256421,17.459726748844,106.777955995337,222,False,2,2.1309917223863155,-2.2673009200177345,-0.009926081081124583
370,2,792.646551724138,413.952586206897,16.7756569960301,17.6065563978262,98.8704733454302,232,False,2,1.55311489373782,-2.191257986920516,0.07604293309721832
371,2,791.5,412.817391304348,16.7193310346362,17.5221598827462,90.0,230,False,2,1.6134584974201045,-2.361171698299804,-0.16991371137928768
372,2,790.5,411.817391304348,16.7193310346362,17.5221598827462,90.0,230,False,2,1.4142135623730951,-2.356194490192345,0.004977208107459052
373,2,789.409691629956,410.775330396476,16.6664950786533,17.3597325398625,80.7479425473127,227,False,2,1.508198686348383,-2.3788168529488134,-0.02262236275646856
374,2,787.978165938865,409.576419213974,16.7088465949426,17.4475338164278,83.9062631093164,229,False,2,1.867258371994059,-2.4443969391096454,-0.065580086160832
375,2,786.722466960353,407.982378854626,16.3847049082801,17.6599084233509,81.5904809486879,227,False,2,2.0292226570453997,-2.2380205505845554,0.20637638852509
376,2,785.246808510638,406.676595744681,16.7907911251671,17.8318380664434,93.9911267657434,235,False,2,1.970440912697761,-2.417193288873103,-0.17917273828854752
377,2,784.133047210301,405.115879828326,16.5035724052367,17.9926340794699,84.2480056903394,233,False,2,1.9173675718786884,-2.1906062251100114,0.22658706376309157
378,2,783.063559322034,403.724576271186,16.8690015345039,17.823687684448,83.7499881682166,236,False,2,1.7548589491067936,-2.2261551771884465,-0.035548952078435114
379,2,781.844827586207,402.293103448276,16.6589433511764,17.7461740446701,90.3751988721816,232,False,2,1.88000571452376,-2.276092790365342,-0.04993761317689538
380,2,780.590308370044,400.775330396476,16.6664950786533,17.3597325398625,99.2520574526873,227,False,2,1.9691250596374883,-2.2615194726788728,0.014573317686469078
381,2,779.716738197425,399.738197424893,16.6521149237501,17.831363505343,92.2975738473302,233,False,2,1.356012406740539,-2.2707992156041708,-0.009279742925297985
382,2,778.716814159292,398.349557522124,16.1919527586686,17.769374005506,81.1024426946902,226,False,2,1.7111893120279142,-2.194868373826419,0.07593084177775156
383,2,777.792207792208,396.74025974026,16.7146737412581,17.6093013857735,92.5276181769806,231,False,2,1.8560000767145555,-2.092285031660037,0.10258334216638199
384,2,776.959821428572,395.303571428571,16.1849713939422,17.6243527731134,90.2297683931899,224,False,2,1.6604036748065327,-2.0959149627969693,-0.0036299311369321074
385,2,775.821576763486,393.912863070539,16.8591135148618,18.2036208899594,98.6224057136428,241,False,2,1.7971284469110456,-2.2566948179942075,-0.16077985519723814
386,2,774.89539748954,392.820083682008,16.6838307290974,18.2695618671616,97.3109729839324,239,False,2,1.4324715841807716,-2.2738631787291186,-0.017168360734911126
387,2,773.917391304348,391.478260869565,16.2873174064255,17.9728666167772,92.8405306170509,230,False,2,1.6604169832502906,-2.2006325275158165,0.07323065121330208
388,2,773.135593220339,389.889830508475,16.8315168330578,17.8584305047513,105.273159649722,236,False,2,1.7704008744328996,-2.0281706325105877,0.1724618950052288
389,2,772.227848101266,388.670886075949,16.9828566488686,17.78605585403,91.0767712070823,237,False,2,1.5198114129019586,-2.210895319912774,-0.18272468740218617
390,2,771.094420600858,387.587982832618,16.5840594686271,17.8985788330337,96.0394168020153,233,False,2,1.5675896571162211,-2.378986895118911,-0.16809157520613693
391,2,770.311965811966,386.611111111111,16.8893658626833,17.6732864673577,103.571584131628,234,False,2,1.2516045129912838,-2.246134592662106,0.13285230245680468
392,2,769.231111111111,385.164444444444,16.5832857432119,17.2853383067482,94.0313403171053,225,False,2,1.8058491987998087,-2.2124610468231314,0.03367354583897475
393,2,768.231111111111,384.164444444444,16.5832857432119,17.2853383067482,94.0313403171053,225,False,2,1.4142135623730951,-2.356194490192345,-0.14373344336921345
394,2,767.040540540541,382.81981981982,16.4386968613446,17.1941247230303,73.2319232885908,222,False,2,1.7959603739093322,-2.295502967431463,0.060691522760881966
395,2,766.0,381.506607929515,16.5217573024141,17.4820234919888,90.0,227,False,2,1.6754850298787414,-2.240863195798359,0.05463977163310396
396,2,765.026785714286,380.214285714286,16.5956706347494,17.1916208784341,70.3469970889644,224,False,2,1.6177894652556406,-2.216261907199716,0.024601288598642856
397,2,764.111111111111,378.737777777778,16.4524845943098,17.4075413643918,63.1087059957274,225,False,2,1.7373933536971276,-2.125909302674802,0.0903526045249139
398,2,763.066666666667,377.502222222222,16.5251967308049,17.327242987602,90.5202434997711,225,False,2,1.6178571409105609,-2.2725693093172716,-0.14666000664246948
399,2,762.051948051948,376.242424242424,16.7313342244699,17.5922111077985,99.1663615146634,231,False,2,1.6176355637040636,-2.2488585162104306,0.02371079310684099
400,2,761.360869565217,375.130434782609,16.727050604712,17.5134092076604,90.6179191024546,230,False,2,1.309240250512577,-2.126859931927337,0.12199858428309351
401,2,760.641025641026,373.760683760684,16.6538933165828,17.9041494811662,82.6566983447021,234,False,2,1.5473826731804743,-2.0546579592817844,0.07220197264555273
402,2,759.591304347826,372.539130434783,16.4735206071729,17.8099879503027,89.2760117899193,230,False,2,1.6106232711025814,-2.280683884766198,-0.22602592548441347
403,2,758.84,371.191111111111,16.2875929159094,17.6049332583316,86.6046592973655,225,False,2,1.543247977499177,-2.0792569630552586,0.20142692171093923
404,2,758.271929824561,369.864035087719,16.5932975184573,17.5006079943665,73.1061091852455,228,False,2,1.4435492704044834,-1.9752572460001312,0.10399971705512723
405,2,757.484444444444,368.608888888889,16.447259848269,17.4410963248984,93.2285211279622,225,False,2,1.4817304762794863,-2.1311234280980806,-0.15586618209794967
406,2,756.637554585153,367.310043668122,16.4731364901096,17.7079725918584,80.9074726174712,229,False,2,1.550555171955905,-2.148599347234774,-0.017475919136693552
407,2,755.93832599119,366.400881057269,16.4238763703038,17.595889449336,87.0180346410727,227,False,2,1.1469512978276284,-2.2264040070559306,-0.07780465982115636
408,2,755.412017167382,364.875536480687,16.733775102363,17.7228193825417,80.4675713250568,233,False,2,1.6135913532633317,-1.9030479255135944,0.32335608154233597
409,2,754.447368421053,363.767543859649,16.6301410533761,17.4758892901804,80.296565767211,228,False,2,1.4690795935104304,-2.28714444243166,-0.38409651691806523
410,2,753.978070175439,362.399122807018,16.3878289219059,17.7201972711169,87.0748141869328,228,False,2,1.4466571883553192,-1.9011756219715203,0.3859688204601395
411,2,753.310043668122,360.965065502183,16.6357134056257,17.5330336780151,92.4157701101012,229,False,2,1.5820176257010379,-2.0067359893681616,-0.10556036739664121
412,2,752.568965517241,359.844827586207,16.6827772877468,17.705915635947,95.5926883139066,232,False,2,1.3431789955562399,-2.155238788052969,-0.1485027986848073
413,2,752.186956521739,358.45652173913,16.4181678654939,17.8323695781638,89.0427777290741,230,False,2,1.4399041626693867,-1.8393131295252894,0.3159256585276795
414,2,751.450643776824,356.965665236052,16.5757880940585,17.8967233479681,91.6949457987505,233,False,2,1.6627716533229018,-2.029540562780447,-0.19022743325515767
415,2,751.035555555556,355.484444444444,16.4094147496303,17.4321640120358,86.711346510858,225,False,2,1.5382825699224547,-1.8440218758483125,0.18551868693213436
416,2,750.433035714286,354.142857142857,16.2550508883903,17.5646776143906,111.085482796307,224,False,2,1.470675575000685,-1.992909613936167,-0.1488877380878546
417,2,749.893617021277,352.914893617021,16.6479230117473,17.9795602298438,112.550911426333,235,False,2,1.3412184561625757,-1.9846990564478884,0.008210557488278702
418,2,749.552631578947,351.666666666667,16.5730887387699,17.5339800134152,111.124393148662,228,False,2,1.2939635201469148,-1.8374658385088238,0.14723321793906452
419,2,748.912280701754,350.315789473684,16.4559047583992,17.6489239306792,96.9167858863243,228,False,2,1.4949643595897362,-2.0134496454940667,-0.17598380698524263
420,2,748.580086580087,349.008658008658,16.5468891987609,17.7783762665541,102.591238626614,231,False,2,1.3486829135608618,-1.8196674557168242,0.1937821897772425
421,2,748.137339055794,347.759656652361,16.8154745148344,17.6575935455338,101.514592891851,233,False,2,1.325152730178454,-1.911457732707528,-0.09179027699070375
422,2,747.811659192825,346.309417040359,16.1927770944922,17.5427592754132,83.9059461131017,223,False,2,1.4863587404671932,-1.7917011580529998,0.11975657465452816
423,2,747.16814159292,344.951327433628,16.7049755986199,17.2281027024629,73.2623709578911,226,False,2,1.502838075541778,-2.013298034866775,-0.22159687681377527
424,2,746.929515418502,343.224669603524,16.5776236119675,17.4364837650169,106.785748722809,227,False,2,1.743069050088669,-1.708127607483274,0.305170427383501
425,2,746.598290598291,341.910256410256,16.8121501838615,17.7149739963011,103.089528102385,234,False,2,1.3555043062125245,-1.817651229845848,-0.10952362236257418
426,2,746.112554112554,340.233766233766,16.6606305089651,17.6604587795551,97.2380243694122,231,False,2,1.7454395565139502,-1.852808521101604,-0.035157291255756284
427,2,745.671052631579,339.065789473684,16.5581477739516,17.5427046525037,95.9018847269535,228,False,2,1.248636564335205,-1.93219923031163,-0.07939070921002589
428,2,745.358407079646,338.345132743363,16.1556854071287,17.8059083513431,101.294942105728,226,False,2,0.7855529034383251,-1.9801257810186157,-0.047926550706985704
429,2,745.038961038961,336.922077922078,16.6500046929014,17.6602758741545,122.211560946158,231,False,2,1.4584686480318332,-1.7916148971259866,0.18851088389262927
430,2,744.48085106383,336.029787234043,16.7200011034346,17.8874795668917,96.9853379137252,235,False,2,1.0524587480252132,-2.1297407326553874,-0.338125835529401
431,2,744.257383966245,334.827004219409,16.9945513368299,17.7543251173934,95.6856391331484,237,False,2,1.223366062957082,-1.754493482463889,0.3752472501914985
432,2,743.633187772926,333.729257641921,16.4799893526111,17.7104694461094,97.4345529492622,229,False,2,1.2628018198199442,-2.087819574791336,-0.33332609232744703
433,2,742.991228070176,332.276315789474,16.7472733212983,17.3364244450974,95.7558080458843,228,False,2,1.5884433532697921,-1.9868390313022097,0.10098054348912644
434,2,742.5,330.817391304348,16.7193310346362,17.5221598827462,90.0,230,False,2,1.5394043231811951,-1.8955788605564505,0.09126017074575898
435,2,741.907488986784,329.5859030837,16.5297526425242,17.4893657491001,99.4882155961304,227,False,2,1.3666135292675665,-2.0192376509144703,-0.12365879035801974
436,2,741.358407079646,328.345132743363,16.1556854071287,17.8059083513431,101.294942105728,226,False,2,1.356835280425059,-1.9874234280143734,0.031814222900096834
437,2,740.911764705882,326.873949579832,16.7825903017503,18.0675528002563,104.292163850456,238,False,2,1.5374879871721454,-1.8655470940152903,0.12187633399908293
438,2,740.446902654867,325.694690265487,16.4168926547488,17.5386421659806,82.5507734373068,226,False,2,1.2675761345746919,-1.9462912794074363,-0.08074418539214623
439,2,739.770925110132,324.162995594714,16.2813788474583,17.7703172597122,90.6751817453348,227,False,2,1.6742264498747987,-1.9864140543787365,-0.040122774971300235
440,2,739.5,322.817391304348,16.7193310346362,17.5221598827462,90.0,230,False,2,1.3726074899808085,-1.769480831376419,0.21693322300231754
441,2,739.194690265487,321.137168141593,16.3371576201879,17.6378123752267,101.005317115111,226,False,2,1.7077364874730558,-1.7505430210603279,0.018937810316090875
442,2,738.822222222222,319.986666666667,16.5966072340241,17.2662707282942,106.420006958579,225,False,2,1.2092915641236217,-1.8838918715199053,-0.13334885045957723
443,2,738.456896551724,318.758620689655,16.8176839018245,17.5753581269707,99.9951270855409,232,False,2,1.2812336895274872,-1.8599444966594187,0.02394737486048637
444,2,737.868085106383,317.787234042553,16.9345884924791,17.674478523777,100.829199527709,235,False,2,1.1359097395183366,-2.1157297064511926,-0.25578520979177366
445,2,737.445414847162,316.484716157205,16.704233754571,17.4858683645987,101.635799430495,229,False,2,1.3693805131084855,-1.8845781530265113,0.2311515534246813
446,2,737.252252252252,315.256756756757,16.0892395337579,17.580714022726,94.6767519121509,222,False,2,1.2430591607888324,-1.7268215210754194,0.1577566319510919
447,2,737.029914529915,313.752136752137,16.8336254230944,17.7120644787828,99.9777897897591,234,False,2,1.5209587177424215,-1.7175046508444225,0.009316870230996699
448,2,737.206008583691,312.188841201717,16.3656784719191,18.1353028236222,108.694161624101,233,False,2,1.5731821552948524,-1.4586263098004326,0.25887834104398966
449,2,736.8669527897,310.716738197425,16.7383785250431,17.7268862473626,97.8610434841281,233,False,2,1.5106442621227658,-1.7971692804960124,-0.3385429706955798
450,2,736.580086580087,309.008658008658,16.5468891987609,17.7783762665541,102.591238626614,231,False,2,1.732001776406704,-1.7371900568600902,0.05997922363592245
451,2,735.907488986784,307.784140969163,16.5255197062003,17.4839910242973,115.849687815139,227,False,2,1.3970789177890925,-2.073083370573904,-0.3358933137138136
452,2,736.125,306.446428571429,16.0351410781193,17.780600687516,102.644583555045,224,False,2,1.3552805982236533,-1.4096077412795947,0.6634756292943091
453,2,736.04347826087,305.295652173913,16.7078402160883,17.532383854777,98.605608966044,230,False,2,1.1536603100699316,-1.6415188224772925,-0.23191108119769765
454,2,735.982300884956,304.101769911504,16.407598709336,17.5408644461747,109.420394889889,226,False,2,1.1954486721807145,-1.6219939330307154,0.019524889446577376
455,2,735.867256637168,303.057522123894,16.4493641941997,17.5010595081492,112.246384815753,226,False,2,1.0505658574680077,-1.6805233156793844,-0.05852938264866925
456,2,735.737991266376,301.899563318777,16.6580630702859,17.5083332590713,111.347858390558,229,False,2,1.1651515482691535,-1.681968151870097,-0.0014448361907124507
457,2,735.576576576577,300.644144144144,16.4242654778967,17.2281232408125,89.625930068546,222,False,2,1.265753532927754,-1.6986691078679166,-0.016700955997819733
458,2,735.356223175966,299.31330472103,16.7519480396192,17.7283661187115,112.115185394255,233,False,2,1.3489585580273256,-1.7348824080099094,-0.03621330014199309
459,2,735.352422907489,298.308370044053,16.2543261560394,17.785483397062,103.108044685717,227,False,2,1.0049418625131625,-1.5745779162343858,0.16030449177552342
460,2,735.48085106383,297.097872340426,16.7301262217148,17.874120154821,93.1538421075436,235,False,2,1.2172914531151993,-1.4650964046809345,0.10948151155345132
461,2,735.182608695652,295.913043478261,16.6981042245079,17.5597518292708,89.0076368255562,230,False,2,1.2217888290517682,-1.817390972061657,-0.3522945673807225
462,2,735.275555555556,294.306666666667,16.3001674518421,17.576576663695,105.874890652514,225,False,2,1.609063572265821,-1.5129995875775883,0.30439138448406844
463,2,735.321739130435,293.165217391304,16.6434422570198,17.5983756115776,107.347174541313,230,False,2,1.142383197887364,-1.5303579131063088,-0.017358325528720187
464,2,735.105263157895,292.008771929825,16.6589354069353,17.4291433768697,112.179877407939,228,False,2,1.1765321721323712,-1.7558455791214573,-0.22548766601514858
465,2,735.105263157895,291.008771929825,16.6589354069353,17.4291433768697,112.179877407939,228,False,2,1.0,-1.5707963267948966,0.18504925232656078
466,2,735.151515151515,289.536796536797,16.6810217787937,17.6425423649776,90.8673792786118,231,False,2,1.472701872272107,-1.5393849452292254,0.031411381565670915
467,2,735.135964912281,288.017543859649,16.2932368825159,17.8409612806792,108.397529551874,228,False,2,1.5193322569344907,-1.581031422289136,-0.04164647705991076
468,2,734.991228070176,286.837719298246,16.6082844083036,17.484484828755,116.43186846801,228,False,2,1.1886693186720565,-1.69286299581625,-0.11183157352711426
469,2,735.037209302326,285.488372093023,15.7910914570682,17.3106607387824,115.026894133369,215,False,2,1.3501304210901937,-1.5367328579684953,0.15613013784775465
470,2,735.275862068966,283.913793103448,16.3267544414726,18.0944999951291,124.085573012657,232,False,2,1.5925621298511325,-1.4203751126418735,0.11635774532662158
471,2,735.550660792952,282.334801762115,16.400488301614,17.6398132636613,104.288502800826,227,False,2,1.6027251775363445,-1.3984877742233508,0.021887338418522972
472,2,735.94298245614,280.872807017544,16.7023650528358,17.3716081103407,124.830320182657,228,False,2,1.5137189040768904,-1.3086259698795035,0.0898618043438475
473,2,736.078947368421,279.771929824561,16.4111094520098,17.7167677176415,107.943388262663,228,False,2,1.109241655998214,-1.4479126406516811,-0.1392866707721776
474,2,736.576419213974,278.541484716157,16.1895873358727,18.0003359887361,111.35641869955,229,False,2,1.3272051092100245,-1.1865865408106373,0.2613260998410438
475,2,737.441558441558,276.805194805195,16.3014878233939,18.0515762006718,120.954074494443,231,False,2,1.9398887952697348,-1.108534573327119,0.0780519674835185
476,2,737.606986899563,275.353711790393,16.1450084857852,18.0639588070947,118.04078179913,229,False,2,1.4608797065387356,-1.4573139758456544,-0.34877940251853534
477,2,737.907894736842,274.385964912281,16.8385006663707,17.2468672677169,142.146564010693,228,False,2,1.013449331062685,-1.2693364808202905,0.18797749502536387
478,2,738.393162393162,273.196581196581,16.6861286416287,17.8594571610032,116.371744052638,234,False,2,1.2845693135999572,-1.1834131275077109,0.08592335331257939
479,2,738.934782608696,272.013043478261,16.3175887713701,17.9301870764842,136.767086850352,230,False,2,1.3015813415077637,-1.1416169387499209,0.04179618875779001
480,2,739.416309012876,270.828326180258,16.3067288404175,18.195779080857,122.153954082269,233,False,2,1.2788364845085338,-1.1847434078157442,-0.043126469065823514
481,2,740.360515021459,269.369098712446,16.4208942831104,18.0818505966062,124.779433044475,233,False,2,1.7380649554781735,-0.9964914966207844,0.18825191119495965
482,2,741.137777777778,268.213333333333,16.4342873959044,17.4221464074648,125.89552767542,225,False,2,1.3928140593476874,-0.9787598482384271,0.01773164838235708
483,2,741.934497816594,267.026200873362,16.3529374466879,17.8071808824098,138.791484933446,229,False,2,1.4297014715554945,-0.9797101835123625,-0.0009503352739352877
484,2,742.783185840708,265.823008849558,16.4374156344737,17.5062709830582,147.993360570407,226,False,2,1.4723934285441875,-0.9564796016175252,0.023230581894837066
485,2,743.864035087719,264.938596491228,16.3870483381717,17.7057759531327,141.510847018797,228,False,2,1.3965744929401422,-0.6857744862778162,0.27070511533970887
486,2,744.850220264317,263.903083700441,16.4072680725729,17.6096136806617,139.409359752319,227,False,2,1.4299817979349085,-0.8097924250383033,-0.12401793876048695
487,2,745.739910313901,262.977578475336,16.3926694263033,17.3190024741682,132.361686474428,223,False,2,1.283786705814237,-0.8051263598383953,0.004666065199907976
488,2,746.987341772152,261.7805907173,16.6260236519563,18.1452413674626,150.783854425124,237,False,2,1.7288334031717305,-0.7647648198496005,0.04036153998879488
489,2,748.078260869565,261.0,16.6338156469386,17.5890506436109,143.373486213497,230,False,2,1.341426980880943,-0.621076179085325,0.14368864076427545
490,2,749.199115044248,260.137168141593,16.5532410270939,17.3713207817392,136.221376078316,226,False,2,1.4144938659415094,-0.6560522045996688,-0.03497602551434387
491,2,750.452586206897,259.383620689655,16.8281757314709,17.5815684824255,145.391444136467,232,False,2,1.4625401594195446,-0.5412782914894954,0.11477391311017371
492,2,751.5,258.5,17.0741156060516,17.6327891791766,135.0,236,False,2,1.3703507496874177,-0.700779282048918,-0.15950099055942246
493,2,752.685106382979,257.655319148936,16.8929787970274,17.7401896659025,149.763041576267,235,False,2,1.4553222595466222,-0.6192297718563029,0.08154951019261514
494,2,754.0,257.426086956522,16.6109580850392,17.6375824154856,159.917362103781,230,False,2,1.3347256729835568,-0.172600511858061,0.44662925999824177
495,2,755.232456140351,256.447368421053,16.6301410533761,17.4758892901804,170.296565767211,228,False,2,1.5737973533970355,-0.6711455099317643,-0.4985449980737031
496,2,756.515283842795,256.113537117904,16.5741331521346,17.5982804727968,176.836247561846,229,False,2,1.3255528103851506,-0.2545842496708688,0.41656126026089524
497,2,757.935897435898,255.397435897436,16.8711040682101,17.6524905737551,7.79853246609153,234,False,2,1.5908940690268283,-0.4669053365737197,-0.2123210869028509
498,2,759.063063063063,254.990990990991,16.6264924026922,16.9991852177108,174.655342228837,222,False,2,1.1982069157860027,-0.3460779897114108,0.1208273468623089
499,2,760.32,254.506666666667,16.4743325754644,17.4184298812013,1.58991505993207,225,False,2,1.3470191218273264,-0.36778846189055736,-0.021710472179146567
500,2,761.374449339207,254.057268722467,16.6781052690716,17.3302592002638,168.369633177177,227,False,2,1.1462207122562127,-0.4028799061062194,-0.035091444215662015
501,2,762.791304347826,253.552173913044,16.8256686084912,17.414135412708,8.53188853728081,230,False,2,1.5041937647639694,-0.3424449210323011,0.06043498507391831
502,2,764.098712446352,253.562231759657,16.8481459774745,17.606798667475,12.9158983824111,233,False,2,1.3074467852918252,0.007692814674936818,0.35013773570723794
503,2,765.089743589744,252.598290598291,16.8121501838615,17.7149739963011,13.0895281023856,234,False,2,1.3825068859678384,-0.7715420856099334,-0.7792349002848704
504,2,766.182608695652,252.5,16.7193310346361,17.5221598827462,180.0,230,False,2,1.0972762557458868,-0.08969712258495482,0.6818449630249788
505,2,767.394849785408,252.163090128755,16.8646947461965,17.6014831710213,4.04238767923931,233,False,2,1.2581878719155033,-0.27108181092532324,-0.18138468834036825
506,2,768.948497854077,251.703862660944,16.8414399707797,17.6168606565299,167.949262274309,233,False,2,1.6200963516010065,-0.2873969335051712,-0.01631512257984813
507,2,770.025423728814,251.432203389831,17.0045146294261,17.6611194619458,171.798047538063,236,False,2,1.1106611090965655,-0.24709930646637987,0.04029762703879136
508,2,771.207792207792,251.012987012987,16.9952659908651,17.2957427810736,26.6420829620614,231,False,2,1.254486983071141,-0.34072824137301694,-0.09362893490663726
509,2,772.733905579399,250.68669527897,16.570367841303,17.9136738189665,17.4963983281982,233,False,2,1.5606051129884262,-0.2106343453233124,0.13009389604970467
510,2,774.167381974249,250.394849785408,16.6711403623231,17.7977866897498,177.402706811558,233,False,2,1.462883579340683,-0.20084779009376133,0.009786555229551297
511,2,775.254237288136,249.877118644068,16.7593338922679,17.9477054552143,9.85892390542629,236,False,2,1.2038687669499613,-0.4445549476315434,-0.24370715753778205
512,2,776.225225225225,249.774774774775,16.6965497865509,16.9311855291294,44.9999999999979,222,False,2,0.9763666532375418,-0.10501405230445877,0.33954089532708487
513,2,777.357142857143,249.5,16.3607294882519,17.4519749189434,180.0,224,False,2,1.1647912698417169,-0.23814505651725085,-0.133131004212792
514,2,778.473684210526,249.140350877193,16.8566551188016,17.247951653875,5.5046530148279,228,False,2,1.173035415215681,-0.3116157662705179,-0.0734707097532672
515,2,779.777272727273,248.863636363636,16.3019532280978,17.1832526661451,171.941872666004,220,False,2,1.3326342120056016,-0.20916662580881154,0.10244914046170628
516,2,781.182608695652,248.5,16.7193310346361,17.5221598827462,180.0,230,False,2,1.451619987799154,-0.2532006413692754,-0.044034015560463935
517,2,782.591304347826,248.073913043478,16.8309879655221,17.4099323894658,173.727536533946,230,False,2,1.4717246804250723,-0.29372051443693586,-0.04051987306766058
518,2,783.582222222222,247.942222222222,16.4744255907174,17.3770138429447,179.257305030643,225,False,2,0.9996302847555079,-0.13212359777761334,0.16159691665932252
519,2,784.916666666667,247.447368421053,16.8170841898506,17.2732041105308,17.1712305444266,228,False,2,1.4232435701037138,-0.35511094187752357,-0.22298734409991017
520,2,786.126637554585,247.157205240175,16.5747635696022,17.5965423911676,17.5339915156713,229,False,2,1.244276585469043,-0.2353653695810345,0.1197455722964893
521,2,787.208695652174,246.695652173913,16.612641047289,17.6407986095124,9.1393606888382,230,False,2,1.1763846987842457,-0.40318370485644933,-0.167818335275415
522,2,788.295652173913,246.330434782609,16.7784823778271,17.4793671449746,5.42226422441128,230,False,2,1.1466726747689946,-0.3241486313342291,0.07903507352222006
523,2,789.446808510638,245.634042553192,17.1324575178431,17.4989781603377,168.831913002359,235,False,2,1.3454081346470388,-0.5440513884570017,-0.21990275712277274
524,2,790.703056768559,245.039301310044,16.762917775292,17.3908720912293,0.807859645206378,229,False,2,1.3899197213619174,-0.44216373669293096,0.10188765176407077
525,2,792.048672566372,244.83185840708,16.7049755986199,17.2281027024628,16.737629042109,226,False,2,1.3615118190137452,-0.15295791541290016,0.2892058212800306
526,2,793.089743589744,244.401709401709,16.8121501838615,17.7149739963011,166.910471897614,234,False,2,1.1264355474355312,-0.39181596796972695,-0.2388580525568269
527,2,794.264069264069,243.818181818182,16.6660476511469,17.6530029139677,7.69735649043173,231,False,2,1.3113143140055212,-0.4611680562384928,-0.06935208826876593
528,2,795.352422907489,243.343612334802,16.6920964552804,17.3525188157732,16.8487645284509,227,False,2,1.1873204486157385,-0.4111872456175572,0.0499808106209354
529,2,796.80686695279,242.93991416309,16.9942639689932,17.4567421398534,171.917971713956,233,False,2,1.509430255015153,-0.27074637375681887,0.14044087186073817
530,2,797.782608695652,242.504347826087,16.7276719069177,17.5197485692008,163.143272208963,230,False,2,1.068545732616854,-0.41985205120891106,-0.14910567745209224
531,2,798.748878923767,241.834080717489,16.4837566659039,17.221909233912,157.938542072188,223,False,2,1.1759830571100172,-0.6064611113884346,-0.1866090601795234
532,2,800.008620689655,241.452586206897,16.9736032898049,17.4078156874538,9.96815995312274,232,False,2,1.3162398635257673,-0.2940561238802162,0.3124049875082182
533,2,801.052401746725,240.882096069869,16.8640027773984,17.3024272385383,176.135970606069,229,False,2,1.189511618919429,-0.5001991578000506,-0.20614303391983446
534,2,802.046025104603,240.598326359833,17.0208841681456,17.8667920711593,173.921400472203,239,False,2,1.033350195071718,-0.2781855081900571,0.22201364960999337
535,2,803.051948051948,240.316017316017,16.7979838855363,17.5078368456227,167.873775231226,231,False,2,1.0447867592075926,-0.27360836832491303,0.004577139865144186
536,2,804.207792207792,239.528138528139,16.7457037257408,17.5741834134498,174.715226059482,231,False,2,1.398831189596062,-0.598302668467041,-0.3246943001421281
537,2,805.705627705628,239.212121212121,16.9303652723242,17.3863920200475,158.017793480782,231,False,2,1.5308096297714349,-0.20793316203259207,0.3903695064344488
538,2,806.756521739131,238.565217391304,16.6649789279941,17.5917768697586,0.922608455767531,230,False,2,1.2340432824823768,-0.5517928719403224,-0.3438597099077305
539,2,807.897777777778,238.244444444444,16.528394663044,17.3405125299378,174.994141374786,225,False,2,1.1854790715931358,-0.2740007288806208,0.2777921430597017
540,2,808.986725663717,237.920353982301,16.5614629765144,17.3894332857993,7.47845866927054,226,False,2,1.136152333951431,-0.2892700181166289,-0.01526928923600801
541,2,810.182608695652,237.5,16.7193310346361,17.5221598827462,180.0,230,False,2,1.2676094416287125,-0.33801131290784614,-0.04874129479121736
542,2,811.264573991032,237.286995515695,16.6225864413706,17.0842208167575,158.818208541889,223,False,2,1.1027328827693101,-0.19438234058466144,0.14362897232318472
543,2,812.361607142857,236.75,16.6940823208028,17.0880418462657,0.538170180319099,224,False,2,1.2214114458607699,-0.45521075357979235,-0.26082841299513104
544,2,813.400900900901,236.536036036036,16.2751226797289,17.3803800090085,0.855720181064299,222,False,2,1.0610900496114235,-0.20303757394692268,0.25217317963286945
545,2,814.27802690583,236.094170403587,16.4738646998752,17.233425572979,157.950601510632,223,False,2,0.9821381092607289,-0.4666552985363228,-0.2636177245894
546,2,815.525114155251,235.607305936073,16.033307361977,17.3836355597881,176.731249185477,219,False,2,1.3387545022879344,-0.372204335936644,0.09445096259967878
547,2,816.357466063348,235.16742081448,16.2206872587617,17.3322060678418,158.935840974633,221,False,2,0.9414396524003477,-0.48617472240787857,-0.1139703864712347
548,2,818.14479638009,234.773755656109,16.6321017735683,16.9260226836978,169.57742841632,221,False,2,1.8301699150790045,-0.21679176921054355,0.2693829531973351
549,2,819.255319148936,234.144680851064,17.0314929635825,17.5723822699181,178.265053749689,235,False,2,1.2763212489289921,-0.5153980661771953,-0.29860629696665164
550,2,820.535398230089,233.933628318584,16.6423372503133,17.2889178626122,179.254632398766,226,False,2,1.2973610235673176,-0.16340454446260336,0.35199352171459175
551,2,821.509009009009,233.545045045045,16.2455714552148,17.4204210059261,14.3284627563332,222,False,2,1.0482914238433743,-0.3797437515683578,-0.21633920710575438
552,2,822.58407079646,233.265486725664,16.4337491099702,17.5252261172723,13.8945612981588,226,False,2,1.1108153315346385,-0.25440487384926014,0.12533887771909757
553,2,823.641255605381,232.807174887892,16.3774476178451,17.3379631191229,168.168915880828,223,False,2,1.1522540782550783,-0.40906583395782253,-0.15466096010856223
554,2,825.182608695652,232.5,16.7193310346361,17.5221598827462,180.0,230,False,2,1.571663373830175,-0.19671191987683756,0.21235391408098492
555,2,826.57399103139,232.035874439462,16.2956678433356,17.4070876455424,176.986481082178,223,False,2,1.466750605982017,-0.32196493288479894,-0.1252530130079612
556,2,827.898678414097,231.942731277533,16.3871979948797,17.648571739407,17.1154720885778,227,False,2,1.327957947571099,-0.07019778259739397,0.2517671502874048
557,2,829.089743589744,231.401709401709,16.8121501838615,17.7149739963011,166.910471897614,234,False,2,1.3081822972196888,-0.4263690450361933,-0.3561712624387994
558,2,830.081545064378,231.364806866953,16.8481705942868,17.601635502212,166.794281341371,233,False,2,0.9924877642357396,-0.03719042619899717,0.38917861883719596
559,2,831.31221719457,231.235294117647,16.4640883205395,17.0962032218543,150.430742238482,221,False,2,1.2374681588890264,-0.10485147435474393,-0.0676610481557467
560,2,832.535398230089,231.004424778761,16.6190580750875,17.3133228657301,169.529544395612,226,False,2,1.2447780915853042,-0.18655042234063088,-0.08169894798588695
561,2,833.782222222222,230.777777777778,16.5719314072209,17.2886577548758,163.864037239329,225,False,2,1.2672564580278038,-0.1798160237874302,0.006734398553200904
562,2,835.174672489083,230.53711790393,16.7473414094361,17.4168947280877,177.280667210086,229,False,2,1.413094094730387,-0.1711412537357083,0.008674770051722014
563,2,836.137931034483,230.349137931034,16.6743996126754,17.7196360962411,159.81389624626,232,False,2,0.981429312531511,-0.19272784634231493,-0.02158659260660656
564,2,837.134782608696,230.273913043478,16.6998654724565,17.5342369336812,153.83452939533,230,False,2,0.9996858730214923,-0.07531972050272412,0.11740812583959093
565,2,838.293859649123,230.017543859649,16.5763904819196,17.5112454054097,160.672342925557,228,False,2,1.1870908743908513,-0.21767927156992053,-0.14235955106719622
566,2,839.327510917031,229.890829694323,16.7682024123561,17.386285640425,1.29225672298278,229,False,2,1.0413891795779713,-0.12198028187800738,0.09569898969191293
567,2,840.361990950226,229.538461538462,16.4559651745086,17.1182853551049,177.399193832553,221,False,2,1.092845943554718,-0.32829724608010635,-0.20631696420209877
568,2,841.441666666667,229.554166666667,17.1628317040016,17.8288853365701,168.150217340643,240,False,2,1.079789934998607,0.014545127227357003,0.34284237330746326
569,2,842.458874458874,229.038961038961,16.8297557449904,17.4945312184001,179.152854590962,231,False,2,1.1402405585430915,-0.46882616066740795,-0.4833712878947649
570,2,843.450216450217,228.887445887446,16.9815479811949,17.3317341280495,153.809837665659,231,False,2,1.002853820324042,-0.15166475372129806,0.3171614069461097
571,2,844.252136752137,228.74358974359,16.881190111801,17.6518778734667,168.165662058177,234,False,2,0.8147212779573765,-0.17750160951317098,-0.025836855791872892
572,2,845.54128440367,228.752293577982,16.2998698575263,17.0197593734119,178.732168297984,218,False,2,1.289177033687147,0.006751516889724488,0.18425312640289526
573,2,846.940366972477,228.353211009174,16.0513566922024,17.3249569554815,161.584836568364,218,False,2,1.4548879445049856,-0.27786657111583357,-0.284618088005558
574,2,848.046082949309,228.258064516129,16.3431746502733,16.9195494476178,146.071922887737,217,False,2,1.1098020889151108,-0.0858382206906332,0.1920283504252005
575,2,849.429864253394,227.968325791855,16.348496995121,17.2103893159229,163.973989807414,221,False,2,1.4137889608704417,-0.20640010379251625,-0.1205618831018831
576,2,850.660633484163,227.656108597285,16.378093180763,17.204271847547,178.023706545875,221,False,2,1.2697529192692303,-0.24843586629332076,-0.04203576250080454
577,2,851.959821428572,227.165178571429,16.6919408778397,17.0813898772572,34.1225100944716,224,False,2,1.3888490217387615,-0.3612884160314643,-0.11285254973814363
578,2,853.048888888889,227.128888888889,16.7222955896241,17.1235611443012,156.612671858827,225,False,2,1.0896719112559234,-0.03330947024220317,0.327978945789261
579,2,854.09865470852,227.085201793722,16.5728810550038,17.1244594711583,151.297592119201,223,False,2,1.0506744683058342,-0.04159203895089331,-0.008282568708690263
580,2,855.245535714286,227.111607142857,16.5818913112362,17.1969218274163,159.381225458622,224,False,2,1.1471849388175033,0.02301955021955923,0.06461158917045262
581,2,856.553097345133,226.964601769912,16.5267811983056,17.394037996068,3.813489015919,226,False,2,1.315799376097245,-0.11195698104679845,-0.13497653126635756
582,2,857.603603603604,226.585585585586,16.2069984761927,17.4490024422566,174.882124215587,222,False,2,1.1167885507417648,-0.3462581625560704,-0.23430118150927193
583,2,858.701834862385,225.866972477064,16.0693962591553,17.2588263988461,173.325323477956,218,False,2,1.3124468360673798,-0.5794178865390214,-0.23315972398295104
584,2,860.131578947368,225.802631578947,16.6985361771746,17.3724630430001,36.2798285015523,228,False,2,1.4311910772899388,-0.044971347058471126,0.53444653948055
585,2,861.809523809524,225.536796536797,16.4887787879142,17.8377318659565,1.31868400153755,231,False,2,1.6988723407220896,-0.15712305252514477,-0.11215170546667386
586,2,863.137931034483,225.650862068966,16.6743996126754,17.7196360962411,20.1861037537396,232,False,2,1.3332954289850412,0.08565628614378187,0.24277933866892676
587,2,864.686192468619,225.640167364017,17.1802569436173,17.7373642464384,38.881458537189,239,False,2,1.5482983708402789,-0.006907447683647572,-0.09256373382742922
588,2,866.182608695652,225.5,16.7193310346361,17.5221598827462,180.0,230,False,2,1.5029665380384303,-0.09339618978394412,-0.08648874210029645
589,2,867.098712446352,225.291845493562,16.8743735782962,17.5793335099007,168.467162878933,233,False,2,0.9394542993659083,-0.2234237769389319,-0.13002758715498786
590,2,868.185344827586,225.323275862069,16.6216538393543,17.7797512212657,167.057414459107,232,False,2,1.0870868410623165,0.028916502255954477,0.25234027919488655
591,2,869.364035087719,225.188596491228,16.4121371801904,17.6939288257483,175.162599277758,228,False,2,1.1863596681708375,-0.11376848492709066,-0.14268498718304512
592,2,870.546666666667,225.102222222222,16.6605339533124,17.1974841971585,5.5416676605666,225,False,2,1.1857815843869692,-0.07290620410753346,0.04086228081955712
593,2,872.08407079646,225.141592920354,16.751379117446,17.1681404065925,146.196248449371,226,False,2,1.5379081605141391,0.02560295913387792,0.09850916324141146
594,2,872.884120171674,225.055793991416,16.9883110746344,17.4560026440083,160.909435269636,233,False,2,0.804636849135847,-0.10683373109197591,-0.13243669022585403
595,2,874.035087719298,225.021929824561,16.6295591677252,17.4755623979262,2.8160395790925,228,False,2,1.1514656214930192,-0.029413861594249413,0.07741986949772661
596,2,875.207627118644,225.169491525424,16.9123247184478,17.7766794124874,172.303663563011,236,False,2,1.181788093771657,0.12518982960993688,0.15460369120418616
597,2,876.35775862069,224.905172413793,17.021063737845,17.3569601888345,164.198761201231,232,False,2,1.1801131576132364,-0.22589403049424372,-0.3510838601041808
598,2,877.551282051282,224.923076923077,17.133665313414,17.3907306611285,68.610757712676,234,False,2,1.193657719291751,0.015000263857015953,0.24089429435125975
599,2,878.95,224.629166666667,16.9885839482878,17.9744560693094,13.5105995282541,240,False,2,1.4292638450926536,-0.20711509368065842,-0.2221153575376742
600,2,879.970212765957,224.651063829787,16.929626831548,17.671346849949,5.26488915421928,235,False,2,1.0204477319167944,0.02146003489785446,0.22857512857851292
601,2,880.925438596491,224.745614035088,16.5552562027238,17.5467052579059,9.86499729364498,228,False,2,0.9598938111280024,0.09866067413023079,0.0772006392323763
602,2,882.098712446352,224.562231759657,16.8481459774745,17.606798667475,12.9158983824111,233,False,2,1.1875186675206617,-0.15504519442908946,-0.2537058685593201
603,2,882.543933054393,224.376569037657,17.2970851767729,17.6213249993643,178.28946726305,239,False,2,0.48238162917433924,-0.3950860703092381,-0.24004087588014844
604,2,883.290598290598,223.846153846154,16.9301730200317,17.6009440535673,178.398858492963,234,False,2,0.9158871384260172,-0.6176577246182959,-0.2225716543090579
605,2,884.089743589744,223.401709401709,16.8121501838615,17.7149739963011,166.910471897614,234,False,2,0.9144200748808445,-0.5075524308252559,0.11010529379304002
606,2,884.504310344828,223.35775862069,16.7750541327911,17.6419686276317,136.146559873602,232,False,2,0.41688999217189104,-0.10562164355352341,0.40193078727173237
607,2,884.768888888889,222.911111111111,16.5655936379145,17.2844207669985,139.05231630332,225,False,2,0.5191298525326289,-1.0360093931547054,-0.9303877496011821
608,2,884.907894736842,222.385964912281,16.8385006663707,17.2468672677169,142.146564010693,228,False,2,0.5432321381423698,-1.3120315564122118,-0.2760221632575064
609,2,884.598326359833,222.029288702929,17.0023475084239,17.8849966087895,100.28570860203,239,False,2,0.4722822232115999,-2.285605454057178,-0.9735738976449664
610,2,884.580086580087,222.008658008658,16.5468891987609,17.7783762665541,102.591238626614,231,False,2,0.027537521879875747,-2.2947621020589173,-0.00915664800173932
611,2,884.341991341992,221.78354978355,16.5769142636772,17.7560585097077,80.5252679611695,231,False,2,0.32766302112813517,-2.3842245301523657,-0.0894624280934484
612,2,883.817391304348,221.308695652174,16.639731012282,17.6087996305453,77.3380757517636,230,False,2,0.7075956794532319,-2.4059265232102387,-0.021701993057873015
613,2,883.717391304348,220.84347826087,16.5666733074367,17.6963958017316,71.6618892751254,230,False,2,0.47584369405479326,-1.7825278220243805,0.6233987011858582
614,2,883.213333333333,220.862222222222,16.4342873959044,17.4221464074648,35.8955276754179,225,False,2,0.5044063582379604,3.1044236575101762,-1.3962338276450303
615,2,882.847457627119,220.758474576271,17.1863704917615,17.491914641434,41.9284573852604,236,False,2,0.38030067898705594,-2.8652859994142443,0.31347565025516566
616,2,882.410041841004,220.732217573222,17.2188845261578,17.6963862862549,54.4847487342152,239,False,2,0.43820314940862964,-3.08163703577243,-0.21635103635818576
617,2,882.142857142857,220.930735930736,16.92457425847,17.3852352433765,8.33119408472618,231,False,2,0.3328621354164405,2.502586312316001,-0.6989619590911555
618,2,881.723404255319,221.034042553192,17.1866976841115,17.4069046360172,16.0858465687906,235,False,2,0.4319872487785148,2.900109756463635,0.39752344414763385
619,2,881.316239316239,221.136752136752,17.0989144712764,17.4400441254791,98.3923585969085,234,False,2,0.41991969014450575,2.8944923232001867,-0.005617433263448213
620,2,880.937238493724,221.36820083682,17.0657386065844,17.8234350089958,155.162955817422,239,False,2,0.44408346538716725,2.5933562807975905,-0.30113604240259617
621,2,880.983050847458,221.381355932203,17.1069415192531,17.5577696536949,165.029320782973,236,False,2,0.04766369991083227,0.2796280865832418,-2.313728194214349
622,2,881.14224137931,221.284482758621,16.9073946651008,17.4722642359004,156.90243504948,232,False,2,0.1863492344797046,-0.5466723603480705,-0.8263004469313122
623,2,881.5,220.324786324786,17.1296039826617,17.4208834301587,90.0,234,False,2,1.0242111480518235,-1.2139706469778546,-0.6672982866297841
624,2,881.369477911647,220.325301204819,17.4996342935652,18.1113773346864,50.9024169378385,249,False,2,0.130523103891539,3.13764790087557,-1.9315667593261612
625,2,881.281632653061,220.236734693878,17.1981544942804,18.140060621691,49.0206668655789,245,False,2,0.12474300107139193,-2.3521060535856173,0.7934313527183985
626,2,881.046218487395,219.865546218487,17.2352940340627,17.5767045774642,152.460870213695,238,False,2,0.4395460313315659,-2.13599639743282,0.2161096561527973
627,2,880.716666666667,219.645833333333,17.3367870450297,17.6392864386971,168.534722396697,240,False,2,0.3960784700634397,-2.553565531824846,-0.4175691343920258
628,2,880.589211618257,219.464730290456,17.2183852056104,17.8414609156152,140.929444081506,241,False,2,0.22145677118688684,-2.184048604294187,0.3695169275306589
629,2,880.131578947369,219.197368421053,16.6985361771746,17.3724630430001,143.720171498448,228,False,2,0.5300094628162004,-2.6128508613658195,-0.42880225707163255
630,2,879.5,219.140495867769,17.3961582925245,17.7186459195713,90.0,242,False,2,0.6341344132569879,-3.0517866575977264,-0.4389357962319069
631,2,878.940425531915,219.417021276596,17.1615630627744,17.4308045943387,174.163620875243,235,False,2,0.624171360332652,2.6826192029592977,-0.5487794466225626
632,2,878.551282051282,219.696581196581,16.9460911651389,17.594638938449,76.5998232289724,234,False,2,0.4791517477597527,2.5186254233263408,-0.16399377963295692
633,2,878.859649122807,220.013157894737,16.839821135127,17.2361520152996,39.6924183209864,228,False,2,0.44194010523629307,0.7985339923046709,-1.72009143102167
634,2,878.87012987013,220.311688311688,16.7067135632198,17.6074560118479,21.5848624519514,231,False,2,0.2987143383056514,1.5357029364160593,0.7371689441113882
635,2,879.817391304348,220.5,16.7193310346361,17.5221598827462,180.0,230,False,2,0.9657978653485051,0.1962375026943176,-1.3394654337217418
636,2,880.330508474576,220.228813559322,17.1486793368146,17.5368390220836,133.473558742604,236,False,2,0.5803717050222562,-0.4861929193428851,-0.6824304220372026
637,2,880.559670781893,219.584362139918,17.4206030391174,17.7700764461056,145.204886387824,243,False,2,0.6839831833215376,-1.2291477409209475,-0.7429548215780626
638,2,880.683127572017,218.827160493827,17.2292142109801,17.9858117601185,150.148602833599,243,False,2,0.7672000468395784,-1.4091749716112707,-0.18002723069032323
639,2,879.957983193277,217.550420168067,17.1031991185945,17.7058095504507,1.92877241677174,238,False,2,1.4682984129392982,-2.0873278769795585,-0.6781529053682878
640,2,879.401673640167,217.012552301255,17.2869206401833,17.6142100240872,71.5580261919929,239,False,2,0.7738101582625297,-2.373047278428431,-0.28571940144887265
641,2,878.363636363636,216.657024793388,17.3146952466477,17.8183268113793,146.495851495365,242,False,2,1.097233428363351,-2.8116151337129045,-0.4385678552844734
642,2,877.381147540984,216.733606557377,17.4554551607415,17.8052686127413,156.054383011803,244,False,2,0.9854689509121364,3.0638032380498106,-0.4077669354168716
643,2,876.778242677824,217.380753138075,17.2007692939688,17.7006120326566,133.80185767372,239,False,2,0.8844732731581588,2.3208173387850906,-0.74298589926472
644,2,876.233050847458,218.402542372881,17.2066117177283,17.4820881652268,138.786622362862,236,False,2,1.1581396169129283,2.0609346521069507,-0.25988268667813985
645,2,876.388429752066,219.057851239669,17.0578641230977,18.0499681431265,82.807695313042,242,False,2,0.6734777760907703,1.3379877295960718,-0.7229469225108787
646,2,876.991596638655,219.701680672269,17.1035622965592,17.7193648100739,30.1712287397635,238,False,2,0.8822282195438137,0.8179950061569692,-0.5199927234391026
647,2,877.628099173554,220.202479338843,17.432071198835,17.6868372507556,94.7738736116843,242,False,2,0.8098980067731936,0.6666386941514718,-0.15135631200549726
648,2,878.55230125523,219.937238493724,17.2060255360347,17.6870953552178,78.5671727800124,239,False,2,0.9615103710795909,-0.27948278348394506,-0.9461214776354168
649,2,879.058333333333,219.541666666667,17.0881751857522,17.8674390983194,170.514243553034,240,False,2,0.6422970764611604,-0.6634904100990002,-0.3840076266150554
650,2,879.451219512195,218.735772357724,17.5652152090151,17.8393677433827,132.484032888592,246,False,2,0.8965629853655097,-1.1171858946563902,-0.45369548455738995
651,2,879.083682008368,217.702928870293,17.0607538896939,17.8255353354541,154.019793413126,239,False,2,1.0962889611083613,-1.9126733195503935,-0.7954874248940031
652,2,878.473251028807,216.835390946502,17.4104955735601,17.7745838307201,101.474378155884,243,False,2,1.0607770878103326,-2.183958443618614,-0.27128512406822036
653,2,877.594262295082,216.405737704918,17.429953490716,17.8310172460224,44.999999999997,244,False,2,0.9783777910496168,-2.686941864494467,-0.5029834208758532
654,2,876.587755102041,216.636734693878,17.5921340677212,17.7586016054185,57.7149356284537,245,False,2,1.0326743623000574,2.9159958097548446,-0.6802476329302749
655,2,875.748936170213,217.157446808511,17.0246642833938,17.5743498596992,88.623019604891,235,False,2,0.9872984891706214,2.586042222992174,-0.3299535867626706
656,2,875.464135021097,218.008438818565,17.0126424689861,17.7212287086025,92.6869701474702,237,False,2,0.8973845862914834,1.8937490318309629,-0.6922931911612111
657,2,875.5,219.0,16.9864008879471,17.8198265560413,90.0,238,False,2,0.9922095913870662,1.534641875299053,-0.35910715653190994
658,2,875.858333333333,219.429166666667,17.4528157294488,17.517548369897,4.07747976187396,240,False,2,0.5590946302331984,0.875103852415323,-0.65953802288373
659,2,876.612903225806,219.70564516129,17.511408447045,18.0309495689753,56.2278478552618,248,False,2,0.8036268292035298,0.35121448418786577,-0.523889368227457
660,2,877.524193548387,219.45564516129,17.4293399577923,18.1156635474304,34.811937854986,248,False,2,0.9449603441572021,-0.2677490540205877,-0.6189635382084537
661,2,878.183333333333,219.145833333333,17.044997485877,17.9440799471829,166.97891865889,240,False,2,0.7283190405590346,-0.43938092954043223,-0.1716318755198447
662,2,878.421686746988,218.128514056225,17.3074247165626,18.3406604312689,152.891381891181,249,False,2,1.0448688249615619,-1.340652022009555,-0.9012710924691225
663,2,878.465587044535,217.323886639676,17.6688818182905,17.7980082263941,163.013916491726,247,False,2,0.8058241219937535,-1.5162905842374248,-0.17563856222786978
664,2,877.771428571429,216.444897959184,17.4836553677203,17.8465268707052,148.203145143909,245,False,2,1.120034412961442,-2.2392399431180614,-0.7229493588806366
665,2,876.715481171548,216.092050209205,17.3005577618974,17.5974417371425,133.392814081493,239,False,2,1.1133402202295104,-2.8191047864440257,-0.5798648433259643
666,2,875.596774193548,216.326612903226,17.4879861650689,18.0677257124126,67.1484674442859,248,False,2,1.143033227886432,2.9349136291156968,-0.5291668916198642
667,2,874.738775510204,216.689795918367,17.3971916742634,17.9271814842171,40.8742654754655,245,False,2,0.9316993308502429,2.7411705389025696,-0.1937430902131272
668,2,874.544715447155,217.357723577236,17.6243877840501,17.7750361934568,46.5688008511242,246,False,2,0.695547744984348,1.8535522842859038,-0.8876182546166658
669,2,874.560669456067,218.313807531381,17.2857191761655,17.6342537950457,35.5990481628472,239,False,2,0.9562170557848939,1.5541110469186297,-0.2994412373672741
670,2,874.802575107296,219.111587982833,16.949118436936,17.5095014303648,101.765217352883,233,False,2,0.8336498022643886,1.2763849715450917,-0.277726075373538
671,2,875.653386454183,219.458167330677,17.7307527491662,18.0257903109268,99.4708963062738,251,False,2,0.9186931981590138,0.38682783800434556,-0.8895571335407464
672,2,876.40873015873,219.40873015873,17.7080406582901,18.1055108685042,44.9999999999994,252,False,2,0.7569598047247759,-0.06535668644862622,-0.45218452445297164
673,2,877.34693877551,218.722448979592,17.484995906648,17.846916237427,144.479591813199,245,False,2,1.1624187134760429,-0.6315428033279746,-0.5661861168793485
674,2,877.583673469388,217.726530612245,17.5525838593359,17.7796675761844,31.6655468162617,245,False,2,1.0236682615499215,-1.3374225585426718,-0.7058797552146974
675,2,877.797520661157,216.97520661157,17.2104115434547,17.9161148873871,143.752278056358,242,False,2,0.7811647556167446,-1.2935020651619118,0.043920493380760206
676,2,877.208835341365,216.208835341365,17.5293213911359,18.1032844422846,134.999999999999,249,False,2,0.9663722520510901,-2.2258103277116437,-0.9323082625497321
677,2,876.082304526749,215.534979423868,17.5627674681823,17.629399392259,48.1445063092472,243,False,2,1.3126894049336504,-2.602520494741718,-0.3767101670300743
678,2,875.148305084746,215.639830508475,16.9749801129962,17.7018301364752,5.64536097411722,236,False,2,0.9398663243276834,3.0298003730763035,-0.6508644393615644
679,2,874.268292682927,216.345528455285,17.4431853413493,17.953603752415,32.9601416177232,246,False,2,1.1280210190803097,2.465683181146644,-0.5641171919296593
680,2,873.681818181818,216.871900826446,17.3558101811682,17.7615309100586,74.6954246987069,242,False,2,0.7880483573821593,2.410149619058718,-0.055533562087926036
681,2,873.6125,217.920833333333,17.0915309795344,17.8673853057605,79.4302262449886,240,False,2,1.051220440409544,1.6367848790188788,-0.7733647400398391
682,2,874.1,218.595833333333,17.3809306775275,17.599137412722,29.724992445795,240,False,2,0.8326351241690705,0.9453112865555892,-0.6914735924632898
683,2,874.932,218.944,17.4235858078108,18.2701531903226,84.8818323296523,250,False,2,0.9019113192426392,0.3963263215530588,-0.5489849650025302
684,2,875.684210526316,218.902834008097,17.2814899033157,18.2233177312572,39.0583555663094,247,False,2,0.7533361233804292,-0.05467215178804861,-0.45099847334110743
685,2,876.548780487805,218.126016260163,17.5534341017851,17.8496270923831,125.249371511478,246,False,2,1.162293866375591,-0.7319868021163349,-0.6773146503282863
686,2,876.639344262295,217.344262295082,17.2964012236259,17.9709610189277,140.306646836474,244,False,2,0.7869822483193437,-1.455463533266218,-0.7234767311498831
687,2,876.517786561265,216.403162055336,17.7790942809522,18.10252116503,100.937600843431,253,False,2,0.9489182978158202,-1.6992506309672137,-0.24378709770099594
688,2,875.991769547325,215.358024691358,17.3882139552415,17.8256669812941,99.1464037987092,243,False,2,1.1700453019166388,-2.0370799751246467,-0.33782934415743293
689,2,875.194214876033,214.805785123967,17.4942729707999,17.6330714858937,44.999999999997,242,False,2,0.9700834982061489,-2.535974818279847,-0.4988948431552003
690,2,874.245833333333,214.729166666667,17.1240007051959,17.8501553016463,170.6642161581,240,False,2,0.9514714596523615,-3.060979089987064,-0.5250042717072172
691,2,873.338912133891,215.251046025105,17.2695109273918,17.6390304974775,90.7926336585913,239,False,2,1.04635755206389,2.619427248557429,-0.6027789686350928
692,2,872.747899159664,215.953781512605,17.1903418448085,17.6305430865136,81.6465854697662,238,False,2,0.9182230127242557,2.270052526400708,-0.3493747221567207
693,2,872.786324786325,217.004273504274,17.1188641821871,17.4010022681621,41.8400602264414,234,False,2,1.0511945363942092,1.5342339323464493,-0.7358185940542588
694,2,873.108225108225,217.839826839827,16.6969551143075,17.6161314079012,47.2180687034677,231,False,2,0.8954156542036995,1.2030662328825106,-0.331167699463939
695,2,873.922448979592,218.302040816327,17.3653643714851,17.978855792453,35.1318680823299,245,False,2,0.9362704057993785,0.5163114039185891,-0.6867548289639216
696,2,874.842323651452,218.327800829876,17.1286991023163,17.9365224999332,33.9084942584811,241,False,2,0.9202352906880209,0.02799651268990899,-0.4883148912286801
697,2,875.674698795181,217.630522088353,17.4996342935652,18.1113773346864,39.0975830621634,249,False,2,1.0858388569570416,-0.6973084443388147,-0.7253049570287238
698,2,876.317269076305,216.457831325301,17.6905366136066,17.9233162648511,9.57844466401927,249,False,2,1.337198635929329,-1.0695320619235706,-0.37222361758475575
699,2,876.070833333333,215.516666666667,17.1898742629236,17.7751746527562,173.941839673971,240,False,2,0.9728933600738694,-1.8268882856519912,-0.7573562237284204
700,2,875.277551020408,214.65306122449,17.484995906648,17.846916237427,125.520408186801,245,False,2,1.172651349616443,-2.313777043435083,-0.4868887577830918
701,2,874.073170731707,214.378048780488,17.5466368304218,17.864532250874,37.7801738219931,246,False,2,1.2353799918112347,-2.9170980811361567,-0.6033210377010736
702,2,873.314516129032,214.5,17.7608989563528,17.7763888346312,180.0,248,False,2,0.7683937181552849,2.9822094202466594,-0.3838778057967698
703,2,872.368852459016,214.844262295082,17.1527163936989,18.100079033866,110.641713236903,244,False,2,1.0063778140455872,2.7924624989646505,-0.18974692128200887
704,2,871.691666666667,215.620833333333,17.0848859064047,17.9132711885977,144.760258362797,240,False,2,1.0303607013127374,2.287936275016308,-0.5045262239483423
705,2,871.688524590164,216.594262295082,17.3163807367265,17.9513732034612,69.9838700610002,244,False,2,0.973434032801645,1.574024159245028,-0.7139121157712802
706,2,872.342975206612,217.367768595041,17.1294784868142,17.9969488236482,38.4961073074898,242,False,2,1.0132214000135757,0.8685806183946613,-0.7054435408503665
707,2,873.40873015873,217.40873015873,17.7080406582901,18.1055108685042,44.9999999999994,252,False,2,1.0665418264953073,0.03841540875422033,-0.830165209640441
708,2,874.259109311741,217.380566801619,17.4193665809677,18.0496413515183,29.0068556734872,247,False,2,0.8508453905142975,-0.033106487706318306,-0.07152189646053841
709,2,875.070539419087,216.576763485477,17.0563847711638,17.9748912327653,168.94680964634,241,False,2,1.1421552390758976,-0.780676409616624,-0.7475699219103058
710,2,875.270161290323,215.584677419355,17.4551134955041,18.090392508193,157.712368657137,248,False,2,1.0119701843775744,-1.3722334750094654,-0.5915570653928413
711,2,874.918032786885,214.405737704918,17.4759402724176,17.785079719834,165.176267541589,244,False,2,1.2304037277293447,-1.8610438449074465,-0.4888103698979811
712,2,874.374501992032,213.418326693227,17.6976662261352,18.0454169509773,34.7512989814778,251,False,2,1.1271229883921916,-2.0739930475462662,-0.21294920263881956
713,2,873.464730290456,213.132780082988,17.42101173941,17.6237453290588,81.3726855880136,241,False,2,0.9535310249842281,-2.8374635944113558,-0.7634705468650895
714,2,872.297520661157,213.157024793388,17.1678654526176,17.9378828214127,63.0193916454652,242,False,2,1.1674614018076612,3.120824126794076,-0.3248975859741545
715,2,871.283950617284,213.650205761317,17.4249141330071,17.7654220542491,102.043336523801,243,False,2,1.1271875181017001,2.688740118121061,-0.4320840086730149
716,2,871.070247933884,214.334710743802,17.2906714268253,17.832672260446,126.942816901804,242,False,2,0.7170884937991145,1.8734081655524784,-0.8153319525685827
717,2,871.186991869919,215.235772357724,17.6609524606325,17.7463959181799,115.657583829295,246,False,2,0.9085929664512278,1.441951422361243,-0.4314567431912355
718,2,871.566666666667,216.166666666667,17.3746148385478,17.5994470648908,61.315076821693,240,False,2,1.0053443020717288,1.1835322811126534,-0.25841914124858967
719,2,872.441295546559,216.417004048583,17.2433362471045,18.2415189762847,41.5785627493781,247,False,2,0.9097496811352963,0.27876831027351795,-0.9047639708391353
720,2,873.508,216.14,17.3868683617822,18.3112584103348,53.0151925139878,250,False,2,1.1020842226991323,-0.25407026132310295,-0.5328385715966206
721,2,874.119341563786,215.37037037037,17.0571188511813,18.1179927200775,17.7731432202437,243,False,2,0.9828877221822331,-0.8995209541841015,-0.6454506928609987
722,2,874.429166666667,213.858333333333,17.4528157294488,17.517548369897,85.9225202381245,240,False,2,1.5434531401201994,-1.3686881679204346,-0.4691672137363332
723,2,874.278008298755,212.676348547718,17.4566025347977,17.5911864750188,104.928057072047,241,False,2,1.191611046279443,-1.6979911235957739,-0.32930295567533907
724,2,873.65,212.108333333333,17.2010788988001,17.7644337635478,109.53180111127,240,False,2,0.8467796095077108,-2.406312940128958,-0.7083218165331839
725,2,872.810924369748,211.621848739496,17.2850062926098,17.5475014869758,139.9694866795,238,False,2,0.9699047238381124,-2.6161687475163915,-0.20985580738743348
726,2,871.54132231405,211.814049586777,17.5331998209996,17.5886814315532,100.663519240537,242,False,2,1.284067967643495,2.9913468108702066,-0.6756697487929877
727,2,870.753246753247,212.558441558442,16.9368530304747,17.3986082987382,151.107444180144,231,False,2,1.0840583457611024,2.3846921661101494,-0.6066546447600571
728,2,870.199134199134,213.307359307359,16.7553759838273,17.5618549185039,163.662187145236,231,False,2,0.9316214452600928,2.2077919511559814,-0.17690021495416808
729,2,870.238493723849,214.234309623431,17.1361932802277,17.7606603721646,13.9890664876688,239,False,2,0.9277855682493318,1.5283605079573965,-0.6794314431985846
730,2,870.672413793104,215.086206896552,16.8617538871206,17.5120796145312,72.3941327479746,232,False,2,0.9560416258998804,1.0996909543952746,-0.42866955356212166
731,2,871.744769874477,215.154811715481,17.0897981803108,17.8248826624465,46.058280077811,239,False,2,1.0745483639361468,0.06388871358159326,-1.0358022408136813
732,2,872.628571428571,214.808163265306,17.2524084266594,18.0764552724396,66.6047550335929,245,False,2,0.9493525873076518,-0.3737852714415128,-0.43767398502310595
733,2,873.40873015873,213.59126984127,17.7080406582901,18.1055108685042,135.0,252,False,2,1.445502421203562,-1.000698295690351,-0.6269130242488381
734,2,873.69387755102,212.771428571429,17.5054950862207,17.8279161164901,56.6214750815074,245,False,2,0.8680142528001981,-1.2360755810500028,-0.23537728535965208
735,2,873.266393442623,211.618852459016,17.4554551607414,17.8052686127413,113.945616988196,244,False,2,1.2292983193013183,-1.9259627806056723,-0.6898871995556695
736,2,872.663900414938,210.941908713693,17.1163930511349,17.9183733468984,66.3115755129659,241,False,2,0.9062288247131464,-2.298069808355596,-0.3721070277499239
737,2,871.59126984127,210.59126984127,17.7080406582901,18.1055108685042,45.0000000000002,252,False,2,1.1284874684379154,-2.8256466518567276,-0.5275768435011314
738,2,870.380165289256,210.586776859504,17.3300362446646,17.8018642652449,108.094224389635,242,False,2,1.2111128860656493,-3.137882849059108,-0.3122361972023806
739,2,869.864035087719,211.548245614035,16.9001056492927,17.1868186942714,167.242028496747,228,False,2,1.0912435799939402,2.063459850390468,-1.0818426077300103
740,2,869.561181434599,212.240506329114,17.1955790265448,17.5682422069346,58.8279298409668,237,False,2,0.7556091799666,1.9831941468571648,-0.08026570353330342
741,2,869.680672268908,212.945378151261,17.0613964970755,17.752809995591,68.9228100118673,238,False,2,0.7149282097810136,1.4028713961879915,-0.5803227506691733
742,2,870.355371900826,213.644628099174,17.4999409680232,17.6258188402397,44.9999999999886,242,False,2,0.9716841477386607,0.8032646877898271,-0.5996067083981647
743,2,871.26582278481,213.675105485232,17.2014602785779,17.5636028913153,55.0797143079609,237,False,2,0.9109608571218756,0.033462551509343845,-0.7698021362804832
744,2,872.083682008368,213.297071129707,17.0607538896939,17.8255353354541,25.980206586874,239,False,2,0.90100148918639,-0.4329729745754478,-0.46643552608479144
745,2,872.718875502008,212.353413654618,17.5662463425275,18.0513384907413,154.412766158268,249,False,2,1.1375237160841836,-0.9783402218232579,-0.5453672472478099
746,2,873.012145748988,211.198380566802,17.419399762157,18.0829533753492,140.574156820561,247,False,2,1.191683209461933,-1.322144482288315,-0.3438042604650571
747,2,872.584362139918,210.201646090535,17.4539226859849,17.7285035102146,115.103593134498,243,False,2,1.0846559050538718,-1.9762064640719503,-0.6540619817836353
748,2,871.780991735537,209.384297520661,17.4886132433337,17.6253902990211,158.93177805446,242,False,2,1.1460639996572455,-2.347570034538851,-0.37136357046690094
749,2,870.917355371901,209.388429752066,17.4283413663147,17.6909372767864,48.4711363860303,242,False,2,0.8636462493005191,3.136808001106375,-0.7988072715343613
750,2,869.795833333333,209.508333333333,17.3549774283472,17.6201599379614,131.072669250679,240,False,2,1.127913361829824,3.0350857374770532,-0.10172226362932157
751,2,869.088983050848,209.940677966102,17.0027608197604,17.6561626710297,137.751950094949,236,False,2,0.8285886816347741,2.5926513383001706,-0.44243439917688265
752,2,869.0,210.903930131004,16.8006788444302,17.3532524668732,90.0,229,False,2,0.9673534599755221,1.6629126236847465,-0.9297387146154241
753,2,869.175732217573,211.531380753138,17.3908272018548,17.5111171080218,46.4187944014908,239,False,2,0.6515950395064986,1.2977195782025002,-0.36519304548224607
754,2,869.572033898305,212.0,17.0423202048929,17.6169706773333,90.0,236,False,2,0.6137255255246571,0.868815901260962,-0.4289036769415384
755,2,870.623931623932,212.047008547009,16.9565266666827,17.5652208107249,77.9255618494915,234,False,2,1.0529475906573527,0.0446595607439434,-0.8241563405170185
756,2,871.530120481928,211.666666666667,17.7292140358122,17.8771787308057,60.6888402668381,249,False,2,0.9827706712647322,-0.39738647526859294,-0.44204603601253645
757,2,872.137096774194,210.963709677419,17.4701012990316,18.0739400458382,90.2125087810833,248,False,2,0.9287457930486974,-0.8585388992904723,-0.46115242402187917
758,2,872.029166666667,209.645833333333,17.1780665412061,17.7865157076086,154.64770374491,240,False,2,1.322288533721831,-1.6525109538755616,-0.7939720545850895
759,2,871.5,208.5,18.0416185526687,18.0416185526687,0.0,256,False,2,1.2621217805301206,-2.0034346764913082,-0.35092372261574667
760,2,870.710743801653,207.685950413223,17.3278489931633,17.7894708253704,83.881807809769,242,False,2,1.1338439382740844,-2.3407318051325703,-0.33729712864126205
761,2,869.726530612245,207.416326530612,17.5525838593359,17.7796675761844,121.665546816263,245,False,2,1.0204766730694756,-2.8742041292782083,-0.533472324145638
762,2,868.81512605042,207.336134453782,17.2200885648098,17.619831204163,81.8102138538217,238,False,2,0.9149257043617525,-3.0538313089970694,-0.1796271797188611
763,2,868.070247933884,208.334710743802,17.2906714268253,17.832672260446,126.942816901804,242,False,2,1.2457921237045104,2.2116940442316357,-1.017659953950881
764,2,867.849137931035,209.012931034483,16.7864506361146,17.5946692996554,135.230467812861,232,False,2,0.7133529253120976,1.8859460042875176,-0.32574803994411816
765,2,868.201646090535,209.584362139918,17.4539226859849,17.7285035102146,154.896406865505,243,False,2,0.6714130701533362,1.018052693153924,-0.8678933111335936
766,2,868.460251046025,210.414225941423,17.2691141871134,17.6486743037846,35.4746438567796,239,False,2,0.8692240516991788,1.268710294501746,0.2506576013478221
767,2,869.450819672131,210.19262295082,17.4214679460621,17.8332283150655,68.6062140013429,244,False,2,1.0150537367400378,-0.22008903507221841,-1.4887993295739645
768,2,870.314516129032,209.5,17.7608989563528,17.7763888346312,180.0,248,False,2,1.1071125153595858,-0.6759158544972806,-0.4558268194250621
769,2,870.685483870968,208.5,17.7608989563528,17.7763888346312,180.0,248,False,2,1.066591330152808,-1.215565464747712,-0.5396496102504313
770,2,870.97131147541,207.282786885246,17.3734890104419,17.9091615884304,113.670356255688,244,False,2,1.2503220329939595,-1.3401536909555547,-0.12458822620784282
771,2,870.697095435685,205.854771784232,17.3341829708819,17.7112231976065,90.6904935619179,241,False,2,1.4541050736334025,-1.7605129623714642,-0.4203592714159097
772,2,869.699588477366,205.19341563786,17.2565748047895,17.9258707798573,121.427926984672,243,False,2,1.1968341924589792,-2.5561265187852666,-0.7956135564138025
773,2,868.548,204.836,17.4734182336327,18.2280129260584,134.887841664521,250,False,2,1.2057785698000063,-2.8406517378963496,-0.28452521911108297
774,2,867.48085106383,205.157446808511,16.8857334857041,17.7203253726736,112.353284941105,235,False,2,1.114511059914055,2.8490167922810894,-0.5935167770021472
775,2,866.877049180328,205.790983606557,17.2432749154532,18.0279583593406,97.9379266129806,244,False,2,0.8751831745405952,2.3321677682097177,-0.5168490240713717
776,2,866.836134453781,206.638655462185,17.299102600618,17.5279977150471,113.889444221683,238,False,2,0.8486587003455605,1.619026071980154,-0.713141696229564
777,2,867.102564102564,207.076923076923,17.0869364234889,17.4320447132241,77.1247629363409,234,False,2,0.5128969290985748,1.0245769708104535,-0.5944491011697002
778,2,867.93670886076,207.616033755274,17.0789277890534,17.6748980190119,42.3810265576416,237,False,2,0.9931957516712864,0.5737722371418331,-0.4508047336686203
779,2,868.833333333333,207.433333333333,17.3746148385478,17.5994470648908,28.6849231783065,240,False,2,0.9150491183506908,-0.2010128347223936,-0.7747850718642266
780,2,869.756198347107,206.723140495868,17.35274150041,17.7673892886888,55.1153494756692,242,False,2,1.164497187645637,-0.6558975590237152,-0.45488472430132143
781,2,870.342975206612,205.785123966942,17.329098869912,17.7909946224154,146.553997730976,242,False,2,1.1064276259154608,-1.0118011286528514,-0.3559035696291364
782,2,870.130081300813,204.569105691057,17.4906137862996,17.9223591168554,138.234869395403,246,False,2,1.2345137757079447,-1.7441143696530597,-0.7323132410002082
783,2,869.242677824268,203.623430962343,17.1563539094052,17.7558006283309,141.863747324968,239,False,2,1.2968367756631893,-2.324416448358594,-0.5803020787055342
784,2,868.493670886076,202.784810126582,17.2375887979206,17.5262773602108,123.262972485275,237,False,2,1.124409311430789,-2.299809165536041,0.02460728282255298
785,2,867.349794238683,202.748971193416,17.3548931045776,17.8417302551654,155.454544175424,243,False,2,1.1444379465840258,-3.110271782422279,-0.8104626168862379
786,2,866.464135021097,203.008438818565,17.0126424689861,17.7212287086025,92.6869701474702,237,False,2,0.9228844446600153,2.856601927092148,-0.31631159766515893
787,2,865.722222222222,203.867521367521,16.9789970372571,17.5482726227443,98.785142167953,234,False,2,1.135102386155277,2.2831391699928116,-0.5734627570993363
788,2,865.785123966942,204.570247933884,17.4530157508086,17.674634913102,91.7786347820191,242,False,2,0.7055361483022387,1.4815232629679402,-0.8016159070248712
789,2,866.042918454936,205.463519313305,17.0748496044965,17.3740603516629,6.40300439833209,233,False,2,0.9297267100243807,1.2898345351440113,-0.1916887278239292
790,2,866.957264957265,205.615384615385,17.1349546802573,17.3864269460047,21.8426407341394,234,False,2,0.9268724811414202,0.16458913135618516,-1.125245403787826
791,2,867.755274261604,205.362869198312,17.0253401953865,17.7274540973936,1.4199460360463,237,False,2,0.8370082948639781,-0.306462725816535,-0.47105185717272
792,2,868.59756097561,204.971544715447,17.511585298038,17.9123960301969,26.7837738321475,246,False,2,0.9287527978319352,-0.43492685687004407,-0.12846413105350907
793,2,868.913580246914,203.880658436214,17.4471958790988,17.7436315561806,0.906483461004171,243,False,2,1.1357381098009978,-1.2888245205110442,-0.8538976636410003
794,2,868.596638655462,202.768907563025,17.1679493452889,17.6679594473996,116.630091275593,238,False,2,1.1560458366468682,-1.8485125109447575,-0.5596879904337131
795,2,867.966527196653,201.514644351464,17.0722256211153,17.8092805536188,4.17469631566645,239,False,2,1.403644062573459,-2.0363427527725446,-0.18783024182778707
796,2,867.075949367089,200.801687763713,17.2354660085809,17.5111140594928,121.828736671376,237,False,2,1.1408049642811244,-2.4665133517949376,-0.43017059902239296
797,2,866.047210300429,200.832618025751,17.0802990597473,17.3596905089608,91.1620685487918,233,False,2,1.0292039391599095,3.1115355205188586,-0.7051364348657891
798,2,864.911392405063,201.2194092827,17.0615491434334,17.6794975896962,151.743191709325,237,False,2,1.1998707296562758,2.8133703154743857,-0.29816520504447297
799,2,864.290322580645,202.189516129032,17.5538970916789,18.0054298584328,148.760392446336,248,False,2,1.1518832493368338,2.1402568153590598,-0.6731135001153259
800,2,864.223175965665,202.781115879828,16.9481450928507,17.5226250076433,64.6378037806638,233,False,2,0.595398129863689,1.6838127533370066,-0.4564440620220531
801,2,864.679012345679,203.465020576132,17.2977906036656,17.90162362249,50.2214787187167,243,False,2,0.8218956375178924,0.982895043992862,-0.7009177093441448
802,2,865.327586206896,203.913793103448,16.8617538871206,17.5120796145312,72.3941327479745,232,False,2,0.7886981898847459,0.6052943193867072,-0.3776007246061548
803,2,866.0,203.699588477366,17.2044887886864,18.0053114891883,68.8690073186384,243,False,2,0.7057081060831815,-0.3083968172077392,-0.9136911365944465
804,2,866.415966386555,203.046218487395,17.1755729256632,17.6505412256175,70.1528352732009,238,False,2,0.7745452721038139,-1.003865073852198,-0.6954682566444585
805,2,867.086419753086,202.102880658436,16.7987048967614,18.4248070999533,172.890237517524,243,False,2,1.1573218982797453,-0.9529088743029444,0.05095619954925379
806,2,867.355102040816,201.404081632653,17.4850213572333,17.8550592552009,137.132173620082,245,False,2,0.7486723249693664,-1.2037304149308763,-0.25082154062793194
807,2,867.549180327869,200.827868852459,17.5383400889853,17.7383189704689,172.971290680682,244,False,2,0.608019366109604,-1.245913713733625,-0.042183298802748403
808,2,868.112033195021,200.668049792531,17.1161977253293,17.9268137877803,151.855358881366,241,False,2,0.5851029669874894,-0.2766628163025905,0.9692508974310341
809,2,868.46887966805,200.43153526971,17.2427662056141,17.8269413745302,140.710417693,241,False,2,0.42811041194824223,-0.5853144379786261,-0.30865162167603577
810,2,869.021367521368,200.269230769231,17.1334729151189,17.3917687028763,151.529484929064,234,False,2,0.5758346802161632,-0.2857316830767294,0.29958275490189656
811,2,869.512295081967,199.75,17.5142828553829,17.7538248563267,149.583066448584,244,False,2,0.7145701235511114,-0.8134094215222546,-0.5276777384455249
812,2,869.787234042553,198.927659574468,17.1082537456215,17.4808599617475,56.1111818866151,235,False,2,0.8670843139581458,-1.2481426026442985,-0.43473318112204407
813,2,869.5,198.140495867769,17.3961582925245,17.7186459195713,90.0,242,False,2,0.837932035636216,-1.9206807000416957,-0.6725380973973971
814,2,868.682203389831,197.470338983051,17.1000329947282,17.6037235716552,77.6853642776374,236,False,2,1.0573086331525325,-2.4550941200062995,-0.5344134199646038
815,2,867.514403292181,197.201646090535,17.3952208079058,17.7892129993838,121.500103822977,243,False,2,1.1983125379298845,-2.9154438572521735,-0.460349737245874
816,2,866.589430894309,197.483739837398,17.544521741798,17.8637753841892,85.9840335604982,246,False,2,0.9670319637138658,2.8455776249108773,-0.5221638250165359
817,2,865.965367965368,198.160173160173,16.9199706894635,17.3770031777064,74.6649228156702,231,False,2,0.9203350365159282,2.315946690401437,-0.5296309345094401
818,2,865.489177489178,198.852813852814,16.818379653636,17.4989578268951,86.5306448332719,231,False,2,0.8405405990886332,2.1730836729292182,-0.14286301747221897
819,2,865.366666666667,199.745833333333,17.1575087205595,17.8204518914375,76.9275819765469,240,False,2,0.9013837663385943,1.7071324589705248,-0.46595121395869343
820,2,865.431623931624,200.025641025641,17.0727593594682,17.4441626836652,94.1122400006846,234,False,2,0.2872486569949826,1.3426872288716583,-0.36444523009886653
821,2,866.030042918455,200.519313304721,16.8804351277217,17.5775542886618,22.9573251603866,233,False,2,0.7757690396837876,0.6897767921854158,-0.6529104366862426
822,2,866.497907949791,200.619246861925,17.0359014409696,17.8827613322381,35.4456202015547,239,False,2,0.47841864867761047,0.21043269800851896,-0.4793440941768967
823,2,867.292372881356,200.14406779661,17.1465769704261,17.5351515524349,177.963500433597,236,False,2,0.9257265641646459,-0.5390301606584447,-0.7494628586669636
824,2,868.0,199.572033898305,17.0423202048929,17.6169706773333,180.0,236,False,2,0.9099224801324978,-0.6798318073341202,-0.1408016466756754
825,2,868.314049586777,198.710743801653,17.3278489931633,17.7894708253704,173.881807809769,242,False,2,0.9167593869416227,-1.221150698331456,-0.5413188909973359
826,2,868.368852459016,198.040983606557,17.3328189329346,17.9450666441381,142.999725362124,244,False,2,0.6719985667698026,-1.4891535911025233,-0.26800289277106737
827,2,867.799126637555,196.947598253275,16.9321048061184,17.2093039240467,136.822503066979,229,False,2,1.232914856107689,-2.0511542785477883,-0.562000687445265
828,2,867.241803278689,196.053278688525,17.2977673267008,17.9690927321518,77.3510104984147,244,False,2,1.0537631661015332,-2.1280868483991333,-0.076932569851345
829,2,866.219008264463,195.615702479339,17.4886132433337,17.6253902990211,158.93177805446,242,False,2,1.1124668893819059,-2.737332523599501,-0.6092456752003677
830,2,865.508196721312,195.237704918033,17.4795559092195,17.7815337642001,131.325568358838,244,False,2,0.8050684481645628,-2.6528430382839057,0.0844894853155953
831,2,864.85593220339,195.292372881356,17.1465769704262,17.5351515524349,87.9635004335965,236,False,2,0.6545514399600839,3.0579755124423285,-0.5723667564533521
832,2,864.068376068376,195.290598290598,17.2184856563078,17.3001263130794,94.6784206056097,234,False,2,0.7875581343434866,-3.1393393694418994,0.08587042529535793
833,2,863.348936170213,195.846808510638,17.0728603795396,17.5362913041067,76.2360814886142,235,False,2,0.9093753768085102,2.4834609399613177,-0.6603849977763687
834,2,862.74347826087,196.065217391304,16.9244131138837,17.2961376282817,71.4495262309131,230,False,2,0.6436472008327446,2.7953879823671577,0.31192704240584
835,2,862.484848484849,196.78354978355,16.8045527528182,17.5125446574575,94.4678596395284,231,False,2,0.7634728461409468,1.9163890202197644,-0.878998962147393
836,2,862.429166666667,197.0,16.9509095134548,18.0125804801965,90.0,240,False,2,0.22349756391803904,1.822586793659395,-0.09380222656036974
837,2,862.50622406639,197.535269709544,16.8740189800559,18.192894223628,53.4405614744535,241,False,2,0.5407878556397,1.4278186900922272,-0.39476810356716774
838,2,862.531914893617,198.017021276596,17.0160190749125,17.5770677654074,76.6306466628219,235,False,2,0.4824361003912112,1.517518835545497,0.08970014545326954
839,2,862.74025974026,198.168831168831,16.812500393556,17.4969137106165,63.0762982294131,231,False,2,0.2577863815314302,0.6296946879623145,-0.8878241475831823
840,2,863.211618257262,198.410788381743,17.3269003933309,17.7178502824861,46.9276514307764,241,False,2,0.5298321851591467,0.4742458293541204,-0.15544885860819413
841,2,863.991452991453,198.222222222222,16.7770748246541,17.7618145974187,38.1112940808074,234,False,2,0.8023087991336428,-0.23724882019437227,-0.7114946495484924
842,2,864.625498007968,197.581673306773,17.6976662261352,18.0454169509773,34.7512989814769,251,False,2,0.9012857460596677,-0.7905008414526222,-0.5532520212582499
843,2,865.0,196.5,16.9864008879471,17.8198265560413,180.0,238,False,2,1.1446697709912794,-1.2374887745763077,-0.44698793312368545
844,2,865.008510638298,195.510638297872,17.0995654849686,17.4963150260821,155.970234016495,235,False,2,0.9893983063467762,-1.5621943884254277,-0.3247056138491198
845,2,864.5,194.314516129032,17.7608989563528,17.7763888346312,90.0,248,False,2,1.2997273991313618,-1.9727793606791613,-0.4105849722537336
846,2,863.716049382716,193.757201646091,17.3947436598399,17.7864654551943,55.4597131303648,243,False,2,0.9618617381077564,-2.523585271351372,-0.5508059106722105
847,2,862.678861788618,193.321138211382,17.5550426593283,17.8466821857916,135.000000000002,246,False,2,1.1251264037614734,-2.743600298637736,-0.22001502728636435
848,2,861.376569037657,193.543933054393,17.2970851767729,17.6213249993642,91.7105327369498,239,False,2,1.3212130605159158,2.972154064481027,-0.5674309440608241
849,2,860.521551724138,194.10775862069,16.8300426806211,17.5559566366498,119.760239161717,232,False,2,1.024184492963685,2.5586155751241506,-0.4135384893568763
850,2,860.562231759657,194.901287553648,16.8481459774745,17.6067986674749,102.915898382412,233,False,2,0.7945709740050201,1.51957644905192,-1.0390391260722307
851,2,860.693617021277,195.625531914894,16.8640736877639,17.7661529891895,49.1916021055506,235,False,2,0.7360652021170232,1.3913378523257671,-0.12823859672615256
852,2,861.31223628692,196.194092827004,17.0338533864328,17.725687302674,62.6485223639111,237,False,2,0.8402090850520871,0.7432573671019167,-0.6480804852238506
853,2,861.974789915966,196.432773109244,17.1178488258978,17.6988619040699,21.7076108016112,238,False,2,0.7042340438321479,0.3457706512542583,-0.39748671584765827
854,2,862.80859375,196.00390625,17.7255543269165,18.3975079296703,7.43129656996413,256,False,2,0.9376329860919296,-0.47506145876157824,-0.8208321100158367
855,2,863.465587044535,195.080971659919,17.4569295259656,18.0495881224861,176.874062932097,247,False,2,1.132893837317512,-0.9521598787422687,-0.47709841998069047
856,2,863.514170040486,194.060728744939,17.5099343477449,17.9836829738361,156.704991320076,247,False,2,1.0213989979740548,-1.5232132235183924,-0.5710533447761237
857,2,863.372384937239,193.225941422594,17.339539978822,17.5724269207345,147.660131243489,239,False,2,0.8467425163830709,-1.7390365911362613,-0.2158233676178689
858,2,862.617886178862,192.284552845528,17.5586922948683,17.8447361405743,133.527413412107,246,False,2,1.206433101925954,-2.246435591027889,-0.5073989998916275
859,2,861.5,191.685483870968,17.7608989563528,17.7763888346312,90.0,248,False,2,1.2682874852221404,-2.649643516173359,-0.4032079251454701
860,2,860.715447154472,191.382113821138,17.5586922948683,17.8447361405743,136.472586587894,246,False,2,0.8411638095875774,-2.7726224446766135,-0.12297892850325454
861,2,859.814977973568,191.806167400881,16.5424132557865,17.4684524961635,147.386860151902,227,False,2,0.9953221509897034,2.701474279509249,-0.8090885829937235
862,2,858.949152542373,192.381355932203,17.1362067323637,17.5281593767927,0.979033714617202,236,False,2,1.0394688662333518,2.5552137163114703,-0.14626056319777847
863,2,858.563559322034,193.53813559322,17.0842451949383,17.624327832047,109.082657244431,236,False,2,1.21935282659038,1.8925468811914872,-0.6626668351199831
864,2,858.689956331878,194.144104803493,16.7287074525816,17.4333581399224,61.4103733629195,229,False,2,0.6190112179083418,1.365158293446781,-0.5273885877447064
865,2,859.364806866953,194.918454935622,16.8481705942868,17.601635502212,76.794281341371,233,False,2,1.0271520684977886,0.853948844075082,-0.511209449371699
866,2,860.234042553192,194.927659574468,16.8202005615822,17.8017888688083,56.7076236203416,235,False,2,0.8692844204330713,0.010588951837806612,-0.8433598922372756
867,2,861.413502109705,194.033755274262,17.1263531716527,17.6080594350667,83.6346607517522,237,False,2,1.4799289656522308,-0.6485336055325095,-0.6591225573703161
868,2,861.855319148936,193.255319148936,17.0314929635825,17.5723822699181,88.2650537496887,235,False,2,0.8950782632638775,-1.054563770176112,-0.4060301646436022
869,2,862.065789473684,192.166666666667,16.8366627392398,17.2335587567815,125.874697692204,228,False,2,1.1088110681040264,-1.3798213675284474,-0.3252575973523353
870,2,861.572033898305,191.0,17.0423202048929,17.6169706773333,90.0,236,False,2,1.2668487199858498,-1.9711575393813792,-0.591336171852932
871,2,860.820408163265,190.114285714286,17.5977273378882,17.7399313805322,55.3893609472749,245,False,2,1.161650137301334,-2.274482696789253,-0.30332515740787347
872,2,859.89224137931,189.521551724138,16.8300426806211,17.5559566366497,29.7602391617182,232,False,2,1.1012843238302263,-2.573268169801605,-0.29878547301235203
873,2,858.585774058578,189.661087866109,17.2839395307203,17.6382850498665,123.799209797241,239,False,2,1.3138977110326908,3.0351918482166846,-0.6747252891612963
874,2,857.832599118943,189.986784140969,16.9189484037436,17.0770024500306,81.2181058121908,227,False,2,0.8205794008819686,2.733444664281035,-0.3017471839356496
875,2,857.243362831859,190.938053097345,16.7092803630366,17.2376354615691,75.7114616911659,226,False,2,1.1189781183656697,2.125373956201234,-0.6080707080798011
876,2,857.156779661017,191.635593220339,17.1584770630406,17.5272446062325,91.0580001507302,236,False,2,0.702893212842121,1.6942911065008206,-0.4310828497004131
877,2,857.639130434783,192.552173913044,16.9892124038942,17.2728840095911,135.784628570734,230,False,2,1.035752110879944,1.0863697601876117,-0.6079213463132089
878,2,858.277777777778,192.722222222222,16.936280785273,17.6090281601382,45.0000000000001,234,False,2,0.6608985218389242,0.2602257084606432,-0.8261440517269687
879,2,859.233050847458,192.525423728814,17.1495586495576,17.5420967252026,42.0474062035139,236,False,2,0.9753339349491599,-0.20317037021687118,-0.4633960786775142
880,2,860.021367521368,191.641025641026,17.0643446766721,17.4513896290747,11.8305837070679,234,False,2,1.1847375895309376,-0.8427755205111599,-0.6396051502942885
881,2,860.548780487805,190.735772357724,17.5652152090151,17.8393677433827,47.5159671114077,246,False,2,1.0476869494724534,-1.0432589737053524,-0.20048345319419258
882,2,860.485477178423,189.892116182573,17.3071734221874,17.7387201438423,97.0173623868184,241,False,2,0.8460278073734273,-1.6456904697803387,-0.6024314960749866
883,2,860.271966527197,188.79079497908,17.0135696124683,17.8829855458544,97.4934792244437,239,False,2,1.1218267207774189,-1.762288588327801,-0.11659811854746227
884,2,859.344680851064,187.944680851064,17.1681181742051,17.4225191827014,84.4149543489225,235,False,2,1.2552959184151564,-2.401934279343326,-0.639645691015525
885,2,858.147679324895,187.691983122363,16.8864378082799,17.8706750768954,0.364031234508843,237,False,2,1.2233841570584827,-2.933538591012151,-0.5316043116688252
886,2,857.123404255319,187.612765957447,16.9199944137622,17.6825034430979,11.1892804368121,235,False,2,1.0273338198327908,-3.064406565998652,-0.1308679749865007
887,2,856.293103448276,188.262931034483,16.9336298697862,17.4616560698865,93.7355356953221,232,False,2,1.0545681853599338,2.4772743389839373,-0.7415044021969965
888,2,855.871111111111,188.951111111111,16.7222955896241,17.1235611443012,113.387328141174,225,False,2,0.8072603981948989,2.1208655464625736,-0.3564087925213637
889,2,855.928251121076,190.0,16.7321285424341,16.9639068559139,90.0,223,False,2,1.0504441355796093,1.5163734170009455,-0.6044921294616281
890,2,856.330434782609,190.295652173913,16.7784823778271,17.4793671449746,84.5777357755888,230,False,2,0.49916120196147007,0.6339079528803548,-0.8824654641205907
891,2,857.351694915254,190.720338983051,16.9827960674808,17.7195192601085,56.4111589827101,236,False,2,1.1060430119963318,0.39409153956238413,-0.23981641331797077
892,2,858.034334763949,190.420600858369,17.1640047058671,17.2839937609764,32.700596983026,233,False,2,0.745546850582965,-0.41374150960496897,-0.8078330491673533
893,2,858.987234042553,189.672340425532,17.0279894302495,17.5699079048769,5.22694074441003,235,False,2,1.2115736504701173,-0.665679687840147,-0.25193817823517817
894,2,859.282157676349,188.726141078838,17.2358919917726,17.8142220206148,169.51747025589,241,False,2,0.9910969445294463,-1.268646906352172,-0.602967218512025
895,2,859.214876033058,187.657024793388,17.329098869912,17.7909946224154,123.446002269025,242,False,2,1.0712312781740296,-1.6336454602960044,-0.3649985539438325
896,2,858.604255319149,186.982978723404,17.0392611373461,17.5500480484429,96.779075828374,235,False,2,0.909503029525206,-2.3068634893610067,-0.6732180290650023
897,2,857.688034188034,186.15811965812,17.0816591501545,17.451370349134,68.1686106796116,234,False,2,1.2328234418127344,-2.408620764046413,-0.10175727468540607
898,2,856.632911392405,185.776371308017,17.1901710365182,17.5707618431788,122.322745797297,237,False,2,1.122058784851366,-2.794440378074492,-0.3858196140280792
899,2,855.570833333333,185.858333333333,17.4528157294488,17.517548369897,94.0774797618755,240,False,2,1.0652359255846504,3.064573928444665,-0.42417100066042934
900,2,854.855895196507,186.585152838428,16.8822092372761,17.2819271728205,175.789939162373,229,False,2,1.01951122233876,2.347953785256295,-0.7166201431883699
901,2,854.513157894737,187.40350877193,16.7116213247767,17.3995808080869,74.0794735850248,228,False,2,0.8872289963265163,1.9674140467673418,-0.3805397384889533
2,3,1020.51310861423,482.101123595506,17.8463455828739,19.0440257716852,160.784186282895,267,False,3,,,
3,3,1020.84701492537,482.690298507463,17.7706610193588,19.2213078347678,167.050419799542,268,False,3,0.6772152549217135,1.0551952531783377,
4,3,1021.46975088968,483.192170818505,18.1614058128899,19.7072659220666,178.012567680334,281,False,3,0.7997974104957628,0.6783373121792433,-0.3768579409990944
5,3,1021.67028985507,483.597826086957,17.9268324351573,19.6102602285383,173.186777391583,276,False,3,0.4525174841512322,1.111672420615659,0.4333351084364159
6,3,1021.77777777778,484.281481481481,17.7652790582043,19.3608039874476,3.05001708920798,270,False,3,0.6920537204511575,1.4148476728855666,0.3031752522699076
7,3,1022.15925925926,484.788888888889,17.8044021801884,19.3184595379215,178.302882704068,270,False,3,0.6348152469850441,0.9261283573900537,-0.48871931549551295
8,3,1022.35164835165,485.238095238095,17.8353434262553,19.5002669628655,177.124344280381,273,False,3,0.4886715737974282,1.1661451354287395,0.2400167780386857
9,3,1022.12881355932,486.427118644068,18.6842119801213,20.0997660717183,20.3643732027319,295,False,3,1.209723937361086,1.756057263579163,0.5899121281504236
10,3,1022.97902097902,486.29020979021,18.611108111312,19.5864419627258,4.68919749015396,286,False,3,0.8611600842919496,-0.15965933686031153,-1.9157166004394743
11,3,1022.93971631206,486.918439716312,18.3075822265355,19.6360804436772,24.3167033540858,282,False,3,0.6294582566739062,1.6332790299939293,1.7929383668542407
12,3,1022.96842105263,487.747368421053,18.2369302448457,19.9146880465325,21.601785134282,285,False,3,0.8294255600563767,1.5361814378338232,-0.09709759216010605
13,3,1022.81978798587,488.441696113074,18.0189799864784,20.0335482515796,23.2316561312204,283,False,3,0.710058259892566,1.781681117832378,0.24549967999855493
14,3,1023.07042253521,489.084507042254,18.1095140659806,19.9962968550568,28.5448489731589,284,False,3,0.6899446122669328,1.1990235860632756,-0.5826575317691023
15,3,1022.93928571429,489.592857142857,17.977989882239,19.8701663920353,27.3105844987999,280,False,3,0.524992086210881,1.8232578276352764,0.624234241572001
16,3,1022.74820143885,490.514388489209,17.737976009025,19.9928327376028,34.3894670083469,278,False,3,0.9411340088583725,1.7752540446950311,-0.04800378294024554
17,3,1022.71276595745,491.198581560284,17.9436612600872,20.0195712227017,39.1189343601449,282,False,3,0.6851100873940692,1.622541733250779,-0.1527123114442519
18,3,1022.72473867596,491.487804878049,18.3538186404033,19.9378654787897,29.3127294095724,287,False,3,0.28947102364055466,1.5294238445916208,-0.09311788865915815
19,3,1022.44444444444,492.069444444445,18.4037465441449,19.9404115898705,48.6972655971849,288,False,3,0.6456542739119037,2.0198623344225486,0.49043848983092797
20,3,1022.0,492.822695035461,18.2419432538607,19.6769513447826,53.2027086522489,282,False,3,0.8745955162585088,2.1038566274722768,0.08399429304972816
21,3,1021.79078014184,493.209219858156,18.2060702214344,19.7219135876715,45.0000000000003,282,False,3,0.4395160834462637,2.0669234845912565,-0.03693314288102023
22,3,1021.32068965517,494.020689655172,18.5384068047142,19.9170516788536,57.1456346097049,290,False,3,0.9377997105601984,2.095861732744187,0.028938248152930335
23,3,1020.80350877193,494.39649122807,18.1967273920013,19.96080674655,61.3229134784306,285,False,3,0.6392987472078413,2.5132138020102834,0.4173520692660966
24,3,1020.44405594406,495.066433566434,18.3234802683807,19.8861271162744,66.1707843877386,286,False,3,0.7602822319352046,2.0632491461895244,-0.44996465582075906
25,3,1020.07394366197,495.359154929577,18.3895891280781,19.6650427501245,58.6852049594375,284,False,3,0.4718780539441793,2.472425907759023,0.40917676156949856
26,3,1019.70774647887,495.823943661972,18.2269433232123,19.8515748468624,72.9626041133287,284,False,3,0.5917169447224814,2.2381024617744445,-0.23432344598457844
27,3,1019.08571428571,496.446428571429,18.3344748384963,19.4473095497314,83.8227430914496,280,False,3,0.8800065407877445,2.3558307215659333,0.11772825979148882
28,3,1018.74475524476,496.86013986014,18.5149268925271,19.6802093924858,72.1427150037,286,False,3,0.5361064241477222,2.260088787444199,-0.09574193412173448
29,3,1018.3038869258,497.303886925795,18.2715776064785,19.7321282051033,86.8930081635575,283,False,3,0.6255208493247479,2.352940266285373,0.09285147884117428
30,3,1017.67605633803,497.633802816902,18.3089202485361,19.773390462391,85.6018796680855,284,False,3,0.7092360271056756,2.6577651043953234,0.3048248381099503
31,3,1016.77083333333,498.246527777778,18.4585848411385,19.8905660911882,91.3493654196767,288,False,3,1.0930967779289351,2.546554379171794,-0.11121072522352948
32,3,1016.32179930796,498.560553633218,18.0456677967165,20.399172004038,101.522216261672,289,False,3,0.5479450646048323,2.531312172273056,-0.015242206898737898
33,3,1015.57342657343,498.77972027972,18.4961209563378,19.7040010890093,96.311852783002,286,False,3,0.7798049555669898,2.856701327520898,0.32538915524784207
34,3,1014.64827586207,499.151724137931,18.4297892720497,20.0511934425332,104.927308312123,290,False,3,0.997141268453828,2.759276539092163,-0.09742478842873492
35,3,1014.24137931034,499.462068965517,18.2434280590445,20.2532590634234,97.4651459279717,290,False,3,0.5117408678414961,2.4900054676742482,-0.26927107141791495
36,3,1013.41471571906,499.545150501672,18.9856233663586,20.0930724860409,107.626548128479,299,False,3,0.8308280416534742,3.041426766317518,0.5514212986432696
37,3,1012.73195876289,499.45704467354,18.7028158486401,19.8515500235626,118.746443925885,291,False,3,0.6884182581464323,-3.013257675336208,0.22850086552586024
38,3,1011.90443686007,499.542662116041,18.6010278492558,20.0694333859426,125.264711095434,293,False,3,0.8319392081801305,3.0384970222163648,-0.23143060962701334
39,3,1011.23103448276,499.658620689655,18.0811848125929,20.4651179580773,122.757003704307,290,False,3,0.6833133633708822,2.9710669684185453,-0.06743005379781941
40,3,1010.59375,499.767361111111,18.2814068246711,20.0736213109533,123.535379300137,288,False,3,0.6464951594754249,2.9725893864812782,0.0015224180627328998
41,3,1009.97183098592,499.654929577465,18.0579612498433,20.0420134444226,125.753521577351,284,False,3,0.6320000868926257,-2.962742717843538,0.34785320285477006
42,3,1009.36394557823,499.472789115646,18.3647870501346,20.4255253788179,132.406833651562,294,False,3,0.6345863351145155,-2.850475709855629,0.11226700798790912
43,3,1008.69097222222,499.451388888889,18.0142121724208,20.3928130705518,135.205975825722,288,False,3,0.6733135284579841,-3.1098038501095493,-0.2593281402539205
44,3,1008.2380952381,499.238095238095,18.5648339939922,20.1999079497689,135.000000000001,294,False,3,0.5005913944672976,-2.701433631771681,0.40837021833786835
45,3,1007.64583333333,499.052083333333,18.4303965508172,19.8911795690023,140.270749730711,288,False,3,0.6207854641943452,-2.8372777847632564,-0.13584415299157548
46,3,1007.12195121951,498.808362369338,18.419349724546,19.8495977802769,138.267214146817,287,False,3,0.5777995997498354,-2.7061532813888194,0.13112450337443704
47,3,1006.74315068493,498.376712328767,18.3846605408453,20.2421987432154,148.606812675303,292,False,3,0.5742922622873039,-2.2910766573916748,0.4150766239971446
48,3,1006.26666666667,498.091228070175,18.282625218928,19.873925680848,150.650291125364,285,False,3,0.5554622233429226,-2.6018001496965315,-0.31072349230485674
49,3,1005.68085106383,497.840425531915,18.563057695864,19.3683926374668,151.329588793572,282,False,3,0.6372455050672341,-2.737077746880335,-0.1352775971838036
50,3,1005.28082191781,497.445205479452,18.5367857722422,20.082254283126,152.001716741967,292,False,3,0.5623363829011224,-2.3622416952008387,0.3748360516794964
51,3,1004.64459930314,496.787456445993,18.6843525403235,19.5869721321527,167.358557355521,287,False,3,0.9151027299892925,-2.339560096920808,0.0226815982800308
52,3,1004.32971014493,496.358695652174,18.1436315618553,19.3816504276122,170.808984733625,276,False,3,0.5319689843162756,-2.2042494068014418,0.13531069011936614
53,3,1004.05300353357,495.893992932862,18.3379472607243,19.6723216893835,149.85494562793,283,False,3,0.5408467122081321,-2.1078625326098033,0.0963868741916385
54,3,1003.76512455516,495.572953736655,18.2175037063555,19.6693740754245,166.863308373072,281,False,3,0.43120815357733344,-2.301790635819287,-0.19392810320948373
55,3,1003.55871886121,494.868327402135,18.2174761244328,19.6464542661311,175.966629487366,281,False,3,0.7342353722030228,-1.8557536770447094,0.4460369587745774
56,3,1003.39501779359,494.444839857651,18.216071588619,19.6638901189164,177.759699851634,281,False,3,0.45402614448177403,-1.9396583976224584,-0.083904720577749
57,3,1003.29181494662,493.786476868327,18.5382257990987,19.3409254241626,5.23193020443181,281,False,3,0.6664027711034637,-1.726287710055938,0.21337068756652044
58,3,1003.04255319149,493.54609929078,18.516617772086,19.4103022862969,15.4678796729328,282,False,3,0.3462842796862691,-2.3743368293443634,-0.6480491192884257
59,3,1003.01052631579,492.687719298246,18.426480397888,19.7133208822818,20.8745382128358,285,False,3,0.8589772595067466,-1.608089864455507,0.7662469648888566
60,3,1002.95804195804,492.262237762238,18.4574713896051,19.7398534804791,21.5251226273845,286,False,3,0.4287063625515455,-1.6935291792690765,-0.08543931481356948
61,3,1002.79151943463,491.795053003534,18.2808100775618,19.7136564292672,22.0533654709086,283,False,3,0.49597515015182253,-1.913195237967003,-0.21966605869792666
62,3,1002.98924731183,491.301075268817,18.0963184144938,19.6533423247913,26.1156499711366,279,False,3,0.5320811177049803,-1.1900512640479755,0.7231439739190275
63,3,1003.03533568905,490.657243816254,18.3411396865376,19.6612588410044,29.534204027681,283,False,3,0.6454789522704566,-1.499333688653907,-0.30928242460593136
64,3,1002.97535211268,490.179577464789,18.502599424136,19.5498989188646,28.2215690652895,284,False,3,0.4814178774785934,-1.6957187217218375,-0.19638503306793043
65,3,1003.03533568905,489.657243816254,18.3411396865376,19.6612588410044,29.534204027681,283,False,3,0.5257665544955017,-1.4564595194571088,0.23925920226472863
66,3,1003.29963898917,488.992779783394,18.4845981878695,19.0833612898734,25.9909547486406,277,False,3,0.7151004722546953,-1.1922145658650842,0.2642449535920246
67,3,1003.71062271062,488.564102564103,18.2021469714219,19.1208248329176,33.7973857458121,273,False,3,0.5938617495982603,-0.8064672388090323,0.38574732705605186
68,3,1004.12727272727,487.952727272727,18.2755526820381,19.167210869429,60.4196092771507,275,False,3,0.7398492976813373,-0.9725971796517349,-0.1661299408427026
69,3,1004.40684410646,487.38783269962,17.9135081170342,18.7019323140466,76.5294039880894,263,False,3,0.6302904368526504,-1.11122984727798,-0.13863266762624527
70,3,1004.83636363636,486.734545454546,18.3594033225931,19.0874081348878,70.1029077427205,275,False,3,0.7818383791692259,-0.9891847445956405,0.12204510268233948
71,3,1005.02888086643,486.5559566787,18.4302245279115,19.1329149356026,84.7742569967768,277,False,3,0.26259633419369677,-0.7478834928813793,0.24130125171426098
72,3,1005.40293040293,486.076923076923,18.1230643185093,19.2015896851302,80.3541693653197,273,False,3,0.607771542100604,-0.9078467699395211,-0.15996327705814162
73,3,1005.6463878327,485.692015209126,17.8207914442131,18.8133696677802,85.4134289526413,263,False,3,0.4554399925371692,-1.0068159788710773,-0.09896920893155636
74,3,1005.9926199262,485.383763837638,17.9940352351783,19.1663299691365,82.6808834893484,271,False,3,0.4635683019723753,-0.7274315767443414,0.27938440212673576
75,3,1006.44444444444,484.848148148148,17.9672017338954,19.1738209403592,80.365948247429,270,False,3,0.7007350156162516,-0.8700523192820457,-0.14262074253770418
76,3,1007.16104868914,484.606741573034,17.9711910057177,18.914870871099,86.4309392433768,267,False,3,0.7561737750215128,-0.3249353124259767,0.5451170068560689
77,3,1007.6,484.396363636364,17.7919672415337,19.6951645915378,88.3450353090827,275,False,3,0.48676188176896984,-0.4469297303104886,-0.12199441788451182
78,3,1008.34782608696,483.923913043478,18.0936928171106,19.4484472070539,89.4974009652668,276,False,3,0.884563971149761,-0.5634494845328781,-0.1165197542223897
79,3,1008.95588235294,483.904411764706,18.3469586989156,18.9062705200627,84.6065157933601,272,False,3,0.6083689032743295,-0.0320605144110103,0.5313889701218679
80,3,1009.82417582418,483.578754578755,18.0499261497885,19.2658783543155,109.421139675611,273,False,3,0.9273543847739917,-0.35881826066445965,-0.32675774625344944
81,3,1010.5,483.529197080292,17.8840820792129,19.505566809381,115.68230029028,274,False,3,0.6776387402419725,-0.07319797049741131,0.2856202901670484
82,3,1011.02150537634,483.534050179212,18.4240584939477,19.3043298390543,117.60406968615,279,False,3,0.5215279571802691,0.009305673639660644,0.08250364413707212
83,3,1011.65827338129,483.514388489209,17.9934270788038,19.6817689864383,115.044471051077,278,False,3,0.6370714827880587,-0.03086751356616917,-0.04017318720582974
84,3,1012.23897058824,483.827205882353,18.1683575276099,19.076978625261,120.632411758343,272,False,3,0.6595937898532543,0.49412061737031937,0.5249881309364888
85,3,1013.02150537634,483.939068100359,18.112345007118,19.6037308446205,131.312423057234,279,False,3,0.7904896270058599,0.1419866383717219,-0.35213397899859755
86,3,1013.79211469534,484.096774193549,17.974531453545,19.7802353376688,130.070322823817,279,False,3,0.7865811683221258,0.20186380535797793,0.059877166986256114
87,3,1014.30465949821,484.197132616488,18.0361650118495,19.6934008282269,140.741439826993,279,False,3,0.5222776924240192,0.1933578967300278,-0.008505908627950198
88,3,1014.97153024911,484.451957295374,18.2293942087215,19.644042329734,146.571752445826,281,False,3,0.7138993033861747,0.364998239860346,0.1716403431303184
89,3,1015.49626865672,484.828358208955,17.620592560053,19.3575505264989,154.433513493598,268,False,3,0.6457770855068685,0.6222502051944134,0.25725196533406747
90,3,1015.98939929329,485.137809187279,18.0959763323652,19.9087214332247,141.754697415433,283,False,3,0.5821835902098863,0.5604117860515808,-0.06183841914283272
91,3,1016.53818181818,485.349090909091,17.7439685937689,19.7281585481354,154.7290859137,275,False,3,0.588049509477224,0.36750955589429846,-0.19290223015728225
92,3,1017.0462633452,485.786476868327,18.0328616593212,19.8650843591386,164.294974143017,281,False,3,0.6704127948031989,0.7107639157367341,0.3432543598424358
93,3,1017.62152777778,485.840277777778,18.4900956518033,19.861316163902,146.666065199759,288,False,3,0.5777747876545803,0.09325253637631054,-0.6175113793604234
94,3,1018.19163763066,486.160278745645,18.1572882433321,20.1642377859678,161.652369533184,287,False,3,0.6537781456936916,0.5114751626428216,0.4182226262665112
95,3,1018.43003412969,486.563139931741,18.7193467812165,19.9397622039285,174.187812272262,293,False,3,0.4681132619488659,1.036458851162784,0.5249836885199626
96,3,1018.60357142857,487.207142857143,18.0495523082264,19.7552469972304,169.184386564884,280,False,3,0.6669744837915429,1.3075816870558539,0.27112283589306996
97,3,1019.11538461538,487.597902097902,18.4403010723016,19.7659762365514,173.146210141808,286,False,3,0.6439297496086813,0.6520727707087632,-0.6555089163470909
98,3,1019.48251748252,487.993006993007,18.0364489847289,20.2092825480399,3.1318793676883,286,False,3,0.5393462897530623,0.8220789511444021,0.17000618043563875
99,3,1019.61052631579,488.733333333333,17.9444802252941,20.2410718859888,8.73978318229447,285,False,3,0.7513117539182118,1.399580577156389,0.577501626011987
100,3,1019.9724137931,489.265517241379,18.5029575962132,19.9793957814847,11.7232509052529,290,False,3,0.6435699326544682,0.9736165594382662,-0.42596401771812253
101,3,1020.13058419244,489.948453608248,18.5648836670558,19.9832968185403,2.94598064162859,291,False,3,0.701013520853621,1.3432056109423938,0.3695890515041276
102,3,1020.25605536332,490.391003460208,18.5462094420706,19.847246374893,16.6695759130116,289,False,3,0.45999281102194095,1.294527698626664,-0.04867791231572971
103,3,1020.31560283688,491.163120567376,18.3610344922426,19.5778628344459,10.1030017943235,282,False,3,0.7744099229663779,1.493826353397141,0.1992986547704767
104,3,1020.42553191489,491.698581560284,18.0072328882961,19.9563003623245,10.3190224825804,282,False,3,0.5466286464485807,1.3683117523606718,-0.1255146010364694
105,3,1020.3476702509,492.168458781362,18.0721567324989,19.6678093258415,11.2745499804524,279,False,3,0.47628462247615866,1.7350105480300824,0.36669879566941077
106,3,1020.2332155477,492.865724381626,17.9847229891075,20.0472640241863,24.6626806586044,283,False,3,0.7065969122464071,1.7334933426170454,-0.001517205413037015
107,3,1020.24199288256,493.387900355872,18.1296629914303,19.7547073890654,25.2693018739429,281,False,3,0.5222497388098499,1.5539887585391714,-0.17950458407787373
108,3,1020.27335640138,494.23875432526,18.7025919067987,19.6916072885475,33.5395811218813,289,False,3,0.8514318220128592,1.5339517841839923,-0.020036974355178927
109,3,1020.14084507042,494.556338028169,18.4206045997997,19.6498336421142,32.4739753682072,284,False,3,0.34412012609872467,1.9660831269490364,0.43213134276504395
110,3,1020.13986013986,495.108391608392,18.6331078248062,19.5472900676154,43.1972913731871,286,False,3,0.5520544588401071,1.572580446217768,-0.3935026807312685
111,3,1020.08680555556,495.777777777778,18.3616751794775,19.9803897772977,44.3601992607148,288,False,3,0.6714853927528729,1.6498895448958333,0.07730909867806535
112,3,1019.76736111111,496.40625,18.2814068246711,20.0736213109533,33.5353793001377,288,False,3,0.7049979341775742,2.041051769143018,0.39116222424718483
113,3,1019.55017301038,496.743944636678,18.4341907234766,19.9772697205996,56.5626517251814,289,False,3,0.40150758241876267,2.1423405701285354,0.10128880098551729
114,3,1019.14909090909,497.294545454546,18.0413190144174,19.4074903735693,57.8649156263976,275,False,3,0.6811960896923364,2.2003585458891144,0.05801797576057899
115,3,1019.0640569395,498.017793594306,18.2798303366257,19.5656901313424,44.7967338251713,281,False,3,0.728229804148768,1.6878313629473995,-0.5125271829417146
116,3,1018.78853046595,498.297491039427,18.0837731683151,19.6490652919719,49.1933290406282,279,False,3,0.39261367581137013,2.348682398273582,0.6608510353261821
117,3,1018.48083623693,498.731707317073,18.2299084323558,20.0693217497219,57.7822133583665,287,False,3,0.5321837223600175,2.1872839604520915,-0.16139843782149033
118,3,1018.19503546099,499.478723404255,17.8656545274413,20.1146634829804,54.7773905677632,282,False,3,0.7998219289545705,1.9362044557541653,-0.25107950469792595
119,3,1017.50877192982,499.880701754386,17.9745049132949,20.2028437478008,59.7302816091893,285,False,3,0.795326491566778,2.611717549684436,0.6755130939302703
120,3,1017.17562724014,500.168458781362,17.9780297750871,19.7990044922289,60.4861061734448,279,False,3,0.4402152778312713,2.4291642951444468,-0.18255325453998905
121,3,1016.53898305085,500.732203389831,18.5830649834325,20.2333750521881,67.3733714519018,295,False,3,0.850366866319811,2.4168499692489136,-0.012314325895533162
122,3,1016.09342560554,500.9723183391,18.4350011049057,19.9899333738049,73.095200955633,289,False,3,0.5061389393571919,2.6473044085318334,0.23045443928291975
123,3,1015.53979238754,501.18339100346,18.6217503380111,19.7948607828822,78.608702824105,289,False,3,0.5925043541721889,2.777353821830104,0.1300494132982708
124,3,1015.0979020979,501.524475524476,18.1359209557425,20.0994618384883,89.7145695964619,286,False,3,0.5582165158384782,2.484237260286306,-0.29311656154379806
125,3,1014.47079037801,501.515463917526,18.396859044563,20.1188553473629,91.8242918359492,291,False,3,0.6271764650266433,-3.127223624197122,0.6717244226961583
126,3,1013.75347222222,502.104166666667,18.4247750951148,19.921888375851,98.4612861356829,288,False,3,0.927963503308226,2.454356804989666,-0.7016048779927981
127,3,1013.41843971631,502.31560283688,18.0742327141312,19.87169865549,97.2629465831204,282,False,3,0.3961717229821779,2.5786249137703066,0.12426810878064076
128,3,1012.78571428571,502.617857142857,18.3903588107991,19.4152530178939,100.733202497594,280,False,3,0.7012126182618148,2.6959419057444713,0.11731699197416479
129,3,1012.1023890785,502.283276450512,18.5272050462205,20.1652105850632,97.464579856693,293,False,3,0.7608400479067217,-2.686270483276786,0.9009729181583293
130,3,1011.51079136691,502.348920863309,17.9872966079392,19.7000025124804,111.571313981643,278,False,3,0.5952285622262956,3.0310834830439433,-0.5658313408588569
131,3,1010.69534050179,502.412186379928,17.9911622273509,19.7598471382123,104.941048680259,279,False,3,0.8179013626458476,3.06416427632007,0.03308079327612656
132,3,1010.0640569395,502.483985765125,17.7650703281886,20.1748088401877,114.0892775053,281,False,3,0.6353535139843511,3.028343748031834,-0.03582052828823601
133,3,1009.58064516129,502.68100358423,17.8920490734394,19.8753936101277,111.817993894175,279,False,3,0.5220181686081657,2.7545887069838444,-0.2737550410479894
134,3,1008.70790378007,502.625429553265,18.4293211702123,20.1371836017508,125.043776763169,291,False,3,0.8745090001890237,-3.078000964276398,0.4505956359193437
135,3,1008.39862542955,502.247422680412,18.3725181861583,20.177582551247,117.894258772153,291,False,3,0.48840791765130426,-2.2565258377073736,0.8214751265690245
136,3,1007.54109589041,502.0,18.3350964901809,20.2738770700808,119.379534904688,292,False,3,0.892510444353344,-2.8606920694753817,-0.6041662317680081
137,3,1007.1881533101,501.90243902439,18.3878417232587,19.8982933672992,125.999310238699,287,False,3,0.3661783840669289,-2.8719052132809386,-0.011213143805556935
138,3,1006.66083916084,501.562937062937,18.4756352263775,19.7421892810662,143.0611134506,286,False,3,0.6271537242496191,-2.569565369772531,0.3023398435084075
139,3,1006.21799307958,501.110726643599,18.2780709123812,20.1300421644596,129.143878087427,289,False,3,0.6329351586420933,-2.345732584801618,0.22383278497091297
140,3,1005.52941176471,500.961937716263,18.3384722218449,20.0734574190818,132.631268350994,289,False,3,0.7044731166523845,-2.928784056179858,-0.5830514713782398
141,3,1004.67730496454,500.72695035461,17.9621834532746,20.010039072791,143.666939531835,282,False,3,0.8839146220266584,-2.8725086820610404,0.056275374118817556
142,3,1004.06228373702,500.432525951557,17.9855059399421,20.4624515496581,144.500486971801,289,False,3,0.6818627716874125,-2.6951116037050817,0.17739707835595864
143,3,1003.52173913043,500.094202898551,17.4851550201281,20.0904716690451,145.672838050115,276,False,3,0.6376919004573669,-2.5823514817861053,0.11276012191897644
144,3,1003.06007067138,499.643109540636,17.8086052636618,20.2478013052662,145.436085335859,283,False,3,0.6454633867514156,-2.3677797995318834,0.21457168225422185
145,3,1002.43369175627,499.487455197133,17.7956559125235,19.9584202368918,152.857953580382,279,False,3,0.6454291750034901,-2.8980274809905207,-0.5302476814586372
146,3,1001.90647482014,499.115107913669,18.0450739868882,19.6137608617938,136.976171204746,278,False,3,0.645445735321958,-2.5266839551992644,0.3713435257912563
147,3,1001.55,498.571428571429,17.9628196550573,19.8642116873098,154.068130793227,280,False,3,0.650124237798002,-2.1511479199013253,0.3755360352979391
148,3,1001.2274368231,498.111913357401,17.9500597131007,19.6548327115957,155.251991031028,277,False,3,0.561427853793329,-2.182839253287259,-0.031691333385933884
149,3,1000.94425087108,497.606271777004,18.3334946008605,19.9462938867637,160.947246216261,287,False,3,0.5795409314689051,-2.0813247962052985,0.10151445708196061
150,3,1000.525,496.842857142857,18.1881240282781,19.6043336901311,176.929412383921,280,False,3,0.8709610763583008,-2.0730085759836174,0.008316220221681103
151,3,1000.14539007092,496.414893617021,18.430523287859,19.4980451883498,171.359945557947,282,False,3,0.5720633511264782,-2.2963907196349416,-0.22338214365132414
152,3,1000.02491103203,495.701067615658,18.5615465021451,19.298574748413,174.816688963063,281,False,3,0.723921790688553,-1.737999813499529,0.5583909061354126
153,3,999.754385964912,495.287719298246,18.3119283385591,19.8212458679184,173.337543551645,285,False,3,0.4940046998223469,-2.150309170146298,-0.41230935664676904
154,3,999.306896551724,494.41724137931,18.5712766587517,19.8907731292148,7.69987842574393,290,False,3,0.9787638031059793,-2.0456390451316584,0.10467012501463957
155,3,999.154385964912,493.736842105263,18.5251605903123,19.6153157096928,17.4073714075681,285,False,3,0.6972823324976746,-1.7913003056632648,0.2543387394683938
156,3,998.864583333333,493.381944444445,18.6456778886343,19.6946148737139,16.1215325214647,288,False,3,0.45818982411676584,-2.2555660858486397,-0.4642657801853751
157,3,998.583916083916,492.772727272727,18.6587874661788,19.5509387189825,29.1195278146098,286,False,3,0.6707605140520517,-2.002513878872053,0.2530522069765868
158,3,998.730103806228,492.21107266436,18.6894940147054,19.711261401392,4.18128247994751,289,False,3,0.5803677706891249,-1.3161655806593964,0.6863482982126565
159,3,998.475524475525,491.730769230769,18.3577566038319,19.8618919796531,12.3921589869578,286,False,3,0.5436009786051776,-2.0581849940483146,-0.7420194133889182
160,3,998.27972027972,491.160839160839,18.6184091004382,19.5615458183911,20.8233349021931,286,False,3,0.6026272211784918,-1.9017209357380411,0.15646405831027366
161,3,998.170289855073,490.561594202899,18.1201188106218,19.4311964945163,19.341089399703,276,False,3,0.6091547729886819,-1.7514199185847061,0.150301017153335
162,3,998.043321299639,489.981949458484,17.9845896434324,19.6058493961778,33.5243945245122,277,False,3,0.5933877684928522,-1.786435985989945,-0.03501606740523888
163,3,998.361940298507,489.212686567164,17.7140321546841,19.2808581782417,26.9890330883809,268,False,3,0.8326364527220856,-1.178119574070683,0.6083164119192621
164,3,998.241992882562,488.701067615658,18.1074860707076,19.7781621424668,27.0014039329977,281,False,3,0.5254915167078607,-1.8010839556387126,-0.6229643815680297
165,3,998.375912408759,488.083941605839,18.2330120298462,19.141072365347,39.70610796749,274,False,3,0.6314894706104989,-1.3571043953988398,0.44397956023987284
166,3,998.753676470588,487.102941176471,18.1180908705466,19.1174470439051,30.3998463310074,272,False,3,1.051221921779489,-1.2032174439987176,0.1538869514001222
167,3,998.89219330855,486.788104089219,18.4237863439069,18.6057182970949,5.6748816029785,269,False,3,0.34396119825979055,-1.1563200027756053,0.046897441223112235
168,3,999.156363636364,485.909090909091,18.2381217842935,19.1968803783484,37.5581143721034,275,False,3,0.9178508228117113,-1.27885284638995,-0.12253284361434469
169,3,999.174074074074,485.392592592593,18.312185789694,18.7844004618752,65.8221648520799,270,False,3,0.5168018677879593,-1.5365203167304826,-0.2576674703405324
170,3,999.511111111111,484.744444444445,18.1157238507884,18.979607151719,30.9987618767602,270,False,3,0.7305408861127142,-1.0912770348023888,0.4452432819280938
171,3,999.7265917603,484.250936329588,18.0540875291598,18.8380626128381,42.912019491679,267,False,3,0.5384999253524934,-1.1591160058690078,-0.06783897106661918
172,3,1000.0223880597,483.80223880597,18.0405647369203,18.9372825516792,55.6275447768737,268,False,3,0.5374243374091474,-0.9879576478368218,0.17115835803218582
173,3,1000.36059479554,483.137546468401,18.113636288786,18.9315929468572,64.6093734904747,269,False,3,0.7457879724093472,-1.1001200529683313,-0.11216240513150932
174,3,1000.68421052632,482.695488721805,17.6124903099275,19.2502105801222,51.5985767139584,266,False,3,0.5478523455583831,-0.9388717039699572,0.1612483489983738
175,3,1001.31617647059,482.125,18.0771127486015,19.1852650765746,85.4302559845208,272,False,3,0.8513743808828969,-0.7343162035617952,0.20455550040816206
176,3,1001.68265682657,481.915129151292,18.2634474180037,18.9061677669309,75.4652883661127,271,False,3,0.4223193394300743,-0.5200784666119271,0.21423773694986803
177,3,1002.12403100775,481.271317829457,17.5530668234818,18.733152657308,75.9435510019007,258,False,3,0.7805793911801522,-0.9698244664091266,-0.4497459997971993
178,3,1002.57352941176,481.176470588235,18.0247545789332,19.2398156463686,74.2992277157256,272,False,3,0.45939614101008924,-0.20795631970052472,0.7618681467086019
179,3,1003.08118081181,480.586715867159,18.04301125484,19.1169154867953,69.1398496606057,271,False,3,0.7781520256377843,-0.8600748426830445,-0.6521185229825197
180,3,1003.30303030303,480.356060606061,17.7150301999711,18.986789684315,55.7086555465201,264,False,3,0.3200297583456391,-0.8048557680333932,0.055219074649651034
181,3,1003.98534798535,480.32967032967,17.9641376061575,19.3824475460179,77.2403927425854,273,False,3,0.6828278452835065,-0.038658134526373615,0.7661976335070197
182,3,1004.61090909091,480.127272727273,18.0353075234437,19.4398574941876,82.8725672584986,275,False,3,0.657488772714412,-0.3129159677691956,-0.2742578332428218
183,3,1005.14285714286,480.025641025641,18.1248003817211,19.2292126651988,92.7718403918199,273,False,3,0.541569693345145,-0.18878065552207746,0.12413531224711827
184,3,1005.69117647059,479.911764705882,18.1656245052009,19.0820405928521,90.5518022807551,272,False,3,0.5600195544480409,-0.20477153202905282,-0.015990876506975393
185,3,1006.22097378277,479.782771535581,17.8626060884027,19.0577088151077,95.5451118937304,267,False,3,0.545274637203534,-0.238829492751885,-0.03405796072283218
186,3,1006.95620437956,479.485401459854,18.2985067455934,19.0487054635951,98.4605569903801,274,False,3,0.793090784459124,-0.384343772263309,-0.14551427951142415
187,3,1007.44444444444,479.422222222222,17.7790915896374,19.3439230518892,110.097357309244,270,False,3,0.492310854056523,-0.12868689086602023,0.2556568813972886
188,3,1008.13636363636,479.314393939394,17.6131116857,19.0872607181884,118.423508946865,264,False,3,0.7002707381611851,-0.15459591802900377,-0.025909027162983378
189,3,1008.46125461255,479.39483394834,17.6247923254156,19.5819697862261,111.887360079509,271,False,3,0.33470097318190306,0.24270987605843072,0.39730579408743427
190,3,1009.26119402985,479.429104477612,17.4746839019264,19.5265035812599,111.892426076093,268,False,3,0.8006731795975842,0.042815224552638184,-0.19989465150579244
191,3,1009.71481481482,479.485185185185,17.685023161603,19.435981500773,116.187652534512,270,False,3,0.457074241583001,0.12300491098468205,0.08018968643204394
192,3,1010.15241635688,479.728624535316,17.6339553410231,19.4312994212584,129.608117938209,269,False,3,0.5007572533728722,0.5076700061541386,0.38466509516945635
193,3,1010.71003717472,479.899628252788,17.9249158923841,19.1099697385434,145.769859103859,269,False,3,0.5832523020766804,0.2975617247395576,-0.21010828141458093
194,3,1010.95604395604,479.948717948718,17.8189567846046,19.5137237287166,142.291461986852,273,False,3,0.2508568011873435,0.19695908785194624,-0.1006026368876114
195,3,1011.56981132075,480.075471698113,17.4592463396381,19.3209715933472,148.235718835582,265,False,3,0.6267191483979565,0.2036545347168533,0.006695446864906973
196,3,1011.65037593985,480.206766917293,17.4580495990533,19.3970576239015,149.531968589611,266,False,3,0.15404250202546402,1.020426434663137,0.8167718999462839
197,3,1012.1962962963,480.781481481482,17.6257432671194,19.5326143511298,144.455156054281,270,False,3,0.7926700864025372,0.811087059021196,-0.20933937564194105
198,3,1012.55970149254,481.033582089552,17.8377754077743,19.1289780328228,159.242433339155,268,False,3,0.4422872971762084,0.6064971835431683,-0.20458987547802776
199,3,1012.8202247191,481.38202247191,17.5876607331364,19.3567416686384,162.975048545572,267,False,3,0.4350667209004097,0.9287792395843142,0.3222820560411459
200,3,1013.31046931408,481.610108303249,17.8444998158166,19.7726255050375,163.901709680176,277,False,3,0.5407059361286259,0.435462425078256,-0.49331681450605824
201,3,1013.66909090909,482.356363636364,17.7257243318161,19.7521055110354,163.23899090475,275,False,3,0.8279531814118926,1.1228200820811807,0.6873576570029245
202,3,1013.93214285714,482.564285714286,18.0069916884619,19.8222788833066,171.995095118903,280,False,3,0.33530272569769465,0.6688734234395604,-0.45394665864162054
203,3,1014.33211678832,483.222627737226,17.9001881054708,19.5079029569202,173.391493568267,274,False,3,0.7703203001300077,1.024845800330087,0.35597237689052674
204,3,1014.52173913043,483.471014492754,17.9295042210702,19.6111914711373,172.704383226181,276,False,3,0.3124941806642195,0.9187643304811292,-0.10608146984895805
205,3,1014.71955719557,483.89667896679,18.0132666180718,19.1632351828242,171.227119251044,271,False,3,0.4693849500698285,1.1357625799734286,0.2169982494922995
206,3,1015.03202846975,484.462633451957,18.1767092298607,19.7003120811242,179.217719309577,281,False,3,0.6464849390885579,1.0663316952936464,-0.06943088467978242
207,3,1015.24253731343,484.932835820896,17.8142152679574,19.1591545795209,9.28545212100961,268,False,3,0.515173991019879,1.1498580688601683,0.0835263735665217
208,3,1015.24820143885,485.374100719425,17.8963157912044,19.791917993057,6.3199617788224,278,False,3,0.4413012497042754,1.5579609202513323,0.4081028513911642
209,3,1015.02867383513,485.913978494624,18.2818166024182,19.4308417213162,31.2816018022841,279,False,3,0.582803895790762,1.9570005191963311,0.39903959894499863
210,3,1015.06690140845,486.570422535211,18.1511603505443,19.9398014890763,20.8879518551317,284,False,3,0.6575561769035956,1.512627700432863,-0.4443728187634681
211,3,1015.12099644128,487.128113879004,17.9208288704219,19.988565963012,24.8748629355142,281,False,3,0.560308760879688,1.4741006703944042,-0.03852703003845903
212,3,1014.94181818182,487.534545454546,17.6608345558786,19.8768900359344,27.0751092718449,275,False,3,0.44417504911988126,1.986021082465788,0.5119204120713841
213,3,1014.81785714286,488.214285714286,17.7449216836165,20.1003401167658,29.9693562051306,280,False,3,0.6909509098998814,1.7511793896049428,-0.23484169286084544
214,3,1014.64056939502,488.67615658363,17.6186973320071,20.3268704271631,28.7287994036148,281,False,3,0.4947278499162913,1.9373006228433298,0.1861212332383868
215,3,1014.69485294118,488.996323529412,17.2931651509741,20.0363765975293,37.3165441270058,272,False,3,0.32473616453217613,1.4028458683319676,-0.534454754511362
216,3,1014.29710144928,489.438405797101,17.554205444077,20.0405398671507,34.5289456405756,276,False,3,0.5946788887405344,2.3034582535294943,0.900612385197527
217,3,1014.19413919414,489.952380952381,17.3164735844282,20.0844020293417,43.220156080778,273,False,3,0.5241866902437122,1.7685047078419334,-0.5349535456875607
218,3,1013.97090909091,490.385454545455,17.5693008081006,19.9394952485606,48.6210417900166,275,False,3,0.48722111613318514,2.046731634256542,0.2782269264146082
219,3,1013.44360902256,490.943609022556,17.4934544956098,19.3646604310566,41.2289026017061,266,False,3,0.767842290050377,2.327776807674397,0.2810451734178554
220,3,1013.22846441948,491.176029962547,17.4346008621033,19.5091361644514,49.4606681739056,267,False,3,0.31671231990679893,2.3176129590935877,-0.010163848580809542
221,3,1012.63176895307,491.509025270758,17.7769986357959,19.8660387624582,62.6115418202741,277,False,3,0.6833237555688978,2.63257801932607,0.3149650602324825
222,3,1012.26909090909,491.967272727273,17.6670214621417,19.8674407572541,61.8440975002404,275,False,3,0.5844023399915923,2.2402995106937778,-0.3922785086322924
223,3,1011.8381294964,492.55035971223,17.7061395412858,20.0105297577135,61.1495434442557,278,False,3,0.7250642531899886,2.207286881093118,-0.03301262960065987
224,3,1011.25783972125,492.993031358885,17.8735071339534,20.4704960575541,62.7831827053249,287,False,3,0.7298591712761834,2.4899207649746296,0.28263388388151167
225,3,1010.6961130742,493.219081272085,17.7239973545882,20.3376862753166,61.057917088694,283,False,3,0.605504243803296,2.7590020021961092,0.2690812372214797
226,3,1010.36170212766,493.524822695036,17.5973086491605,20.3954969449575,67.4104440078431,282,False,3,0.4531098088475123,2.400950051737262,-0.3580519504588473
227,3,1009.76512455516,493.779359430605,17.9483691273016,19.9460700754435,72.168583977459,281,False,3,0.6486090885611348,2.7383154667999796,0.33736541506271767
228,3,1009.10211267606,494.172535211268,17.8798194280252,20.2687903051677,73.0123530069051,284,False,3,0.77082549667726,2.6063252463693627,-0.13199022043061692
229,3,1008.36363636364,494.596363636364,17.8993500879843,19.5768854337783,76.6569400422379,275,False,3,0.8514562806889949,2.6205682622573545,0.014243015887991817
230,3,1007.68661971831,495.049295774648,18.3038332979012,19.775687094819,70.8997743565566,284,False,3,0.8145545162506972,2.5519682389605625,-0.06860002329679205
231,3,1007.02097902098,495.395104895105,18.1586619600647,20.0644811217724,80.3880167739563,286,False,3,0.7501076494298827,2.6624566341196045,0.11048839515904207
232,3,1006.48905109489,495.57299270073,17.847828106212,19.5607602443651,86.5570783364506,274,False,3,0.5608844711208447,2.818863625925104,0.15640699180549955
233,3,1005.67391304348,495.684782608696,17.8583826472707,19.6856847568617,89.3042260239866,276,False,3,0.8227679055356918,3.005300569814782,0.18643694388967802
234,3,1005.10791366906,495.86690647482,18.0631134171611,19.6220276706763,98.2522954121719,278,False,3,0.5945791742532353,2.830281348962847,-0.17501922085193522
235,3,1004.53380782918,496.096085409253,18.1709930586637,19.7110235680162,92.2159589446076,281,False,3,0.6181589596311532,2.761782307064615,-0.06849904189823208
236,3,1003.73404255319,496.301418439716,17.9940832735332,19.9484245205911,105.094826904749,282,False,3,0.8257034274353473,2.8902790725572927,0.12849676549267786
237,3,1002.77580071174,496.423487544484,18.1262221533819,19.7365519446129,99.3512118045786,281,False,3,0.9659856588191819,3.01488648365361,0.12460741109631712
238,3,1001.92413793103,496.610344827586,18.208806140815,20.3035770492587,107.170208605293,290,False,3,0.8719203726802498,2.9256119553560893,-0.08927452829752047
239,3,1001.425,496.739285714286,18.1513328051972,19.6667266672198,109.902837793796,280,False,3,0.5155234489874956,2.8887921440707096,-0.0368198112853797
240,3,1000.57597173145,496.791519434629,18.1622161509489,19.8842014316238,109.268729610073,283,False,3,0.850633506474958,3.080148328071877,0.1913561840011675
241,3,999.742857142857,496.542857142857,18.0552554754812,19.776041852397,118.81300569137,280,False,3,0.8694324890845069,-2.8515372751830084,0.3514997039247003
242,3,998.708185053381,496.387900355872,17.5533067195774,20.4482960936874,124.166668640679,281,False,3,1.0462112303800293,-2.9929333731812866,-0.14139609799827824
243,3,998.257839721254,496.585365853659,17.9222090487605,20.4192344335494,121.544717521826,287,False,3,0.491735234638461,2.7283635330063714,-0.5618884009919292
244,3,997.393728222997,496.505226480836,18.0404554658997,20.2814309217067,121.969361065941,287,False,3,0.8678196820171865,-3.0491152474879186,0.5057065266852963
245,3,996.785211267606,496.242957746479,17.5923465330702,20.5702843917409,138.994204665807,284,False,3,0.6626294394452489,-2.7346538220955017,0.31446142539241695
246,3,995.985559566787,496.126353790614,18.0398089208726,19.5434260651468,126.64304715721,277,False,3,0.8081084860005677,-2.996794747987925,-0.2621409258924232
247,3,995.58273381295,496.014388489209,17.9097131455112,19.798077604171,137.791048576208,278,False,3,0.41809665948561797,-2.8704861942945996,0.12630855369332528
248,3,994.805653710247,495.911660777385,17.986613316132,20.0280697365832,136.680640625812,283,False,3,0.7838408440451453,-3.010157704126495,-0.13967150983189525
249,3,994.0,495.893617021277,18.0293776975334,19.9085186518576,139.921765666819,282,False,3,0.8058557426545468,-3.1191999805674766,-0.10904227644098174
250,3,993.167259786477,495.843416370107,18.1415640936102,19.7351044818738,154.460669685597,281,False,3,0.8342519814757955,-3.081381832939868,0.03781814762760849
251,3,992.436823104693,495.559566787004,17.6561196620534,19.9659460349282,159.002510412108,277,False,3,0.7836506440521628,-2.77095008129319,0.31043175164667813
252,3,991.961267605634,495.218309859155,18.2641263132892,19.8132460033525,157.482355523063,284,False,3,0.5853283894448645,-2.519154368581041,0.25179571271214884
253,3,991.353790613718,494.891696750903,18.0813374066988,19.495472173504,165.811658591888,277,False,3,0.689713286945602,-2.6482766629684944,-0.12912229438745326
254,3,990.863157894737,494.501754385965,18.3762705091456,19.7640210866197,162.782133312696,285,False,3,0.6267180489727161,-2.4700461348605116,0.1782305281079828
255,3,990.432142857143,494.485714285714,18.0313446730883,19.7685019792796,165.003031318571,280,False,3,0.43131339817838993,-3.1043951078688137,-0.6343489730083021
256,3,990.081850533808,493.88256227758,18.5234759403021,19.3417833318448,2.56179896343552,281,False,3,0.6974934097921478,-2.0969557698039214,1.0074393380648923
257,3,989.621052631579,493.466666666667,18.1392070865212,19.9945891512527,175.369961108758,285,False,3,0.6207284961038996,-2.4073675499422467,-0.31041178013832527
258,3,989.146428571429,493.0,18.5110066094906,19.2761770496729,172.556225896657,280,False,3,0.6656168389180777,-2.3646479931385804,0.04271955680366624
259,3,988.937062937063,492.5,18.5831973625731,19.6066208312289,180.0,286,False,3,0.5420645430698093,-1.9673453437116704,0.3973026494269103
260,3,988.40780141844,491.847517730496,18.3966776770017,19.5402196804449,4.70180496371438,282,False,3,0.8401493123916761,-2.2522996537192794,-0.28495431000760885
261,3,988.170212765957,491.535460992908,18.2267366654841,19.7239166774145,14.2357173807755,282,False,3,0.3922088413878426,-2.221530582501906,0.0307690712173736
262,3,988.017985611511,491.064748201439,18.3020147881496,19.3383348804901,30.1439101099753,278,False,3,0.4947157149346087,-1.8835777805425942,0.3379528019593119
263,3,988.04181184669,490.397212543554,18.3231402433882,19.9566431632638,13.5092242469856,287,False,3,0.6679607353959706,-1.5351186448732022,0.34845913566939224
264,3,987.810909090909,490.010909090909,18.0137822771663,19.4317131558188,31.903711201192,275,False,3,0.4500515972115996,-2.1095404470857098,-0.5744218022125076
265,3,987.539855072464,489.282608695652,17.994847907468,19.5228845390676,12.8295868088491,276,False,3,0.7771047205150202,-1.9270865628960936,0.1824538841896164
266,3,987.185714285714,488.592857142857,18.069558128283,19.7643579343931,26.3097454041372,280,False,3,0.7753534042119571,-2.045132010312948,-0.11804544741685419
267,3,987.312056737589,487.985815602837,18.3052179422203,19.620049920847,25.3187965767959,282,False,3,0.6200498741678888,-1.3655975636319984,0.6795344466809494
268,3,987.530685920578,487.469314079422,17.9020008267825,19.6982874992641,20.5925632010511,277,False,3,0.5608676700830835,-1.1703761821276857,0.19522138150431267
269,3,987.266423357664,486.934306569343,18.3224395497117,19.0509178526456,24.549982340514,274,False,3,0.5967141174790462,-2.0295856264515844,-0.8592094443238985
270,3,987.447653429603,486.292418772563,18.238272724278,19.3632480504089,27.2713494719727,277,False,3,0.6669814709795597,-1.2956198260634797,0.7339658003881047
271,3,987.557553956835,485.701438848921,18.2115931574563,19.4576376356288,45.4341826970927,278,False,3,0.6011117999455701,-1.3869333803449677,-0.0913135542814878
272,3,987.910652920962,485.226804123711,18.9079813650747,19.6077869116454,44.8039964660165,291,False,3,0.5915716362729629,-0.931185988772944,0.4557473915720238
273,3,988.0,485.0,18.2633951231278,19.5755676028842,45.0,281,False,3,0.24376835533955143,-1.1955255039376178,-0.2643395151646737
274,3,987.963235294118,484.283088235294,17.8909184829017,19.3503156503702,64.7792799328548,272,False,3,0.7178538305062508,-1.622033494197784,-0.4265079902601663
275,3,988.122302158273,483.895683453237,18.3082070654402,19.3355564644698,47.727021584579,278,False,3,0.41878960401700294,-1.1811889495439047,0.44084454465387957
276,3,988.548611111111,483.555555555556,18.499939686946,19.8549891910545,69.5079036527742,288,False,3,0.5453680500824254,-0.6734247205405156,0.507764229003389
277,3,988.996389891697,483.064981949458,18.2271312377652,19.3499022555446,54.1012371751433,277,False,3,0.6642050130367476,-0.8309729313445774,-0.15754821080406156
278,3,989.247311827957,482.709677419355,18.3098024798889,19.4335810148143,74.9942782726245,279,False,3,0.43497485813338804,-0.9559103606675667,-0.12493742932298924
279,3,989.654545454546,482.36,18.0509088294948,19.4098343357604,79.498426356592,275,False,3,0.536762074136752,-0.7095033054745545,0.24640705519301243
280,3,989.978873239437,482.183098591549,18.8484448220583,19.2103528146812,79.2249471228512,284,False,3,0.3694355429087098,-0.49933565746985437,0.21016764800470034
281,3,990.442906574394,481.923875432526,18.7223854345523,19.66110993321,95.9178931534257,289,False,3,0.5315294743710501,-0.5094451339791397,-0.010109476509285287
282,3,991.108695652174,481.86231884058,18.2903486063062,19.2357555759395,90.1994587101274,276,False,3,0.6686286787920191,-0.09219449273574756,0.4172506412433923
283,3,991.386524822695,481.59219858156,18.1178492503387,19.8254102985039,94.3543458475161,282,False,3,0.38749709976388585,-0.7713304364409372,-0.6791359437051896
284,3,991.879432624114,481.287234042553,18.5661510358696,19.3280931483177,114.626231825159,282,False,3,0.579621834260419,-0.5540597875114803,0.2172706489294569
285,3,992.507194244604,481.208633093525,18.2894087652254,19.3942874093634,115.686981019231,278,False,3,0.6326632290155009,-0.12456005913936226,0.42949972837211803
286,3,992.808664259928,481.158844765343,18.3169521311347,19.2619644359343,118.777021716514,277,False,3,0.30555367411087225,-0.16367443237334134,-0.03911437323397893
287,3,993.618374558304,481.042402826855,18.2134018013174,19.8037531180008,113.937693874602,283,False,3,0.8180400310100882,-0.14282770539452294,0.020846726978818175
288,3,993.865454545455,480.952727272727,17.7916469051827,19.6874924737874,125.200859766371,275,False,3,0.26285019508970286,-0.3481570583315529,-0.20532935293703014
289,3,994.327205882353,480.963235294118,18.1186069017938,19.1444731025499,128.768451433147,272,False,3,0.46187088633153217,0.02275295633196439,0.37091001466351736
290,3,994.948717948718,481.18315018315,17.9305056879468,19.398242465084,133.269362217702,273,False,3,0.6592721797977011,0.3400903055118756,0.31733734917991097
291,3,995.442379182156,481.382899628253,17.7793532168398,19.264384248952,134.913408306247,269,False,3,0.5325422558055106,0.3844901549395327,0.04439984942765696
292,3,995.839694656489,481.400763358779,17.5072995189384,19.0798384674784,142.305354151313,262,False,3,0.3977168578433435,0.0449308146590895,-0.3395593402804433
293,3,996.208178438662,481.988847583643,17.5684776679383,19.5291896834272,138.207275299925,269,False,3,0.6939908884549243,1.0110592347037057,0.9661284200446163
294,3,996.627819548872,482.161654135338,17.428303694168,19.423928483018,145.593773292831,266,False,3,0.4538290048983304,0.3906338437390913,-0.6204253909646145
295,3,996.958015267176,482.423664122137,17.238037242717,19.3870679801366,149.769779865713,262,False,3,0.4215192113874812,0.6707643549964256,0.28013051125733446
296,3,997.19465648855,482.828244274809,17.1671011029842,19.4370822691251,149.081851949893,262,False,3,0.4687047765805694,1.0415495459635258,0.37078519096710005
297,3,997.396946564885,483.202290076336,17.1982276347396,19.4011324216887,154.913198822584,262,False,3,0.4252429148423279,1.0750312516926581,0.033481705729132116
298,3,997.649635036496,483.671532846715,17.3937623834772,20.0725029785405,154.466902502435,274,False,3,0.5329542581104787,1.0768230937151453,0.0017918420224871667
299,3,997.992395437262,484.247148288973,17.3516018364794,19.330149989754,160.800829892244,263,False,3,0.6699386760734931,1.03371606810921,-0.043107025605935156
300,3,998.229885057471,484.846743295019,17.1037240555079,19.4295042431043,157.197053981659,261,False,3,0.6449151037015357,1.1936708943744896,0.15995482626527968
301,3,998.569288389513,485.374531835206,17.3875007737807,19.5667890875135,165.485353405977,267,False,3,0.6274992947835959,0.9993104521001988,-0.1943604422742906
302,3,998.612403100775,486.054263565892,17.3962210907966,18.8911134102324,157.017056775902,258,False,3,0.6810977198820463,1.5074521746465035,0.5081417225463047
303,3,998.568265682657,486.509225092251,17.5887349999293,19.6325929258583,168.796607605272,271,False,3,0.45709747553999236,1.667507200211375,0.16005502556487183
304,3,998.655303030303,486.848484848485,17.6036258179844,19.1048556063373,170.952239171141,264,False,3,0.3502466018182105,1.319661810536737,-0.34784538967463785
305,3,998.377777777778,487.355555555556,17.7271170658114,19.4050060243903,10.4345041609371,270,False,3,0.5780492779673659,2.0715725154597906,0.7519107049230538
306,3,997.555970149254,487.190298507463,17.5134089682069,19.5010963405729,17.2696650006869,268,False,3,0.8382587131933692,-2.9431495268070442,1.2684632649127519
307,3,996.743494423792,487.278810408922,17.5320802948552,19.5467871210251,18.4337277763362,269,False,3,0.8172827914283723,3.0330796063022674,-0.3069561740702742
308,3,996.220149253731,487.119402985075,17.2610679758675,19.7742791858009,27.7252008261496,268,False,3,0.5470839915439177,-2.8459271829038126,0.4041785179735058
309,3,995.284132841328,487.232472324723,17.3236799910943,19.9191943692391,35.2740157962799,271,False,3,0.9428209797498095,3.021376678265355,-0.41588144601041854
310,3,994.371212121212,487.166666666667,17.169024163225,19.5781169304524,43.4882491755349,264,False,3,0.9152893672763838,-3.0696345552363327,0.19217407367789896
311,3,993.026515151515,487.07196969697,17.0132259481577,19.7814181654589,46.2478672373196,264,False,3,1.3480272461571732,-3.071286189471108,-0.0016516342347752122
312,3,991.803703703704,486.918518518519,17.496411788189,19.6607584707836,44.2481784449974,270,False,3,1.2324021669348795,-3.016754767832903,0.05453142163820468
313,3,990.333333333333,486.707865168539,17.6855530319694,19.2302053671178,69.5906737249321,267,False,3,1.485383405024611,-2.9992954294296794,0.01745933840322378
314,3,989.049242424242,486.545454545455,17.6709043514561,19.0143648951974,63.9216569636081,264,False,3,1.2943209313383826,-3.0157816107382502,-0.016486181308570824
315,3,987.588014981274,486.026217228464,17.4466172509371,19.5071600177456,80.3915909227858,267,False,3,1.5507395111490903,-2.800165648645994,0.2156159620922562
316,3,985.894545454545,485.767272727273,17.8990330810226,19.5849223475484,85.5110041032544,275,False,3,1.7131524429124434,-2.9898602265721017,-0.18969457792610767
317,3,984.368231046932,485.660649819495,17.9156525234142,19.6954984485429,84.8612415511254,277,False,3,1.5300340242458568,-3.0718495023232184,-0.0819892757511167
318,3,982.247191011236,485.505617977528,17.9490644381304,18.9463792325364,70.4811430530143,267,False,3,2.126698310773952,-3.0686300336465977,0.003219468676620707
319,3,980.841328413284,484.937269372694,18.0961440186313,19.0916690489036,116.792037589947,271,False,3,1.5164002706861952,-2.757410345107306,0.3112196885392917
320,3,979.400722021661,484.480144404332,17.9020247634874,19.6948673417662,110.624393799572,277,False,3,1.511393400900381,-2.8343278604712907,-0.07691751536398472
321,3,977.671698113208,484.339622641509,17.4104803122231,19.4122961055469,111.837744833114,265,False,3,1.734724774086335,-3.0604985798483972,-0.22617071937710653
322,3,975.863309352518,483.91726618705,18.2466730159371,19.4085965965206,120.879671636963,278,False,3,1.8570554338557563,-2.912151444063011,0.14834713578538627
323,3,974.032608695652,483.416666666667,18.5278020857876,18.9770560785997,115.914607137781,276,False,3,1.8979106340544658,-2.8746708686514104,0.03748057541160055
324,3,972.866197183099,483.355633802817,18.6880262764959,19.3571985960647,125.452231741985,284,False,3,1.1680072033536602,-3.0893150027926013,-0.21464413414119088
325,3,971.142335766423,482.78102189781,18.0534553968347,19.3452022117315,132.900086957553,274,False,3,1.8171067732194095,-2.819846572005107,0.2694684307874944
326,3,969.457249070632,482.42750929368,17.66389410472,19.4112198851929,152.83422042523,269,False,3,1.7217689547702684,-2.9348025835449456,-0.1149560115398387
327,3,967.859778597786,481.804428044281,17.3166613652153,19.9546541456852,137.03097714759,271,False,3,1.714684272677454,-2.7696997603910054,0.1651028231539402
328,3,966.05017921147,480.838709677419,17.5731123963226,20.2381384262102,137.488535471171,279,False,3,2.0511611109442,-2.6513777856168463,0.11832197477415907
329,3,964.521582733813,480.021582733813,17.6781470157641,20.0449282183814,138.787580822181,278,False,3,1.733292714307693,-2.6506805876399566,0.0006971979768897185
330,3,963.022471910112,479.269662921348,17.1099907193941,19.8890617093106,133.97663959162,267,False,3,1.6771155792356365,-2.6766840791632305,-0.02600349152327386
331,3,961.560885608856,478.210332103321,17.2539785243252,20.0036402884759,136.028231638008,271,False,3,1.8051083895547995,-2.514427648530372,0.16225643063285844
332,3,959.948905109489,477.288321167883,17.4850006636943,19.9590272625254,134.40291484785,274,False,3,1.8570366973774495,-2.622035466114333,-0.10760781758396076
333,3,958.63768115942,476.557971014493,17.8022043200355,19.7594179679553,141.895520164178,276,False,3,1.5009062574962484,-2.633391976103103,-0.011356509988770025
334,3,956.968309859155,475.302816901409,18.0430671002637,20.0564270699041,144.365704057746,284,False,3,2.0885910048977854,-2.4968943209744814,0.13649765512862144
335,3,955.537102473498,474.636042402827,18.1421168379909,19.8798833378932,154.870445840504,283,False,3,1.5789055743516576,-2.705609606104417,-0.20871528512993542
336,3,954.26148409894,473.886925795053,18.1190247270692,19.8940546977652,156.362413866291,283,False,3,1.4793167103608464,-2.6105952423734236,0.09501436373099326
337,3,953.175862068966,472.865517241379,18.2905990529411,20.2142178823738,164.293365649615,290,False,3,1.490587342453689,-2.386660876349411,0.22393436602401273
338,3,951.976430976431,472.326599326599,18.4088470886869,20.548164633113,158.258408184113,297,False,3,1.3149400992481186,-2.719311618416627,-0.33265074206721623
339,3,950.630136986301,471.236301369863,18.3005050461852,20.3216197037372,164.796495519214,292,False,3,1.7324136752874346,-2.4608736121038,0.2584380063128271
340,3,949.204697986577,470.295302013423,18.5406169355308,20.4671610915443,159.724190075594,298,False,3,1.7080269701484492,-2.5581172196389823,-0.09724360753518235
341,3,947.975609756098,469.310104529617,18.4486938027407,19.8153492113619,160.577460951361,287,False,3,1.575205370864264,-2.465896498849269,0.09222072078971344
342,3,946.768421052631,468.270175438597,18.174399905791,19.9807438080099,158.487219593868,285,False,3,1.5933477586917908,-2.430490438587765,0.035406060261503836
343,3,945.445652173913,467.242753623188,17.9132503531791,19.6220254913865,161.029151550175,276,False,3,1.674906890929504,-2.481208535609649,-0.05071809702188412
344,3,944.124087591241,466.288321167883,17.8948965709298,19.530415341455,152.607190684326,274,False,3,1.6301761432165518,-2.516122957105501,-0.034914421495851666
345,3,942.812949640288,465.359712230216,18.0305351099372,19.6541115425849,152.565957317068,278,False,3,1.606672737536893,-2.5253535035065187,-0.009230546401017836
346,3,941.563176895307,464.498194945848,17.7816939421346,19.8323335620227,162.848649995747,277,False,3,1.5179406923072243,-2.538057512233105,-0.012704008726586391
347,3,940.385454545455,463.410909090909,17.7367005622851,19.7389273978281,165.203303773939,275,False,3,1.6028788050540455,-2.3961009603426544,0.14195655189045064
348,3,939.352517985611,462.496402877698,17.8151399204719,19.8649915986216,168.538595435485,278,False,3,1.3795939803666044,-2.4169329500089836,-0.020831989666329154
349,3,938.224264705882,461.463235294118,17.6420309802397,19.6466594002957,169.497840794717,272,False,3,1.529833559240968,-2.4001583607313215,0.016774589277662066
350,3,937.205882352941,460.422794117647,17.5700133809429,19.7139215831845,172.610240957948,272,False,3,1.4558916369283799,-2.345480614434953,0.05467774629636857
351,3,935.772388059702,459.563432835821,17.4692817997388,19.5461070718945,165.994335651811,268,False,3,1.6713490663084847,-2.601550399181017,-0.25606978474606423
352,3,934.774193548387,458.326164874552,17.9161991503277,19.8298521814409,169.798804119712,279,False,3,1.5897245957719806,-2.249653585918774,0.3518968132622433
353,3,933.757142857143,457.396428571429,17.9776206555559,19.8315367393069,174.931057292278,280,False,3,1.3779701382485192,-2.401014962412664,-0.15136137649389036
354,3,932.782918149466,456.501779359431,18.1566728678188,19.7150802707666,179.745253013688,281,False,3,1.3226908155638324,-2.3987481674967195,0.0022667949159447254
355,3,931.489051094891,455.459854014599,17.9051446277369,19.4948614626487,171.114535164631,274,False,3,1.661234594847427,-2.4636404421415676,-0.06489227464484815
356,3,930.498181818182,454.621818181818,17.9188188325872,19.5554755978931,2.56827993060668,275,False,3,1.2977387951936419,-2.4395663233452582,0.024074118796309385
357,3,929.411764705882,453.5,17.8389566315528,19.4270884258522,180.0,272,False,3,1.5616587895426757,-2.3401644786597444,0.09940184468551383
358,3,928.539568345324,452.647482014389,17.9490615528766,19.7171873326982,169.099295256824,278,False,3,1.2196365881526863,-2.3676036381172763,-0.027439159457531836
359,3,927.582142857143,451.596428571429,18.0393962585763,19.7566051722503,173.34298443676,280,False,3,1.421751351459454,-2.3096118643309533,0.05799177378632292
360,3,927.0,450.531914893617,18.2713976375976,19.6684760787408,180.0,282,False,3,1.2132929062561315,-2.0712276955391937,0.2383841687917596
361,3,926.018248175182,449.795620437956,18.4229439281893,18.9461861425644,6.73132524538225,274,False,3,1.2271781333492984,-2.4981042001410114,-0.4268765046018177
362,3,924.946768060837,448.855513307985,17.8934257339834,18.737153887257,19.8161437334128,263,False,3,1.4254371439172402,-2.421409999026815,0.07669420111419623
363,3,924.337078651685,447.850187265918,17.8405541240352,19.0442548292039,18.4589307692424,267,False,3,1.175755768214728,-2.1159518400473707,0.3054581589794445
364,3,923.23595505618,446.868913857678,17.9908380283774,18.9005668942256,21.7477931393933,267,False,3,1.474913785377555,-2.413685024675228,-0.2977331846278575
365,3,922.370656370656,445.837837837838,17.5899561543642,18.7535737079211,19.1811245841584,259,False,3,1.346053332471958,-2.2689981284449323,0.14468689623029585
366,3,921.571955719557,444.79704797048,18.0371427348046,19.1475349488999,7.50346867879166,271,False,3,1.3119322688542536,-2.225339846249201,0.043658282195731424
367,3,920.647058823529,443.863970588235,17.8589509224279,19.3968893533729,179.41519867965,272,False,3,1.3137989456302601,-2.3517916125787215,-0.1264517663295206
368,3,919.76404494382,442.707865168539,17.6096944156716,19.3226610034949,175.223926856345,267,False,3,1.4547485188888898,-2.223060472593271,0.1287311399854505
369,3,918.836501901141,441.893536121673,17.5831687838485,19.0656938789836,0.29369912836259,263,False,3,1.2342884154815155,-2.421098783663961,-0.19803831107069003
370,3,917.797752808989,440.76404494382,17.5450082065999,19.3997493291885,176.521149537477,267,False,3,1.5345194678772467,-2.314368330420256,0.106730453243705
371,3,917.143939393939,439.780303030303,17.3856345952181,19.3445522660869,6.0609635544774,264,False,3,1.1811943676251615,-2.1573798678773692,0.1569884625428868
372,3,916.384328358209,439.041044776119,17.8441084206897,19.1187307505101,179.798711682832,268,False,3,1.0599583444560439,-2.36977241251119,-0.21239254463382062
373,3,915.611320754717,437.988679245283,17.7627706618895,18.9986263144951,173.640570709616,265,False,3,1.305761833393935,-2.2043312604403216,0.1654411520708683
374,3,914.670411985019,437.086142322097,17.8941643486522,18.9881237537585,8.7666391729968,267,False,3,1.3037953100884696,-2.3770067691939807,-0.1726755087536591
375,3,913.966542750929,435.918215613383,18.0272857015435,19.0216037465327,23.8077738560525,269,False,3,1.3636292368624072,-2.1131735119024766,0.2638332572915041
376,3,913.318352059925,435.078651685393,17.8462630228516,19.044598111108,170.727517763431,267,False,3,1.060669015803752,-2.2282647312020862,-0.11509121929960964
377,3,912.585185185185,434.092592592593,18.0671344262473,19.0093399356708,12.3994622937141,270,False,3,1.2287579911071542,-2.210145299378492,0.018119431823594212
378,3,912.007407407407,433.12962962963,18.4446734650015,18.6531256419745,28.1308370514192,270,False,3,1.1229981427110898,-2.111215827065646,0.09892947231284621
379,3,911.170909090909,432.076363636364,18.4781720421159,18.9649472474265,160.064599955172,275,False,3,1.3450273923137923,-2.2419874414826513,-0.13077161441700547
380,3,910.379182156134,431.10780669145,17.950548985498,19.0726821738956,164.487266278165,269,False,3,1.250973259022561,-2.256074973219702,-0.014087531737050796
381,3,909.569811320755,430.294339622642,17.9547355417578,18.7885231910603,18.6078637230739,265,False,3,1.1475233423321696,-2.3536703781296544,-0.09759540490995233
382,3,908.988805970149,429.264925373134,18.2023477887632,18.7735208528079,11.1654462563374,268,False,3,1.1820579150459827,-2.0846308474873805,0.2690395306422739
383,3,908.503759398496,428.390977443609,17.7076403027655,19.1502030563995,6.5644482829962,266,False,3,0.9995274684536597,-2.0774749884622445,0.0071558590251359355
384,3,907.816176470588,427.305147058824,18.246846500858,18.989742888956,6.85673896719395,272,False,3,1.2852229017851151,-2.1352936445061625,-0.057818656043918004
385,3,907.156934306569,426.124087591241,18.2930899750615,19.0938853053219,26.9885772255618,274,False,3,1.352590735140443,-2.0798970291980594,0.055396615308103136
386,3,906.588888888889,425.388888888889,17.8020433307825,19.3335336877116,5.69906689752857,270,False,3,0.9290816586755726,-2.228631556445454,-0.14873452724739478
387,3,905.694029850746,424.455223880597,17.7116510271826,19.2932667614589,9.44367355846319,268,False,3,1.2932528932328478,-2.3349751106799643,-0.10634355423451014
388,3,905.197718631179,423.486692015209,17.5970487528862,19.0663432510515,29.7285448454966,263,False,3,1.088291689272717,-2.044343678841594,0.29063143183837026
389,3,904.72962962963,422.648148148148,17.7987235799337,19.3385875142375,4.27195026702765,270,False,3,0.9603453182874855,-2.0799258781023293,-0.03558219926073525
390,3,904.12734082397,421.846441947566,17.7538040738166,19.1638161923966,20.2244689908138,267,False,3,1.0027385688577792,-2.215102554979332,-0.13517667687700285
391,3,903.579710144927,420.807971014493,17.7969894911199,19.7468433547714,14.353393388835,276,False,3,1.1740192670764158,-2.056078530914708,0.15902402406462413
392,3,902.933333333333,419.925925925926,17.951912151188,19.1570396912451,25.7535342166391,270,False,3,1.0935293872738772,-2.2032087053687652,-0.14713017445405718
393,3,902.587360594796,419.0,17.6522702999038,19.4104597988421,18.8512109658981,269,False,3,0.9884512917249466,-1.9283833997407553,0.2748253056280099
394,3,901.889298892989,418.20295202952,17.9703935390383,19.2229940697734,30.4751181753477,271,False,3,1.0595166854636642,-2.2900842776858616,-0.3617008779451063
395,3,901.255474452555,417.127737226277,18.097598158924,19.2862624198633,24.9378696967838,274,False,3,1.2481267140817247,-2.1034493271050647,0.18663495058079693
396,3,900.835125448029,416.179211469534,18.2426935004876,19.4907602866132,21.1894128054838,279,False,3,1.0374942876039994,-1.9879478588698574,0.11550146823520713
397,3,900.329710144928,415.239130434783,18.0386824680198,19.4923487683202,29.1968485842188,276,False,3,1.067331710625675,-2.0640924563609713,-0.07614459749111369
398,3,899.638686131387,414.153284671533,17.842511298724,19.5436386261049,26.6682688645159,274,False,3,1.2870801097283247,-2.1375460315683386,-0.07345357520736728
399,3,899.289285714286,413.582142857143,18.0016504248612,19.8345135791093,30.0614717178565,280,False,3,0.6695398596162803,-2.1198163869314812,0.017729644636857333
400,3,898.850364963504,412.839416058394,17.8036971945082,19.5983911768664,40.7963758333951,274,False,3,0.8627250564617869,-2.1045411751953713,0.015275211736109906
401,3,898.257462686567,411.891791044776,17.8056460134504,19.1843527085282,34.8404656061035,268,False,3,1.1178221130535988,-2.129878610367482,-0.025337435172110734
402,3,897.960288808664,411.039711191336,17.9739080848088,19.6196708978395,44.9999999999991,277,False,3,0.9024147551687705,-1.9063686667179494,0.2235099436495327
403,3,897.643636363636,410.378181818182,17.8826940387105,19.591971648903,30.4450158549228,275,False,3,0.7334097643798708,-2.0172325535738085,-0.11086388685585913
404,3,897.177536231884,409.655797101449,17.9726486642045,19.5730867044385,45.6633673778936,276,False,3,0.8597028624987777,-2.1438069189462547,-0.12657436537244626
405,3,896.842696629214,408.749063670412,17.60507537693,19.3365289644758,39.6877517419064,267,False,3,0.9665831958380091,-1.9245438458639823,0.21926307308227244
406,3,896.656603773585,408.154716981132,17.7365018468962,19.0302533566657,36.5544848432477,265,False,3,0.6227989546990431,-1.874232175711276,0.050311670152706434
407,3,896.12734082397,407.38202247191,17.4101869018257,19.5139118331198,56.792346407761,267,False,3,0.93657678511534,-2.1713551951535863,-0.29712301944231
408,3,895.966292134832,406.280898876405,17.4487364609618,19.4916359211121,57.4134199410654,267,False,3,1.1128386463683386,-1.7160251158579467,0.4553300792956394
409,3,895.68458781362,405.713261648746,18.1691946482337,19.5678670676298,42.3562225067492,279,False,3,0.6336949950992367,-2.031459718422424,-0.3154346025644772
410,3,895.62030075188,404.932330827068,17.5229421299953,19.3342858475241,36.3479943856754,266,False,3,0.7835724437178304,-1.6529321937413084,0.3785275246811155
411,3,895.176691729323,404.315789473684,17.6124792874716,19.2320279622249,54.8748619099149,266,False,3,0.7595473687180492,-2.1944980430220213,-0.5415658492807127
412,3,895.059040590406,403.616236162362,18.1561978044248,19.0175511295661,62.36458916028,271,False,3,0.7093776327669632,-1.7374174399636753,0.45708060305834586
413,3,894.801444043321,403.02166064982,18.3612570306852,19.2078302593038,37.8614312137394,277,False,3,0.6479784110483092,-1.9796293304385,-0.24221189047482472
414,3,894.824175824176,402.007326007326,18.0257893442344,19.2875952615712,44.6995543515418,273,False,3,1.0145893261927197,-1.5483895435634147,0.43123978687508524
415,3,894.629496402878,401.302158273381,18.2226677456047,19.4541581671004,49.144356231547,278,False,3,0.7315474079470744,-1.8401619968260445,-0.29177245326263
416,3,894.473309608541,400.644128113879,18.0837505944598,19.8142809620531,54.7804470852425,281,False,3,0.676312062246055,-1.8038389310964267,0.03632306572961763
417,3,894.403636363636,399.829090909091,18.1059448476606,19.3789649319728,55.8490039396464,275,False,3,0.8180097837093363,-1.6560737461308648,0.14776518496556168
418,3,894.212230215828,399.201438848921,18.1026694937283,19.5743113451877,62.9813094470413,278,False,3,0.6561885567840883,-1.866793519559381,-0.210719773428516
419,3,894.134057971015,398.702898550725,18.2991833254944,19.2245926922813,65.21105095007,276,False,3,0.504631874522828,-1.72633212041439,0.140461399144991
420,3,893.953237410072,398.115107913669,18.4113565365402,19.2386975475034,53.60177374797,278,False,3,0.6149747216515682,-1.8692360495363793,-0.14290392912198957
421,3,894.077490774908,397.616236162362,18.1162902048513,19.0312607457966,73.3609248465265,271,False,3,0.5141127531244701,-1.326694323618061,0.5425417259183183
422,3,894.2,397.050909090909,18.1459931644149,19.3266093235409,84.1729690109541,275,False,3,0.5784489674554444,-1.3573910331539953,-0.030696709535934286
423,3,893.963235294118,396.5,18.1172650838267,19.0997880384623,90.0,272,False,3,0.5996318473843502,-1.9767010348083816,-0.6193100016543864
424,3,893.880597014925,395.835820895522,17.9468070402568,19.0301931106538,92.9722167650271,268,False,3,0.6693003570992717,-1.6945818569042557,0.2821191779041259
425,3,893.836363636364,395.290909090909,18.2177941241839,19.2333622953122,107.996698190711,275,False,3,0.5467041856301211,-1.651794027606624,0.042787829297631585
426,3,893.625468164794,395.067415730337,18.0067074788935,18.9152306736523,106.659498538699,267,False,3,0.3072884347782754,-2.327201206066321,-0.6754071784596967
427,3,893.631578947369,394.642857142857,17.7804461577021,19.0781026315993,107.408164589442,266,False,3,0.4246025622469906,-1.5564040595659179,0.7707971465004029
428,3,893.749049429658,394.45247148289,17.5687560946828,19.0783453117455,112.353975122103,263,False,3,0.22370966391794642,-1.0179608901305779,0.53844316943534
429,3,893.670411985019,394.34456928839,17.5980838618097,19.3362539833742,118.905604784992,267,False,3,0.13351678275513423,-2.2005806699461026,-1.1826197798155247
430,3,893.457249070632,394.078066914498,17.6906546437677,19.4106342238681,121.789124173532,269,False,3,0.34126520971239227,-2.2454480657939873,-0.044867395847884683
431,3,893.386973180077,393.785440613027,17.339861319391,19.183658613938,120.638168104468,261,False,3,0.3009465951059819,-1.8064885750565285,0.43895949073745877
432,3,893.484732824428,393.614503816794,17.2618793287933,19.3263724261787,129.231685643771,262,False,3,0.19691707993473023,-1.0512909741489322,0.7551976009075965
433,3,893.259541984733,393.324427480916,17.2203798694286,19.4047417318925,132.219997697234,262,False,3,0.3672263537914338,-2.2309279188701785,-1.1796369447212463
434,3,893.211320754717,393.211320754717,17.4684083458723,19.3640214247814,134.70271313563,265,False,3,0.12295697839367707,-1.973796244231844,0.25713167463833475
435,3,893.24513618677,393.027237354086,17.1287507745477,19.1520201049962,134.155634445139,257,False,3,0.18716351629736772,-1.3891254509416795,0.5846707932901642
436,3,893.23754789272,392.931034482759,17.2455175986756,19.2909796144075,134.141834341825,261,False,3,0.09650168215192849,-1.649511389625711,-0.26038593868403126
437,3,893.306201550388,392.813953488372,17.1218303477649,19.1974191084029,135.477493694514,258,False,3,0.1357250306974755,-1.0404536120485364,0.6090577775771746
438,3,893.189189189189,392.787644787645,17.4254193528322,18.9513384198129,140.699628716898,259,False,3,0.11993348326174064,-2.920433423641363,-1.8799798115928266
439,3,892.787401574803,392.602362204724,17.0423351187145,18.9995514828565,147.247875240533,254,False,3,0.4424510397862472,-2.709508813219664,0.21092461042169885
440,3,892.697674418605,392.62015503876,17.2443590072639,19.066812154718,147.89793829625,258,False,3,0.09147429968257564,2.945832896760612,-0.627843597199309
441,3,892.604562737643,392.714828897338,17.4191655197353,19.2370048937302,158.796031643144,263,False,3,0.13278902300114365,2.347875736870463,-0.5979571598901492
442,3,892.3125,392.671875,17.305548538786,18.8675073478645,166.496919603041,256,False,3,0.29520447153808055,-2.9955686834666664,0.9397408868424568
443,3,891.864864864865,392.899613899614,17.5031360737011,18.8445564430057,168.555831620108,259,False,3,0.5022372154716459,2.6709615427537705,-0.6166550809591484
444,3,891.405511811024,393.0,17.6139391534576,18.3852045958563,180.0,254,False,3,0.4701942122397797,2.926437275954543,0.25547573320077266
445,3,890.851301115242,393.219330855019,17.8788686966269,19.1754638129912,30.6456305292379,269,False,3,0.5960331528384312,2.7647523537020717,-0.16168492225247144
446,3,890.535580524345,393.591760299626,17.7396439167367,19.1590099400476,34.2577839006423,267,False,3,0.4882450027666437,2.273972589628528,-0.49077976407354384
447,3,890.063197026022,393.806691449814,17.7001174430669,19.3648062838058,41.4554718354816,269,False,3,0.5189812798253071,2.714594373191479,0.4406217835629511
448,3,889.411985018727,394.029962546817,17.5316633727378,19.3920868120095,26.4623912712696,267,False,3,0.6884236059302435,2.8112974852064196,0.09670311201494064
449,3,888.905109489051,393.824817518248,17.8159850022669,19.5802514171196,49.6333709163254,274,False,3,0.5468155862179668,-2.757019937354368,0.7148678846187986
450,3,888.139705882353,393.834558823529,18.0217892186295,19.2214696913715,47.9901539732977,272,False,3,0.7654655930705604,3.1288663229439204,-0.39729904688129736
451,3,887.304347826087,393.952898550725,18.037099698589,19.5080953961669,57.0181149216412,276,False,3,0.8436986269998407,3.0008655860364697,-0.12800073690745073
452,3,886.628252788104,394.278810408922,17.829730200867,19.2285922008985,71.7573848928232,269,False,3,0.7505484925697344,2.6924075923234416,-0.30845799371302807
453,3,885.799256505576,394.486988847584,17.6785331727358,19.3637759232674,66.5067566999132,269,False,3,0.8547356894204112,2.895559138533272,0.20315154620983034
454,3,885.025735294118,394.588235294118,18.0351088405047,19.1882234728857,79.4689228596077,272,False,3,0.7801191623791327,3.0114422160440957,0.11588307751082372
455,3,884.011070110701,394.878228782288,17.8968341899632,19.2845056412754,66.589233657207,271,False,3,1.0552922143272485,2.8632117659849543,-0.14823045005914137
456,3,883.223443223443,394.937728937729,17.5497562292229,19.8339845111321,75.5443448425702,273,False,3,0.7898711173534207,3.066192287529002,0.20298052154404767
457,3,881.850909090909,394.854545454546,17.584786039451,19.9260736395942,70.7921693718088,275,False,3,1.3750525214861553,-3.0810609268132034,0.13593209283738084
458,3,880.743396226415,394.992452830189,17.2457053222428,19.5845308890859,83.9096059132725,265,False,3,1.116065943068052,3.0177104145628775,-0.18441396580350577
459,3,879.602941176471,394.952205882353,17.5775690861408,19.7111351463829,84.6238647420014,272,False,3,1.1411649914683981,-3.1063170393204285,0.1591578532962803
460,3,878.567857142857,394.953571428571,18.1799809804773,19.6325564087136,92.8888931149486,280,False,3,1.0350849343696864,3.140273393141875,-0.03659487471728262
461,3,877.494623655914,394.727598566308,17.9629912358145,19.7801505008105,97.1940793831189,279,False,3,1.096765176314008,-2.934070579455374,0.20884133458233656
462,3,876.448905109489,394.456204379562,17.9191942890069,19.4688057077873,111.151234356502,274,False,3,1.0803620147601665,-2.887665913375768,0.04640466607960603
463,3,874.893992932862,394.226148409894,18.1617625538377,19.8512221091779,109.718554421789,283,False,3,1.5718389313803105,-2.9947039714951744,-0.10703805811940637
464,3,873.913978494624,394.082437275986,18.0602266819865,19.6826709098745,119.535206912446,279,False,3,0.9904954261197771,-2.995988563525616,-0.0012845920304416225
465,3,872.745583038869,393.681978798587,17.9586348512248,20.0700104169028,123.862893452373,283,False,3,1.2351173762641532,-2.8113981177465965,0.1845904457790195
466,3,871.543252595156,393.079584775087,18.1638376308943,20.2675647271912,125.394116670965,289,False,3,1.3447962877058932,-2.677127765619164,0.13427035212743244
467,3,870.333333333333,392.590277777778,18.1269582890081,20.2691523628777,133.560798755867,288,False,3,1.3051153043872394,-2.757287822340324,-0.08016005672116
468,3,869.514084507042,392.137323943662,17.9735329181436,20.143832187107,137.240064452798,284,False,3,0.9361280976552697,-2.6365339478681413,0.12075387447218278
469,3,868.366438356165,391.428082191781,18.2242865886346,20.4309816801103,140.474883686128,292,False,3,1.3491165814094808,-2.5880451401601623,0.04848880770797903
470,3,867.094076655052,390.672473867596,18.2179674225253,20.0741729871203,142.657552644233,287,False,3,1.4798135821908847,-2.6056979968011915,-0.017652856641029224
471,3,866.181818181818,390.097902097902,17.9569190933523,20.2667436900139,139.607199786259,286,False,3,1.0781225535701269,-2.579524465533461,0.0261735312677307
472,3,865.063829787234,389.241134751773,17.9284764931152,20.0442707233783,143.135612082401,282,False,3,1.4085270092609108,-2.487711124234097,0.09181334129936403
473,3,864.040816326531,388.56462585034,18.4010594923955,20.3373265134952,150.618985126709,294,False,3,1.2264668093746929,-2.55732137600865,-0.06961025177455316
474,3,863.289198606272,387.979094076655,18.5434412152597,19.7332686955103,144.385633990177,287,False,3,0.9527731395259132,-2.4797705378499186,0.07755083815873132
475,3,862.21582733813,387.115107913669,18.1511186877102,19.5149017061075,148.574577419439,278,False,3,1.377896211295995,-2.463854288758278,0.015916249091640466
476,3,861.35231316726,386.277580071174,18.0238673056893,19.8687789815094,153.480652177055,281,False,3,1.2029586901667182,-2.371470013611937,0.09238427514634129
477,3,860.293706293706,385.706293706294,18.3570440607362,19.8386791466587,163.688883900043,286,False,3,1.202920040332536,-2.646723706141791,-0.2752536925298541
478,3,859.400709219858,384.783687943262,18.136443881992,19.8063290352161,166.789890355275,282,False,3,1.2839957818781982,-2.3398880248073057,0.30683568133448524
479,3,858.627240143369,383.967741935484,18.568984393685,19.1359856187867,177.592606284337,279,False,3,1.1242874631932427,-2.329475967494602,0.01041205731270356
480,3,857.890034364261,382.972508591065,18.6518353090534,19.892486728503,173.479903273698,291,False,3,1.2385321031744316,-2.2083424611979705,0.12113350629663167
481,3,857.121527777778,382.065972222222,18.5010666859009,19.8540264909565,168.752390361102,288,False,3,1.1884488047462392,-2.2739765243524035,-0.06563406315443299
482,3,856.541818181818,380.949090909091,18.1167662046705,19.3183066213129,5.47420617778086,275,False,3,1.2583668317582668,-2.0495621365671934,0.22441438778521006
483,3,855.764084507042,380.404929577465,18.1391165481406,19.9455424272115,178.397786598064,284,False,3,0.9492003074787173,-2.531084392089236,-0.48152225552204264
484,3,855.133802816901,379.352112676056,18.1011570404931,19.9885646818523,9.8167662669628,284,False,3,1.2270608936884007,-2.1102315754146233,0.42085281667461283
485,3,854.672661870504,378.334532374101,17.8925789293722,19.7954897907982,6.23618430840453,278,False,3,1.1171931987667585,-1.9962866251179672,0.11394495029665608
486,3,854.358156028369,377.375886524823,17.7892854103718,20.1742735063873,10.1171675796273,282,False,3,1.0089181280337163,-1.8878051548413401,0.1084814702766268
487,3,853.625899280576,376.453237410072,17.9432375445599,19.7246287934354,10.8141741351509,278,False,3,1.177913975483367,-2.2416508313163908,-0.35384567647505083
488,3,853.318996415771,375.620071684588,18.0510681245264,19.7016942323408,20.1345040520746,279,False,3,0.887893290067432,-1.9237307784294273,0.31792005288696323
489,3,853.052447552448,374.748251748252,18.4263310169841,19.7876764311561,176.679151756673,286,False,3,0.9116568970460943,-1.8675093907825098,0.05622138764691753
490,3,852.557553956835,373.877697841727,18.2026560005532,19.4328890585531,8.98094735128836,278,False,3,1.0013909202427969,-2.0877178129907192,-0.22020842220820924
491,3,852.161290322581,372.681003584229,18.4469598151925,19.2750901517193,15.3001324052927,279,False,3,1.2605958962970334,-1.8905642776809348,0.1971535353097842
492,3,852.149635036496,371.788321167883,18.0965965828567,19.2992205224393,35.1010369820225,274,False,3,0.8927585015820859,-1.583852060436644,0.3067122172442911
493,3,851.609318996416,371.010752688172,18.3330827578964,19.3760835812077,28.8461615710244,279,False,3,0.9468654412363723,-2.178077131621637,-0.5942250711849932
494,3,851.367132867133,370.216783216783,18.5736432852945,19.6251429564799,38.1472765493678,286,False,3,0.8300853225510861,-1.8668632561430374,0.3112138754785998
495,3,851.255244755245,369.073426573427,18.1534790103219,20.0686101088275,40.8454146475085,286,False,3,1.1488182464986325,-1.6683450551449384,0.19851820099809903
496,3,851.214788732395,368.084507042254,17.8633208558973,20.2573250188205,41.0244675453235,284,False,3,0.9897466993732573,-1.6116828453824295,0.05666220976250891
497,3,851.025,367.632142857143,18.0915863281453,19.7297303385857,47.2671094039558,280,False,3,0.49056408237385357,-1.968040490533784,-0.3563576451513546
498,3,851.192857142857,366.696428571429,17.9514063922891,19.8672088661372,48.360448140017,280,False,3,0.950650958500181,-1.3932949732023379,0.5747455173314462
499,3,851.204861111111,365.826388888889,18.075352887258,20.2886144356174,50.5757658948922,288,False,3,0.870122488186644,-1.5570001668066202,-0.16370519360428215
500,3,851.204861111111,364.892361111111,18.1868218395539,20.1672005351687,51.5795331939255,288,False,3,0.9340277777780557,-1.5707963267948966,-0.013796159988276102
501,3,850.91637630662,364.463414634146,18.164809877131,20.1384693433863,48.5291278729829,287,False,3,0.5169318741602906,-2.16285590071677,-0.5920595739218735
502,3,851.106529209622,363.807560137457,18.4094862217727,20.1288088459344,50.609754907163,291,False,3,0.6828640035520952,-1.2886020568684566,0.8742538438483134
503,3,851.053191489362,363.028368794326,18.3129288764164,19.6034385263284,51.9928663320572,282,False,3,0.7810147640171892,-1.63914236887852,-0.35054031201006364
504,3,851.164285714286,362.325,18.085990096436,19.7289702811391,69.1986410723709,280,False,3,0.7120881881081303,-1.414144520915278,0.22499784796324196
505,3,851.145328719723,361.961937716263,18.6064231992553,19.7916599894114,61.1523212871359,289,False,3,0.3635568587101543,-1.6229631200185544,-0.20881859910327627
506,3,851.322807017544,361.371929824561,18.1890157662185,19.9364385725491,78.217273981751,285,False,3,0.6161232494136843,-1.2785996501533528,0.3443634698652014
507,3,851.31914893617,360.765957446809,18.4356508209456,19.5024119457281,81.863676724582,282,False,3,0.6059834190452162,-1.5768329665387413,-0.29823331638538875
508,3,851.43816254417,360.325088339223,18.1795994873156,19.8197948183102,83.9090998873897,283,False,3,0.456650642080887,-1.3071289974581382,0.2697039690806031
509,3,851.670175438597,359.754385964912,18.4038536585614,19.7282267044317,82.9161293217878,285,False,3,0.6160610223221165,-1.1846654387787454,0.12246355867939274
510,3,851.983050847458,359.172881355932,18.8107233451841,19.9974401424906,87.0843444978904,295,False,3,0.6603322131585776,-1.0771782449003033,0.10748719387844208
511,3,852.148409893993,358.724381625442,18.5106324744151,19.4943302609291,100.508336052391,283,False,3,0.4780121572936964,-1.2175658554139805,-0.14038761051367743
512,3,852.156583629893,358.377224199288,18.5118058881326,19.3630750603857,101.256112746284,281,False,3,0.347253637119099,-1.5472559229271055,-0.32969006751312513
513,3,852.462365591398,357.989247311828,18.4359333662578,19.2945129334481,97.7403378278571,279,False,3,0.49399258413962716,-0.9033260920517223,0.6439298308753831
514,3,852.634057971015,357.728260869565,18.1348518223608,19.3841452426752,93.80619513891,276,False,3,0.3123974972108987,-0.9889158839686263,-0.08558979191690419
515,3,853.05035971223,357.442446043166,18.3373688367805,19.3169285882761,112.528311440462,278,False,3,0.5049725286866684,-0.6016466460778038,0.38726923789082246
516,3,853.273381294964,357.010791366906,18.0103451687507,19.6929200803211,117.116382748045,278,False,3,0.4858645756816231,-1.0939044591300335,-0.4922578130522295
517,3,853.61433447099,356.723549488055,18.8138454248872,19.864552305071,109.957354234911,293,False,3,0.44582167422418995,-0.7001046166820749,0.3937998424479585
518,3,853.676870748299,356.58843537415,18.7099551951528,20.0531353631773,123.588231982174,294,False,3,0.1488845517708953,-1.1373157363432589,-0.4372111196611841
519,3,853.890845070423,356.242957746479,18.5307189212388,19.5191826360379,136.14261156856,284,False,3,0.40637396785417995,-1.0162644933453506,0.12105124299790848
520,3,854.236363636364,356.105454545455,18.1280552584273,19.3468808253778,124.642178287736,275,False,3,0.37187391640417183,-0.37874810062968145,0.6375163927156691
521,3,854.284671532847,356.01094890511,17.796357105732,19.6213773439367,130.701071863536,274,False,3,0.10613655788480915,-1.0982573292488573,-0.719509228619176
522,3,854.603571428572,355.828571428571,17.9770347856464,19.8699007297354,128.142839455677,280,False,3,0.36736723784532915,-0.5194981804223071,0.57875914882655
523,3,854.843416370107,355.76512455516,17.9386291043464,19.961663104083,146.067726920748,281,False,3,0.24809494498188753,-0.2586092121254008,0.2608889682969062
524,3,854.840989399293,355.696113074205,17.9560594718074,20.0929363369133,149.382070361931,283,False,3,0.06905414318441738,-1.6059494780262356,-1.3473402659008347
525,3,854.960573476703,355.763440860215,17.8515720950708,19.9181045283117,146.82139327466,279,False,3,0.1372347708818627,0.51278158560633,2.1187310636325654
526,3,855.003610108303,355.718411552347,17.683770397338,19.9741946455557,145.580325713452,277,False,3,0.06228796213188854,-0.8080213967470126,-1.3208029823533427
527,3,855.043795620438,355.817518248175,17.6843411934924,19.7543271444405,153.411062299193,274,False,3,0.10694396917781586,1.1855771042222363,1.9935985009692487
528,3,855.026022304833,355.881040892193,17.6736094460179,19.4122070761787,157.457207564321,269,False,3,0.06596223958171002,1.843614885688759,0.6580377814665228
529,3,855.034482758621,356.045977011494,17.4997813869755,19.0060439987647,161.204691661993,261,False,3,0.16515296766443646,1.5195459087416114,-0.32406897694714765
530,3,855.034482758621,356.045977011494,17.4997813869755,19.0060439987647,161.204691661993,261,False,3,0.0,0.0,-1.5195459087416114
531,3,854.733082706767,356.037593984962,17.7988832181522,19.0304368460723,175.216031937223,266,False,3,0.30151661047349293,-3.113786202372244,-3.113786202372244
532,3,854.583333333333,356.300724637681,17.9363340524596,19.5982694022893,6.90432789596197,276,False,3,0.30275834463187046,2.0881902302485256,-1.0812088745588166
533,3,854.383512544803,356.512544802867,17.9119668030069,19.8301720837026,11.16592967037,279,False,3,0.29119775052047,2.327052638436055,0.23886240818752924
534,3,854.405017921147,356.903225806452,17.8062320977876,19.9653508661168,11.0740442229227,279,False,3,0.39127244699040176,1.5158059515871927,-0.8112466868488619
535,3,854.085409252669,357.14590747331,17.9969642800005,19.8967257359637,31.7262735233546,281,False,3,0.40130299325474933,2.4921604991922086,0.9763545476050162
536,3,853.802867383513,357.469534050179,17.8903171153651,19.8987291211839,30.0096145581085,279,False,3,0.4296092050714632,2.2885202835699667,-0.20364021562224188
537,3,853.315602836879,357.5,17.8230035086114,20.1591729392008,29.0250569482417,282,False,3,0.48821605105216487,3.0791494846004155,0.7906292010304488
538,3,852.862190812721,357.904593639576,17.9741309423129,20.060346774096,38.1415254661001,283,False,3,0.6076828752205802,2.4130307191166946,-0.6661187654837208
539,3,852.275985663082,358.082437275986,17.9995837981445,19.7611026846701,50.4831545730364,279,False,3,0.6125886356069874,2.847036711846162,0.4340059927294675
540,3,851.873646209386,358.191335740072,18.1154387449221,19.4717366845132,51.406122001252,277,False,3,0.41681640020595573,2.8772628307686916,0.030226118922529466
541,3,851.255474452555,358.412408759124,17.951776321975,19.4429048796263,58.1711748446809,274,False,3,0.6565132144110947,2.7981421167993545,-0.07912071396933706
542,3,850.712280701754,358.585964912281,18.322543634944,19.8034080477902,77.220189911629,285,False,3,0.5702466038547099,2.832333726080399,0.03419160928104459
543,3,849.86690647482,358.705035971223,18.0232090447951,19.6338598622925,70.1262737716701,278,False,3,0.8537186308391695,3.0016630344082884,0.16932930832788928
544,3,849.260563380282,358.838028169014,18.2728929865133,19.8111750146292,68.1651403118608,284,False,3,0.6207566938561663,2.9256768389832626,-0.07598619542502583
545,3,848.425454545455,358.970909090909,18.2153386484534,19.2426818092338,73.2430318598082,275,False,3,0.8456146317382192,2.9837974071477107,0.058120568164448105
546,3,847.596428571429,359.021428571429,18.2994958294308,19.503868882051,86.1354206490337,280,False,3,0.8305638347061071,3.080729560455671,0.09693215330796034
547,3,846.580985915493,359.045774647887,18.3241979448277,19.7498642039465,95.3502168802086,284,False,3,1.0157344726518123,3.117621420069818,0.03689185961414676
548,3,845.626334519573,358.900355871886,18.0410726286382,19.8596173423077,94.3494400372864,281,False,3,0.9656634549084001,-2.990428108760512,0.1751357783492562
549,3,844.673913043478,358.684782608696,17.8583826472707,19.6856847568617,89.3042260239866,276,False,3,0.976513440731512,-2.9190009629112237,0.07142714584928811
550,3,843.841726618705,358.60071942446,17.8413116669494,19.8484007548677,89.931632381632,278,False,3,0.8364214634503139,-3.0409193035427866,-0.12191834063156293
551,3,842.709677419355,358.21146953405,17.8035801898194,19.9481578314076,101.425901156236,279,False,3,1.1971010262017328,-2.8104112762538236,0.23050802728896302
552,3,841.716783216783,357.93006993007,18.1897782856039,20.0452561117815,109.285889564742,286,False,3,1.0320003074714357,-2.865421442388894,-0.05501016613507037
553,3,840.577319587629,357.635738831615,18.0577593650382,20.5461779859607,119.847324017071,291,False,3,1.1768636954561429,-2.8888113218668905,-0.023389879477996534
554,3,839.821052631579,357.347368421053,18.4552607045996,19.6839682546367,117.479780505551,285,False,3,0.8093807524896414,-2.7773034487527304,0.1115078731141601
555,3,839.017421602788,356.804878048781,18.2718806341507,20.0004783493058,136.017996846734,287,False,3,0.9695971505958445,-2.547809282457314,0.2294941662954164
556,3,838.332155477032,356.318021201413,17.9644417691519,20.0804386880204,124.000018357526,283,False,3,0.8406064792385223,-2.523878402698955,0.023930879758359058
557,3,837.390070921986,355.794326241135,18.0982337441834,19.8693087837324,124.024739131452,282,False,3,1.077858859163271,-2.634238962476899,-0.11036055977794401
558,3,836.560283687943,355.248226950355,18.2003858202071,19.7627728912703,130.685374580651,282,False,3,0.9933636238413436,-2.5595305742209638,0.07470838825593518
559,3,835.796428571429,354.521428571429,18.0112755090929,19.8280638944113,142.182474082003,280,False,3,1.0543768409036443,-2.3810487618085645,0.17848181241239924
560,3,835.168498168498,353.937728937729,17.7616331826084,19.5710600790311,137.630713376869,273,False,3,0.8573224908438271,-2.3926834644413577,-0.011634702632793203
561,3,834.278810408922,353.096654275093,17.4911104838057,19.5898125095164,149.627407333588,269,False,3,1.2243165022442377,-2.384274785011728,0.00840867942962964
562,3,833.58394160584,352.445255474453,17.6563909284352,19.770303273084,151.530063246414,274,False,3,0.9524510753691655,-2.3884725488276457,-0.004197763815917632
563,3,832.721189591078,351.64312267658,17.6483395428764,19.4272523395117,157.704282809407,269,False,3,1.1780314360828812,-2.3925888699435185,-0.00411632111587279
564,3,832.169675090253,350.685920577617,17.8791225426766,19.7610772695183,163.678030545439,277,False,3,1.1047190153515591,-2.0935120893149555,0.299076780628563
565,3,831.565543071161,350.056179775281,17.6936143482373,19.2153262614334,169.462225447032,267,False,3,0.8726677343749137,-2.3354426698629274,-0.2419305805479719
566,3,831.057761732852,349.285198555957,17.9817365621667,19.6513613338261,168.504670879462,277,False,3,0.9231760006007615,-2.1532053614345665,0.18223730842836083
567,3,830.590747330961,348.508896797153,17.9005884827416,19.9880292557068,179.070780526774,281,False,3,0.9059508111899655,-2.1123832041669455,0.04082215726762106
568,3,829.784172661871,347.640287769784,17.9463708780076,19.7292087894235,9.68726027969304,278,False,3,1.1853456623468719,-2.3191800270376066,-0.20679682287066115
569,3,829.548042704627,346.775800711744,18.1439349211691,19.7101562309487,5.6196728799128,281,False,3,0.8961558068922186,-1.8374367546330361,0.4817432724045707
570,3,829.280575539568,345.881294964029,17.7830561432983,19.9143178686637,4.73090624876771,278,False,3,0.9336376262126248,-1.8613456447549221,-0.023908890121886017
571,3,828.84229390681,345.114695340502,18.123073030214,19.6136408694762,27.8309906204724,279,False,3,0.8830434714127486,-2.0901633798826698,-0.2288177351277474
572,3,828.964912280702,344.39649122807,18.3933054723612,19.7551795790973,18.9342337355895,285,False,3,0.7285961931894825,-1.4016975907524611,0.6884657891302086
573,3,828.63475177305,343.322695035461,17.9281566708428,20.0510098519253,25.8615986553402,282,False,3,1.1234074167792578,-1.8690924984052677,-0.4673949076528068
574,3,828.478102189781,342.671532846715,17.9606785193229,19.4261044685855,31.6328524993622,274,False,3,0.669739716599492,-1.806879461535619,0.06221303686964852
575,3,828.323741007194,341.741007194245,18.1873266278121,19.4705951487802,39.3512917666822,278,False,3,0.9432419438269191,-1.7351853450128514,0.07169411652276736
576,3,828.240282685512,340.773851590106,18.1852336898767,19.8195147321657,46.4122442775447,283,False,3,0.9707498411410961,-1.6568756372757778,0.07830970773707335
577,3,828.177536231884,339.847826086957,17.9137876004368,19.6259501510242,53.9477435182485,276,False,3,0.9281488834908119,-1.6384517947368455,0.018423842538932256
578,3,828.336917562724,339.043010752688,17.8499343209447,19.92081048385,54.3400303606356,279,False,3,0.8204450809742505,-1.375291229486616,0.2631605652502298
579,3,828.418772563177,338.454873646209,17.7162696943249,19.9034485483771,67.0336257590379,277,False,3,0.5938059423049232,-1.4325079185477922,-0.057216689061176496
580,3,828.592057761733,337.58844765343,17.7718062866747,19.8507874895523,67.0932161589036,277,False,3,0.8835846088528779,-1.373400766944713,0.059107151603079444
581,3,828.789667896679,337.118081180812,17.5572615823843,19.6742807807901,69.0218967153502,271,False,3,0.5101905369531029,-1.1730667446826362,0.20033402226207686
582,3,828.876865671642,336.466417910448,17.7964504929238,19.1657042709799,71.4559020917183,268,False,3,0.6574712692582055,-1.4377784237407054,-0.26471167905806947
583,3,829.222222222222,335.659498207885,18.2526868033944,19.4893769662963,64.6527988034643,279,False,3,0.8777189489881265,-1.1663927220753476,0.2713857016653578
584,3,829.356363636364,335.029090909091,17.9284286225452,19.5696096622523,78.8986664126018,275,False,3,0.6445209704585192,-1.3611379640844274,-0.1947452420090796
585,3,829.992957746479,334.658450704225,18.4896110608583,19.5696504806253,66.743347765309,284,False,3,0.7366316735629657,-0.5272461669256213,0.833891797158806
586,3,830.293706293706,334.293706293706,18.3570440607362,19.8386791466587,73.6888839000429,286,False,3,0.472745358162327,-0.881266475771078,-0.35402030884545654
587,3,830.595155709343,333.837370242215,18.4990018886227,19.8955974357531,78.25483882231,289,False,3,0.5469134685471476,-0.9870149196281327,-0.10574844385705484
588,3,831.241992882562,333.277580071174,18.4986400498408,19.3709049808208,98.4295765235876,281,False,3,0.8554316829836064,-0.7133821706501156,0.27363274897801704
589,3,831.34628975265,332.943462897527,18.4086490241603,19.5919476321941,102.141647731605,283,False,3,0.3500173179086862,-1.2682243669579905,-0.5548421963078747
590,3,831.494699646643,332.593639575972,18.305629350211,19.6880246430327,101.862682760409,283,False,3,0.3800024380695026,-1.1695675277902398,0.09865683916775048
591,3,832.040293040293,332.186813186813,18.389358216452,18.9172547127902,111.583883939424,273,False,3,0.6805731864470749,-0.6407167979374663,0.5288507298527736
592,3,832.30258302583,331.915129151292,17.9310605999161,19.2837678541912,106.802876428081,271,False,3,0.3776350773829136,-0.8029890585158839,-0.1622722605784177
593,3,832.507352941176,331.75,17.7517846456132,19.5265214912885,102.15467531411,272,False,3,0.263055801755471,-0.6786391811495142,0.12434987736636982
594,3,832.858208955224,331.630597014925,17.9388774974941,19.0095582186639,108.998345258759,268,False,3,0.370617073862558,-0.328024467770392,0.3506147133791222
595,3,833.076045627376,331.657794676806,17.7286295106961,18.8994595951169,119.299808773056,263,False,3,0.21952796757142654,0.12421070481569157,0.4522351725860836
596,3,833.667910447761,331.429104477612,17.787944469115,19.2007669212768,132.647772060007,268,False,3,0.6345101833830487,-0.36871818206905815,-0.4929288868847497
597,3,833.958490566038,331.607547169811,17.6354689174474,19.129160332947,122.881997700675,265,False,3,0.340996480241567,0.5507162950718638,0.9194344771409222
598,3,834.367272727273,331.269090909091,18.2276646586757,19.2325245292591,142.717150265793,275,False,3,0.5307122532639608,-0.6915601629825587,-1.2422764580544225
599,3,834.659176029963,331.445692883895,17.9088144669664,18.9931405260437,154.486849655871,267,False,3,0.3411682805097788,0.5440890578268109,1.2356492208093695
600,3,834.880149812734,331.651685393258,17.9007001492501,19.0209998271948,143.267316480183,267,False,3,0.30209655176084976,0.7503248328646895,0.2062357750378787
601,3,835.162454873646,331.848375451264,18.2190174987875,19.3657380075802,147.187449189709,277,False,3,0.3440684907615622,0.608527132706291,-0.14179770015839832
602,3,835.462686567164,331.936567164179,17.9247589201178,19.0283748111061,168.553599707479,268,False,3,0.3129166790370992,0.28570890192982107,-0.32281823077646976
603,3,835.422222222222,332.014814814815,17.8624413538132,19.2381641840482,175.369128013462,270,False,3,0.08809119162347089,2.048055219772786,1.7623463178429652
604,3,835.353159851301,332.074349442379,17.8499272031068,19.1804822374301,174.858454860516,269,False,3,0.09118104494032267,2.430149302962272,0.3820940831894859
605,3,835.421052631579,332.345864661654,17.6785629209304,19.1851836995505,5.66731868461338,266,False,3,0.279874871883512,1.3257692199230604,-1.1043800830392114
606,3,835.456928838951,332.940074906367,17.7782141225928,19.1144205498701,173.085764142587,267,False,3,0.5952922955803117,1.5104932444107946,0.18472402448773417
607,3,835.34328358209,333.257462686567,17.8651420772677,19.1173402351889,178.646775101455,268,False,3,0.33712052359252487,1.9146373015033598,0.40414405709256496
608,3,835.384030418251,333.699619771863,17.685447104478,18.9395567403203,17.3276302001328,263,False,3,0.44403062139292815,1.4789012187656705,-0.43573608273768905
609,3,835.157894736842,334.357142857143,17.5221349363581,19.3614541304738,18.7950902692915,266,False,3,0.6953229135318587,1.9020448954966729,0.4231436767310024
610,3,835.175373134328,334.869402985075,18.0390011368894,18.9274236853894,15.2818570470071,268,False,3,0.5125582240561386,1.5366893983628387,-0.3653554971338342
611,3,834.779850746269,335.358208955224,17.6948536305574,19.3183336175515,22.1806043552977,268,False,3,0.6287839342009227,2.2510979160598543,0.7144085176970156
612,3,834.754716981132,335.77358490566,17.2791749408446,19.547187918315,35.2150897133003,265,False,3,0.41613565859056867,1.6312311171064886,-0.6198667989533657
613,3,834.664150943396,336.109433962264,17.4612551618606,19.355822501749,37.5587760080455,265,False,3,0.34784593718052254,1.8341939593407623,0.20296284223427374
614,3,834.355072463768,336.800724637681,17.7106517639867,19.8318785925019,35.3764859789087,276,False,3,0.7572399253127264,1.9912389110177564,0.15704495167699406
615,3,834.011029411765,337.095588235294,17.815518708281,19.4404151512197,39.551585254997,272,False,3,0.45311164499361206,2.433017399917458,0.4417784888997014
616,3,833.847014925373,337.410447761194,17.8954326235074,19.0763576987557,52.2001981448308,268,False,3,0.35501728520796894,2.0510341867943995,-0.3819832131230583
617,3,833.708955223881,337.787313432836,17.630706571952,19.3715824869938,47.403607003139,268,False,3,0.40135796446341243,1.9219501693938612,-0.12908401740053854
618,3,833.134615384615,338.280769230769,17.8475664229045,18.5780488589957,49.2415678673033,260,False,3,0.7572086076384891,2.4317987244629333,0.5098485550690723
619,3,832.735074626866,338.75,17.9278204239921,19.0410041707524,70.5160165497172,268,False,3,0.6162875399485055,2.276149155906559,-0.15564956855637435
620,3,832.093023255814,338.922480620155,17.686361246953,18.5993217280186,78.1753606944875,258,False,3,0.6648154085148162,2.8791489323353767,0.6029997764288177
621,3,831.754646840149,339.39405204461,17.9160504630479,19.1157369459292,71.9546550660483,269,False,3,0.5804121010461936,2.193204439905892,-0.6859444924294849
622,3,830.943820224719,339.47191011236,17.758774476578,19.1378078588474,73.8447684161263,267,False,3,0.8145561239125031,3.0458630777942757,0.8526586378883838
623,3,830.496296296296,339.77037037037,17.515043360125,19.6569116384074,79.7058205306186,270,False,3,0.5379183879759155,2.5534183983266976,-0.4924446794675781
624,3,829.747211895911,340.185873605948,17.5977373706267,19.4909425791574,83.2715725449546,269,False,3,0.8566039794887021,2.6351623311425376,0.08174393281584003
625,3,828.910714285714,340.342857142857,17.792252048784,20.0627294746082,87.3514911987485,280,False,3,0.8511005127044846,2.9560827567068038,0.32092042556426614
626,3,828.283154121864,340.512544802867,17.8579328460158,19.8971082801408,88.6127899974062,279,False,3,0.6500966552837824,2.877514878225302,-0.07856787848150182
627,3,827.667896678967,340.719557195572,17.616392192402,19.599622666278,98.022411759105,271,False,3,0.6491500995713437,2.81702654825631,-0.060488329968992005
628,3,826.817857142857,340.575,18.0045042740717,19.8037480818615,99.3747279936168,280,False,3,0.8622435826040841,-2.9731447859342235,0.49301397298905236
629,3,826.185714285714,340.635714285714,17.940716040561,19.8688170665852,106.101677544604,280,False,3,0.6350518217646929,3.04584116069445,-0.2641993605509132
630,3,825.370503597122,340.665467625899,17.8931749066749,19.8002215495491,116.862976694304,278,False,3,0.8157534725924978,3.1051111159569995,0.05926995526254952
631,3,824.552447552448,340.479020979021,18.2670068183322,19.9741009499061,126.392876694347,286,False,3,0.8390339947580812,-2.9175061035799583,0.2605680876426284
632,3,823.621428571429,340.589285714286,18.0029500573798,19.8159828670342,118.880424811944,280,False,3,0.937525815570343,3.0237073231691602,-0.3419718804304672
633,3,823.194346289753,340.173144876325,18.1097958272241,19.9078458346107,120.184135517388,283,False,3,0.5962989789866018,-2.369169501731532,0.8903084822788934
634,3,822.581560283688,339.95390070922,18.2502695295071,19.6892523761744,127.463583680819,282,False,3,0.650826162687585,-2.7980014593221414,-0.4288319575906092
635,3,822.05035971223,339.946043165468,18.1206624308619,19.5286298458775,136.646181303291,278,False,3,0.5312586828570867,-3.1268016854312677,-0.3288002261091263
636,3,821.413669064748,339.809352517986,17.9106421354318,19.7867455802267,129.213298402854,278,False,3,0.6511983673967302,-2.9301135179170896,0.19668816751417806
637,3,820.785211267606,339.25,18.5243362663624,19.5213383169195,139.070856684203,284,False,3,0.8413289738062296,-2.414307698931751,0.5158058189853385
638,3,820.096085409253,338.79359430605,18.1350935450692,19.735548070039,141.504688068581,281,False,3,0.8265594994437742,-2.556621605185622,-0.14231390625387075
639,3,819.669064748202,338.384892086331,18.0757520464504,19.608231855718,135.978409977575,278,False,3,0.591087260366575,-2.378110257813029,0.17851134737259278
640,3,818.908771929825,337.901754385965,18.1762670882774,19.9508764954857,135.656612219784,285,False,3,0.9008147463216989,-2.5755049775695116,-0.19739471975648248
641,3,818.362989323843,337.572953736655,18.1377621085083,19.7407339566348,156.372495503667,281,False,3,0.6371722843777797,-2.599381805472633,-0.023876827903121622
642,3,818.017921146953,336.759856630824,18.0847348168702,19.6729580695782,160.558821885575,279,False,3,0.8832887128300176,-1.9721479927480419,0.6272338127245911
643,3,817.780068728522,336.388316151203,18.5499405257356,19.9748578536598,161.397304295676,291,False,3,0.4411531490882263,-2.1402365048891836,-0.16808851214114195
644,3,817.452296819788,335.777385159011,18.2724197491824,19.7160842489491,169.772763455002,283,False,3,0.6933044795585004,-2.063225253910168,0.07701125097901551
645,3,816.965753424658,335.150684931507,18.6044818604165,20.0139872946902,165.913702150785,292,False,3,0.7933962758282497,-2.230953917427806,-0.16772866351763804
646,3,816.805555555556,334.559027777778,18.614523626025,19.7133609824794,171.619774800205,288,False,3,0.6129612914560922,-1.8352176115876035,0.39573630584020236
647,3,816.552447552448,333.968531468532,18.1001013324263,20.1328951851244,176.694424022457,286,False,3,0.6424558758938044,-1.9757427022962013,-0.14052509070859776
648,3,816.304195804196,333.43006993007,18.2557243321495,19.9543658702557,7.41197330900207,286,False,3,0.5929331825029502,-2.002792240774396,-0.027049538478194357
649,3,816.074829931973,332.663265306122,18.6068977195417,20.1278717595853,3.74684617702296,294,False,3,0.8003736843803483,-1.8614447163124048,0.14134752446199084
650,3,816.024305555556,332.149305555556,18.2208412647615,20.1596774487821,16.8733340483648,288,False,3,0.5164371576621967,-1.6687856394939549,0.19265907681845018
651,3,815.845070422535,331.429577464789,18.2632866053984,19.8164877716048,14.600805396687,284,False,3,0.7417100225479991,-1.8148634714569696,-0.14607783196301494
652,3,815.875,330.6,18.2248496258015,19.5802888962288,15.5053000731026,280,False,3,0.8301171903369888,-1.534733869544331,0.28012960191263847
653,3,815.826086956522,329.978260869565,17.9832300692522,19.5410100385672,31.2302127936109,276,False,3,0.6236601896356354,-1.649305951911955,-0.11457208236762373
654,3,815.917857142857,329.225,17.7271923767932,20.1260344499621,32.0578890014527,280,False,3,0.7588304848368808,-1.4495632287537201,0.19974272315823516
655,3,816.20979020979,328.573426573427,18.0253902427774,20.2329378828575,34.468935108431,286,False,3,0.7139837853796052,-1.149570837723714,0.2999923910300062
656,3,816.353741496599,327.897959183674,18.1706046892277,20.6259328690126,37.0125896810389,294,False,3,0.6906360601602898,-1.3608239183221005,-0.21125308059838677
657,3,816.503448275862,327.510344827586,18.2873700148921,20.2323875453745,41.3622395858231,290,False,3,0.41552016654166796,-1.2022201057848474,0.15860381253725286
658,3,816.763250883392,326.950530035336,17.9794170694905,20.0589856917628,46.7174825038731,283,False,3,0.6171628605978227,-1.1362898344971002,0.0659302712877472
659,3,816.898954703833,326.160278745645,18.242411479548,20.0366988511734,41.1151619208999,287,False,3,0.8018183258947275,-1.4007326606333441,-0.2644428261362437
660,3,817.148936170213,325.439716312057,18.4489863065193,19.468519846365,66.707076270964,282,False,3,0.7626932241941782,-1.2368631242899428,0.1638695363434013
661,3,817.182456140351,324.936842105263,18.2873021176781,19.8470257328682,49.9910521881941,285,False,3,0.5039901350787865,-1.5042380163040479,-0.267374892014105
662,3,817.656826568266,324.442804428044,17.8283124165311,19.3539729924273,61.178350599531,271,False,3,0.6849091395157623,-0.8057042161403609,0.6985338001636867
663,3,817.978181818182,323.938181818182,18.1130777870435,19.3341999863859,58.1374159964009,275,False,3,0.5982584517016916,-1.0037402669240378,-0.19803605078367692
664,3,818.350364963504,323.496350364964,18.0046232372201,19.3854648266487,76.6489363904457,274,False,3,0.5776983007717623,-0.8707517810561276,0.13298848586791046
665,3,818.858208955224,323.369402985075,17.9388774974941,19.0095582186639,71.0016547412406,268,False,3,0.5234703021057792,-0.24495342494181274,0.625798356114315
666,3,819.309352517986,322.942446043166,18.3874506787068,19.282102813576,88.1346374557668,278,False,3,0.6211463148613904,-0.7578608748689082,-0.5129074499270954
667,3,819.534050179212,322.741935483871,18.0782454932827,19.6541720997012,91.1856915959298,279,False,3,0.3011536540526532,-0.7285764367108594,0.029284438158049042
668,3,820.035714285714,322.446428571429,18.5538440552952,19.2287723762678,96.0189556394075,280,False,3,0.5822295175043787,-0.5323315938261742,0.19624484288468524
669,3,820.797833935018,322.097472924188,18.2349157677108,19.3503593289477,120.027171700281,277,False,3,0.8382102383034397,-0.42938356958209856,0.10294802424407568
670,3,821.295774647888,322.165492957747,18.2363051727725,19.8748005113861,111.2982541877,284,False,3,0.5025650987671538,0.13576238169310695,0.5651459512752055
671,3,821.686832740214,322.046263345196,18.2297467597217,19.6429414954564,117.615271370351,281,False,3,0.4088301995726979,-0.29593676450723877,-0.43169914620034566
672,3,822.422535211268,322.080985915493,18.0674544002633,20.0481799568956,115.200860930709,284,False,3,0.7365214068872085,0.047161487777778,0.3430982522850168
673,3,822.720430107527,321.992831541219,18.0498925440397,19.7083622306253,118.265129823428,279,False,3,0.3106647114185754,-0.2877135484728985,-0.3348750362506765
674,3,823.232974910394,322.093189964158,18.0951701496398,19.6511259066577,126.357953072621,279,False,3,0.5222776924211184,0.1933578967311153,0.4810714452040137
675,3,823.771428571429,322.15,18.1773747005661,19.6320070817134,129.256556206309,280,False,3,0.5414422640083107,0.1051170103998974,-0.08824088633121807
676,3,824.304964539007,322.308510638298,17.858301770364,20.1370992709519,127.565178900596,282,False,3,0.5565844510520738,0.28878913449147225,0.18367212409157485
677,3,824.539285714286,322.403571428571,17.8410254088985,20.0181003836849,126.282542517928,280,False,3,0.25286946638830116,0.38539836018293183,0.09660922569145969
678,3,824.956363636364,322.836363636364,17.8243070830531,19.656012248289,132.134249619784,275,False,3,0.6010516518663035,0.8038862766831132,0.41848791650018136
679,3,825.236162361624,322.9963099631,17.9210308178878,19.2649849712195,138.942056864655,271,False,3,0.3222889295235516,0.5193113659439264,-0.28457491073918684
680,3,825.848920863309,323.061151079137,18.0727459835283,19.5878696086159,148.766817905542,278,False,3,0.6161796424064704,0.10542605096238417,-0.41388531498154224
681,3,826.24,323.570909090909,17.8671601837927,19.6325053075923,149.834624447525,275,False,3,0.6424921180222811,0.9163866930685781,0.8109606421061937
682,3,826.686346863469,324.014760147601,17.6945949249179,19.4949839527281,152.782535649812,271,False,3,0.6294674598858897,0.7825945169486038,-0.1337921761199743
683,3,826.946428571429,324.267857142857,18.1097646624194,19.7118449678119,158.468327722582,280,False,3,0.3629057506061404,0.7717883206651549,-0.010806196283448699
684,3,826.989247311828,324.698924731183,18.0963184144938,19.6533423247913,153.884350028863,279,False,3,0.43318900059276766,1.4717892540609687,0.7000009333958137
685,3,827.266423357664,325.109489051095,18.3077683550103,19.0617975105372,161.67707153405,274,False,3,0.4953681672959311,0.9769711488653174,-0.4948181051956513
686,3,827.475655430712,325.722846441948,17.7878982651506,19.1285840840791,165.974439723965,267,False,3,0.648062766486314,1.2420489614887578,0.2650778126234403
687,3,827.416058394161,326.229927007299,17.9898845245552,19.3904459579708,171.785256060417,274,False,3,0.5105707654403807,1.6877893322507331,0.4457403707619756
688,3,827.538181818182,326.76,17.9719520670023,19.4873948678648,3.1468445583068,275,False,3,0.5439591053430197,1.3443577310123251,-0.3434316012384082
689,3,827.707142857143,327.257142857143,18.3679331394157,19.4426695577766,19.827848337276,280,False,3,0.5250703315700486,1.2431795901773632,-0.1011781408349619
690,3,827.594306049822,327.580071174377,18.1478364534786,19.7292648592726,24.4086419446088,281,False,3,0.3420743240262315,1.9069521266152705,0.6637725364379072
691,3,827.707581227437,328.169675090253,18.1869659007716,19.433058546595,31.7662578768099,277,False,3,0.6003865783643447,1.3809882695854154,-0.525963857029855
692,3,827.638989169675,328.783393501805,18.0617553749897,19.547365360399,34.3584380170351,277,False,3,0.6175396012126791,1.6820991256716855,0.30111085608626986
693,3,827.545774647888,329.334507042254,18.3220965684143,19.7661904517556,30.2479220048543,284,False,3,0.5589410358331498,1.7383490704199605,0.05624994474827494
694,3,827.246323529412,329.904411764706,18.0918409643882,19.142900647252,31.1619673198215,272,False,3,0.6437875154347278,2.054588718898676,0.31623964847871555
695,3,827.225454545455,330.189090909091,18.011763337067,19.447133966372,38.3643261397699,275,False,3,0.28544304114686647,1.643972468015058,-0.410616250883618
696,3,827.154411764706,330.867647058824,18.2630502269303,18.9714753975953,49.5084387709358,272,False,3,0.6822649961979511,1.6751132609892765,0.031140792974218456
697,3,826.667896678967,331.490774907749,17.8934995483659,19.2690550577982,57.7365857663651,271,False,3,0.7905600829522623,2.233696746882449,0.5585834858931724
698,3,826.380597014925,332.149253731343,17.6231606906225,19.3646306708185,34.8914651258412,268,False,3,0.7184256802762218,1.9822059412889232,-0.25149080559352566
699,3,825.70110701107,332.89667896679,17.3731583373155,19.8766797630554,45.9012475096812,271,False,3,1.0101243230027968,2.308620555977605,0.32641461468868194
700,3,825.279569892473,333.469534050179,17.722638303867,20.0625644136398,56.3044916900803,279,False,3,0.7112358883800242,2.2051816906523616,-0.1034388653252436
701,3,824.634146341463,334.05574912892,17.9626781433335,20.3441045858166,51.8126782370729,287,False,3,0.871905774004125,2.404230434825313,0.1990487441729516
702,3,824.445652173913,334.394927536232,17.6897842951251,19.8722318843393,64.3000078248797,276,False,3,0.38803613644483786,2.0780338701732384,-0.3261965646520748
703,3,823.882783882784,334.941391941392,17.7594798744136,19.5836723170536,57.8264217495699,273,False,3,0.7845024278263076,2.3709805778599367,0.2929467076866983
704,3,823.239436619718,335.211267605634,18.2762585932241,19.7906769252277,70.1100380835969,284,False,3,0.6976593545882681,2.7444010151641853,0.3734204373042487
705,3,822.579710144928,335.536231884058,17.8293585058699,19.7114696712553,68.6806178574261,276,False,3,0.7354187948309292,2.6839032660376945,-0.06049774912649086
706,3,821.918149466192,335.818505338078,18.231370514275,19.6530577390146,67.5219488976741,281,False,3,0.7192640923152208,2.7383014986592,0.05439823262150556
707,3,821.551601423488,336.074733096085,18.2379207627158,19.6354865535352,84.7574487029489,281,False,3,0.447224922811084,2.5315185795899318,-0.20678291906926827
708,3,820.659420289855,336.365942028986,17.9928257118096,19.5447901912141,81.9939044991262,276,False,3,0.9385040318570962,2.826093999993039,0.294575420403107
709,3,820.184782608696,336.54347826087,18.072278680987,19.4445762630424,85.0911270264092,276,False,3,0.5067544198204885,2.7836588032074037,-0.04243519678563512
710,3,819.292857142857,336.564285714286,18.1322412625138,19.6704427147411,94.1090738922399,280,False,3,0.8921681381498471,3.118268193441651,0.3346093902342475
711,3,818.868794326241,336.730496453901,18.4297533871158,19.5048340557085,98.3293300445128,282,False,3,0.4554725923693883,2.768046529239377,-0.35022166420227396
712,3,818.087412587413,336.821678321678,18.4480813829701,19.7569724220502,110.776771620567,286,False,3,0.7866838976266382,3.025424935293493,0.25737840605411577
713,3,817.317073170732,336.951219512195,18.2673272905942,20.0206234203547,107.564178938138,287,False,3,0.7811553859079929,2.9749902018702366,-0.05043473342325644
714,3,816.6,336.771929824561,18.1820260774146,19.9958045088767,111.083341106511,285,False,3,0.739147295385351,-2.896585909251831,0.411609196057519
715,3,815.888888888889,336.746527777778,18.1956849901536,20.1679721774759,120.700208544003,288,False,3,0.7115646677051081,-3.1058862076916336,-0.20930029843980247
716,3,815.377622377623,336.527972027972,18.0388976617373,20.2169150480006,125.844180876284,286,False,3,0.556021637452563,-2.737624058646965,0.3682621490446687
717,3,814.512367491166,336.399293286219,17.8899323702202,20.1474534037111,119.88198098903,283,False,3,0.8747709626621645,-2.9939569959953825,-0.25633293734841756
718,3,813.960288808664,336.108303249097,18.0278916624655,19.55854620574,130.616435043777,277,False,3,0.6240721700070728,-2.6565159005657883,0.3374410954295941
719,3,813.025454545455,336.025454545455,17.8054128644277,19.6679987595742,135.0,275,False,3,0.9384982724356782,-3.0531996412555813,-0.39668374068979295
720,3,812.515901060071,335.816254416961,18.0982969799959,19.9272346563153,130.032431017496,283,False,3,0.5508261506400071,-2.752019717315979,0.30117992393960247
721,3,811.886446886447,335.304029304029,17.5122333705889,19.8552219562145,131.854091731883,273,False,3,0.8115338089142812,-2.4585171387212723,0.2935025785947065
722,3,811.387453874539,334.878228782288,17.4136902562458,19.8134902632435,143.465546542808,271,False,3,0.6559726444356225,-2.4351745395788966,0.023342599142375686
723,3,810.756457564576,334.424354243542,17.4969480907906,19.7472219742507,139.504300307202,271,False,3,0.7772762958619513,-2.5180319214301004,-0.08285738185120373
724,3,810.407942238267,334.140794223827,17.9017927391363,19.7049752802577,148.599362153805,277,False,3,0.44929858385377897,-2.45860014133339,0.05943178009671035
725,3,809.810909090909,333.603636363636,17.8756265580774,19.6254437216553,147.58362083053,275,False,3,0.8031109175008931,-2.408936715499252,0.049663425834137964
726,3,809.40221402214,333.154981549816,17.9130619937259,19.2613133531903,157.502817698185,271,False,3,0.6068960382140913,-2.309619750942311,0.09931696455694095
727,3,808.853046594982,332.655913978495,18.2331679581271,19.5239008924342,160.370242148113,279,False,3,0.7420601753198051,-2.403952636208942,-0.09433288526663075
728,3,808.369402985075,332.141791044776,17.9388774974941,19.0095582186639,161.001654741241,268,False,3,0.7058565947695189,-2.3256564362870944,0.07829619992184744
729,3,807.975088967972,331.604982206406,18.1153661283966,19.7760481573275,166.594448483377,281,False,3,0.6660685197755678,-2.204337200515501,0.12131923577159354
730,3,807.62323943662,331.088028169014,18.2154859441768,19.8614442693624,171.349341852733,284,False,3,0.6253315676411594,-2.1683971860713456,0.03594001444415529
731,3,807.586330935252,330.330935251799,17.9068328447796,19.767871983541,179.621026935799,278,False,3,0.7579920334478163,-1.6195080547048422,0.5488891313665034
732,3,807.546428571429,329.764285714286,18.0345140039482,19.7673245778968,10.1546803165124,280,False,3,0.568052723787467,-1.6410983425116807,-0.02159028780683858
733,3,807.295620437956,329.255474452555,17.7095653644866,19.729972682862,19.9056481215114,274,False,3,0.5672685606311368,-2.0287716370545583,-0.3876732945428776
734,3,807.082142857143,328.432142857143,18.1353918897955,19.6864039321317,24.1244328808695,280,False,3,0.8505572253020136,-1.82449459705711,0.20427703999744828
735,3,807.017921146954,327.863799283154,17.9178216804008,19.8509925133443,24.8370761360167,279,False,3,0.5719605284931879,-1.6833170779209077,0.14117751913620236
736,3,807.024911032029,327.327402135231,18.1519694392005,19.7348492777864,26.1164347648268,281,False,3,0.5364426891973241,-1.5577658893885709,0.12555118853233704
737,3,806.978102189781,326.861313868613,18.05912272994,19.3312870216218,32.7863082533979,274,False,3,0.46843285537156265,-1.6708898490418138,-0.11312395965324296
738,3,806.956989247312,326.043010752688,18.2723325331146,19.432770226535,45.0000000000017,279,False,3,0.8185754368854907,-1.5965914863982331,0.0742983626435807
739,3,807.053380782918,325.416370106762,18.3857874834154,19.4759908589881,27.0008094889005,281,False,3,0.634010904687843,-1.4181699419679679,0.17842154443026548
740,3,807.118705035971,324.946043165468,18.098887568148,19.5543872449316,39.1497315882872,278,False,3,0.4748417523174288,-1.4327880779336546,-0.01461813596568673
741,3,807.418772563177,324.357400722022,18.1299826515276,19.4724435791612,31.373355955234,277,False,3,0.6607120758012248,-1.0993696807570228,0.333418397176632
742,3,807.757894736842,323.817543859649,18.5959277867859,19.517107310027,45.7230538626107,285,False,3,0.637533748536144,-1.0099203248217283,0.08944935593529468
743,3,808.02846975089,323.366548042705,18.4021986085786,19.4583402026847,48.8678717407795,281,False,3,0.5259354191610257,-1.030413471921764,-0.020493147100035358
744,3,808.318021201414,322.883392226148,18.244338785147,19.7727604249026,59.9469149370849,283,False,3,0.5632757633463551,-1.0308975242126401,-0.0004840522908762246
745,3,808.501718213059,322.27147766323,18.3253962421714,20.2453316994032,57.2656292188403,291,False,3,0.638892811352915,-1.2791556666247195,-0.24825814241207933
746,3,808.785467128028,321.764705882353,18.4336477604676,19.9779433333678,73.7027841091947,289,False,3,0.5808021045410604,-1.0603730254525143,0.21878264117220514
747,3,809.351724137931,321.379310344828,18.5559176658927,19.9192331833104,74.7901970459813,290,False,3,0.6849647593916267,-0.5975880550328069,0.46278497041970734
748,3,809.550522648084,321.0,18.4826022897472,19.7848345963635,83.7982887246402,287,False,3,0.4282489758687021,-1.088051072525315,-0.490463017492508
749,3,810.216027874565,320.895470383275,18.4708357007397,19.8049045166822,80.4722190164255,287,False,3,0.6736643431608095,-0.1557952086980792,0.932255863827236
750,3,810.59375,320.680555555556,18.2352950764744,20.1033608351681,88.2934211248822,288,False,3,0.4345830038284775,-0.5172953068025237,-0.3615000981044445
751,3,811.139784946237,320.448028673835,18.1349884633746,19.6013869026684,90.8033056945345,279,False,3,0.5934837093256584,-0.4025871290025928,0.11470817779993103
752,3,811.624548736462,319.931407942238,18.0478031577503,19.5716835753343,92.9416688319689,277,False,3,0.7084440081114808,-0.8172003334433905,-0.41461320444079774
753,3,811.949820788531,319.810035842294,18.2184835802215,19.5115904425028,79.7004775415761,279,False,3,0.347178764474511,-0.3571392222564775,0.46006111118691306
754,3,812.469314079422,319.675090252708,18.0352530407086,19.5642115156592,103.909760895517,277,False,3,0.5367341906655904,-0.2541468709284545,0.10299235132802309
755,3,813.021739130435,319.775362318841,17.8750664122301,19.6730619060055,113.176683292195,276,False,3,0.5614516223444865,0.17955760852225694,0.43370447945071167
756,3,813.418181818182,320.025454545455,18.009059257973,19.4878036751409,116.854158695831,275,False,3,0.4687354546871971,0.562788427686072,0.3832308191638152
757,3,814.0,320.330960854093,17.9204798876085,19.9816801164058,128.604210237863,281,False,3,0.6571502882230451,0.4835167436262796,-0.07927168405979224
758,3,814.302816901409,320.267605633803,18.1390195554466,19.9456206893437,127.349114230841,284,False,3,0.30937349549843596,-0.20624460519605703,-0.6897613488223366
759,3,814.549295774648,320.503521126761,18.0514806131264,20.0609819374632,128.164079467138,284,False,3,0.34118609990856613,0.7635038522758907,0.9697484574719475
760,3,814.953237410072,320.758992805755,17.8261407630872,19.8874073345733,139.26748786275,278,False,3,0.47794834825219873,0.5639365532076507,-0.19956729906824
761,3,815.313432835821,320.944029850746,17.671998087484,19.3241248799318,140.13382979523,268,False,3,0.40494376492237866,0.47455766856241915,-0.0893788846452317
762,3,815.653284671533,321.0,17.9095359297039,19.4841399045944,149.017975513214,274,False,3,0.34442985910681173,0.16322467786542433,-0.3113329906969948
763,3,816.108303249098,321.41155234657,18.1161410449787,19.501314227502,145.399700306545,277,False,3,0.6135285159603241,0.7352812805380817,0.5720566026726575
764,3,816.518656716418,321.764925373134,17.6655669912836,19.3072358380955,154.263959827583,268,False,3,0.5415371308088139,0.7109276988372929,-0.02435358170078894
765,3,816.651685393259,322.153558052434,17.7044366700479,19.2108938361005,151.598180908864,267,False,3,0.4107699943787556,1.240998262525859,0.5300705636885663
766,3,816.708955223881,322.630597014925,17.6731400045589,19.3198292100125,161.418485657888,268,False,3,0.4804643641665637,1.4513154178595349,0.21031715533367557
767,3,817.058181818182,323.287272727273,18.0606307370877,19.43349849254,164.305278228602,275,False,3,0.7437621967771407,1.0820258748229452,-0.3692895430365897
768,3,817.275092936803,323.457249070632,17.7306720823061,19.3376458118935,174.813374003235,269,False,3,0.27557646975591576,0.66467432243723,-0.417351552385715
769,3,817.187725631769,324.223826714801,18.2469360103392,19.3588979476687,0.367157960041723,277,False,3,0.7715402326053231,1.6842772597056677,1.0196029372684379
770,3,817.157303370787,324.895131086142,17.7165648609284,19.2046186553819,9.98733388697295,267,False,3,0.6719933578129695,1.6160834744777566,-0.06819378522791109
771,3,817.152727272727,325.287272727273,17.7958414276692,19.7095235137091,14.9820026883367,275,False,3,0.3921683406170886,1.582465300137,-0.033618174340756646
772,3,817.094545454546,325.909090909091,17.9683815279095,19.4962983342622,26.0937666662352,275,False,3,0.624534206594246,1.66409194853385,0.08162664839684997
773,3,817.032028469751,326.416370106762,17.9464918818684,19.976536650229,27.4983191455021,281,False,3,0.5111169707391614,1.6934178235138158,0.02932587497996586
774,3,816.880434782609,327.065217391304,17.668631179313,19.8935811235174,32.8388543372824,276,False,3,0.6663208271087214,1.8003146996018213,0.10689687608800558
775,3,816.763440860215,327.448028673835,17.9459044020802,19.82510048148,29.9529363578677,279,False,3,0.40028996478821804,1.8673990173627992,0.0670843177609779
776,3,816.678700361011,328.389891696751,17.7947194724622,19.8423498772506,26.3239146893355,277,False,3,0.9456674395060277,1.660525882602441,-0.2068731347603583
777,3,816.267657992565,328.862453531599,17.6157913278784,19.4518945741001,30.8869014971422,269,False,3,0.6263150296876168,2.2866833324055236,0.6261574498030829
778,3,816.055970149254,329.313432835821,17.671998087484,19.3241248799318,50.1338297952304,268,False,3,0.4981908026471682,2.0096623126878734,-0.27702101971765014
779,3,815.805147058824,329.981617647059,17.9374109630292,19.320544958504,45.4501375488645,272,False,3,0.7137108410708277,1.9298999434484974,-0.07976236923937607
780,3,815.326007326007,330.29304029304,17.9525889441779,19.3844860930151,45.2961089157387,273,False,3,0.5714533646709307,2.565244107438511,0.6353441639900135
781,3,814.84229390681,330.928315412186,17.8015657421882,19.9609047622318,50.4422453032683,279,False,3,0.7984692535828838,2.2215684920504644,-0.3436756153880465
782,3,814.246428571429,331.482142857143,17.6983758486189,20.159844470028,57.0537124810117,280,False,3,0.8134988240288853,2.3927426636165467,0.1711741715660824
783,3,813.849264705882,331.716911764706,17.615607024667,19.6719547675725,58.8921707437533,272,False,3,0.46136273804302785,2.607732996749444,0.21499033313289706
784,3,813.510714285714,332.275,17.9781269533599,19.858879991434,66.9061182282849,280,False,3,0.6527471680286483,2.1160731051983426,-0.49165989155110124
785,3,812.860294117647,332.5625,17.9296860527983,19.3064706667268,70.2119791948964,272,False,3,0.7111277276470047,2.72539303778337,0.6093199325850276
786,3,812.044776119403,332.84328358209,17.6938505252628,19.2933656444141,70.7738708796091,268,False,3,0.8625016089441122,2.8100039762755666,0.08461093849219647
787,3,811.576512455516,333.224199288256,18.0587235988063,19.8586347283192,68.3297491024879,281,False,3,0.603628722080721,2.458695610445361,-0.35130836583020564
788,3,811.040293040293,333.556776556777,18.0942928808436,19.2025725270888,76.0396381039234,273,False,3,0.630982488504175,2.586433633884306,0.12773802343894491
789,3,810.018382352941,333.595588235294,17.9995831518334,19.2303037543561,79.9395033586643,272,False,3,1.0226474462460713,3.1036313778084588,0.5171977439241529
790,3,809.333333333333,333.73476702509,18.0708782987932,19.6719202845375,87.4773526809233,279,False,3,0.6990442724140629,2.94115455552074,-0.16247682228771865
791,3,808.679715302491,334.0,18.2440526270142,19.6388402317637,104.011918654929,281,False,3,0.7053829181525771,2.756103157715825,-0.1850513978049153
792,3,807.763440860215,334.150537634409,17.9013815327784,19.8691817253949,101.056416972821,279,False,3,0.9285582550069499,2.978754207559683,0.2226510498438583
793,3,807.182456140351,334.154385964912,18.1506312980766,20.0343183688789,97.6931901883686,285,False,3,0.5809974650230558,3.134968943720399,0.1562147361607158
794,3,806.525,334.125,18.0973821046967,19.716466383987,93.0875662731669,280,False,3,0.6581125370474334,-3.096925918130796,0.05129044532839089
795,3,805.540925266904,334.021352313167,18.252357921268,19.626011486234,103.382213579817,281,False,3,0.9895180257599241,-3.0366545352218037,0.060271382908992255
796,3,804.718309859155,333.538732394366,18.2093832984434,19.8876628477655,108.728357835515,284,False,3,0.9537390078472131,-2.6110176925862465,0.42563684263555723
797,3,804.007142857143,333.446428571429,18.2813739021165,19.5148750404109,122.732658451056,280,False,3,0.7171321359970021,-3.012522149228437,-0.40150445664219037
798,3,803.382671480144,333.184115523466,18.1842248893042,19.4307303648848,109.779295871002,277,False,3,0.6773275690702353,-2.7439169250984925,0.26860522412994436
799,3,802.794326241135,332.854609929078,18.1389239052916,19.8005982448321,135.024959698489,282,False,3,0.6743323045781269,-2.631062590357032,0.11285433474146034
800,3,802.144876325088,332.43109540636,18.0204502379459,20.0193367228858,135.561238197364,283,False,3,0.7753384708670265,-2.563733681181694,0.06732890917533796
801,3,801.21052631579,332.077192982456,18.1770493499971,19.9709668858547,126.581820322418,285,False,3,0.9991280526140163,-2.7795221254323894,-0.2157884442506952
802,3,800.439024390244,331.717770034843,18.0604982390807,20.2726226330943,139.643277202779,287,False,3,0.851116958115705,-2.705616327446,0.0739057979863893
803,3,799.723776223776,331.409090909091,17.8509282241985,20.4267001298662,139.504308006545,286,False,3,0.7790139551451055,-2.7341709635083595,-0.028554636062359418
804,3,798.949820788531,330.967741935484,17.811270352653,19.9499173654502,137.881662538829,279,False,3,0.890952261487181,-2.6233345874443823,0.11083637606397723
805,3,798.301470588235,330.584558823529,17.38090708784,19.9377025764953,148.388514935831,272,False,3,0.753118370185873,-2.6078077743614743,0.015526813082908042
806,3,797.839285714286,329.896428571429,18.0689326070687,19.7386547355118,146.516091473682,280,False,3,0.8289379358929523,-2.162243193248899,0.44556458111257546
807,3,797.246428571429,329.310714285714,17.8482001729958,19.990276094636,155.969018266605,280,False,3,0.8333911544570257,-2.3622550220499856,-0.2000118288010868
808,3,796.581560283688,328.588652482269,18.0878755592922,19.8726650806203,165.169767711361,282,False,3,0.9815411800010727,-2.314980351620024,0.047274670429961585
809,3,795.890459363958,327.710247349823,18.1556354683201,19.8731883657593,155.720892073843,283,False,3,1.117683344225476,-2.237416647562806,0.07756370405721791
810,3,795.432142857143,327.485714285714,18.0313446730883,19.7685019792796,165.003031318571,280,False,3,0.5103617514050993,-2.6860509427364603,-0.44863429517365416
811,3,794.866666666667,326.487719298246,18.3935123095965,19.7468786354492,175.145255892519,285,False,3,1.147064652496303,-2.0863041471139776,0.5997467956224827
812,3,794.543165467626,325.780575539568,18.0247325059346,19.6540091454184,179.939134291355,278,False,3,0.7776280095381434,-1.9998497606903909,0.08645438642358672
813,3,794.186206896552,325.055172413793,18.2783492249453,20.2379430679808,4.49904719702103,290,False,3,0.808473324450058,-2.0280903277786315,-0.02824056708824063
814,3,793.806338028169,324.338028169014,18.3661207901811,19.711392878821,1.91762739169349,284,False,3,0.8115394167791321,-2.0579180120937517,-0.029827684315120173
815,3,793.485714285714,323.582142857143,17.8969218457117,19.9152588581536,12.308842955756,280,False,3,0.8210738023637819,-1.971963600695349,0.08595441139840254
816,3,793.104529616725,322.770034843206,18.2810824999344,20.0111609166305,19.0180740111351,287,False,3,0.8971182632033411,-2.0096466567459403,-0.03768305605059119
817,3,793.010273972603,322.164383561644,18.3018050402651,20.3478389428643,11.5666693890745,292,False,3,0.6129417601261663,-1.7251847812973633,0.28446187544857704
818,3,792.581560283688,321.531914893617,17.8596268247943,20.1005364806519,16.9098312157919,282,False,3,0.7640759406623319,-2.1664956978218286,-0.4413109165244653
819,3,792.56993006993,320.744755244755,18.3167646167016,19.9093567296177,20.4603728158015,286,False,3,0.787245561860186,-1.5855701628286225,0.5809255349932059
820,3,792.34965034965,319.912587412587,18.569159394069,19.636280264704,26.1438921223481,286,False,3,0.8608289354232059,-1.8295672187588758,-0.24399705593025356
821,3,792.204152249135,319.411764705882,18.5658024841814,19.8248518456634,28.0461354512631,289,False,3,0.5215295588984854,-1.8535316628681233,-0.023964444109247474
822,3,791.989583333333,318.545138888889,18.3438662240847,19.9992058725623,27.8915556701265,288,False,3,0.892793439888035,-1.8135065911927708,0.04002507167535274
823,3,791.98606271777,317.759581881533,18.2337958054457,20.046845885001,36.2957337499301,287,False,3,0.7855648964535706,-1.5752779773426007,0.23822861385017013
824,3,792.157894736842,316.908771929825,17.9842784725238,20.1751625434662,46.2367076043888,285,False,3,0.867988373599411,-1.3715141070286256,0.20376387031397503
825,3,792.080139372822,316.299651567944,18.5319450229284,19.7306709609856,33.363394568619,287,False,3,0.6140631171890027,-1.6977615528785455,-0.32624744584992005
826,3,792.020547945206,315.578767123288,18.3479144900275,20.2711431127883,35.4551007301789,292,False,3,0.7233432938738842,-1.6532731297096395,0.044488423168906
827,3,792.135888501742,314.979094076655,18.2046523186915,20.0833377425999,42.7735788919093,287,False,3,0.6106645616377097,-1.3807777796815495,0.2724953500280902
828,3,792.250859106529,314.360824742268,18.3380117638737,20.2141925950105,39.4242564359431,291,False,3,0.6288681974852989,-1.386940804771592,-0.006163025090042851
829,3,792.281786941581,313.865979381443,18.2494445662135,20.3007777191647,53.1800916443634,291,False,3,0.49581091366668917,-1.5083775167980311,-0.1214367120264388
830,3,792.429065743945,313.262975778547,18.5477602247214,19.8610524357321,58.540505134702,289,False,3,0.6207289188779234,-1.3312442623226066,0.17713325447542427
831,3,792.491166077739,312.660777385159,18.1789009717013,19.8381169346556,59.9242535194059,283,False,3,0.6053919031969327,-1.4680368419217902,-0.13679257959918356
832,3,793.0,312.0,18.2633951231278,19.5755676028842,45.0,281,False,3,0.8339896361353198,-0.9145840382386129,0.5534528036831774
833,3,792.944055944056,311.678321678322,18.5696208426276,19.6039950452367,56.013076943318,286,False,3,0.3265067840536311,-1.7429871413178206,-0.8284031030792076
834,3,793.060070671378,311.144876325088,18.6060013855871,19.3577763091303,64.4441515845811,283,False,3,0.5459151599310558,-1.3566491046039428,0.38633803671387756
835,3,793.470588235294,310.771626297578,18.573624879931,19.8258638849823,76.4417466168349,289,False,3,0.5548335365853347,-0.7378847315521139,0.6187643730518291
836,3,793.678445229682,310.0,18.5442139163178,19.4529012713775,80.8379831254921,283,False,3,0.799131824688467,-1.3076669233218186,-0.5697821917697046
837,3,794.024305555556,309.753472222222,18.6363889634029,19.6986413859976,70.2342040090367,288,False,3,0.42472969077972117,-0.6192622067622714,0.688404716559547
838,3,794.386759581882,309.296167247387,18.3854628125649,19.8791718460986,79.4300488505186,287,False,3,0.5835244306871192,-0.900591815141292,-0.28132960837902043
839,3,794.618374558304,308.968197879859,18.742584468977,19.2438752582447,86.3437721938677,283,False,3,0.40150890816980556,-0.9559152755825024,-0.055323460441210504
840,3,795.089928057554,308.543165467626,18.2342319750345,19.4111418569697,89.7336040982471,278,False,3,0.6348348242680578,-0.7335577263749313,0.22235754920757111
841,3,795.330985915493,308.302816901408,18.5331764352202,19.5327091644027,86.0454652388386,284,False,3,0.34040611650969965,-0.7839247904381763,-0.05036706406324498
842,3,795.814814814815,308.1,18.2909688042316,18.8205537867279,113.93957350406,270,False,3,0.5246190039599101,-0.3969404203512936,0.3869843700868829
843,3,796.094890510949,307.916058394161,18.2720342194673,19.1026818901649,64.6309909917018,274,False,3,0.3350774685405871,-0.5811104821007966,-0.18417006174950323
844,3,796.527075812274,307.819494584838,18.491317690156,19.1009158004345,115.088936974459,277,False,3,0.44284162400611327,-0.21982101909698964,0.36128946300380704
845,3,796.970802919708,307.57299270073,18.3213264909939,19.037328861229,101.648536564525,274,False,3,0.5075991772457514,-0.5070758141920393,-0.2872547950950497
846,3,797.105839416058,307.328467153285,18.2544437442497,19.1130258553675,113.58630655279,274,False,3,0.27933420610402376,-1.066235888019672,-0.5591600738276328
847,3,797.780918727915,307.325088339223,18.6325612892073,19.3460552920067,129.446847504898,283,False,3,0.6750877673916837,-0.005005020579418481,1.061230867440253
848,3,798.086330935252,307.589928057554,18.3362615325034,19.293095115066,101.164872381859,278,False,3,0.404248305866707,0.7143694937019869,0.7193745142814052
849,3,798.459363957597,307.533568904594,18.5307438649409,19.4816652045725,115.528951504879,283,False,3,0.3772664706572962,-0.1499494845476901,-0.8643189782496767
850,3,798.869090909091,307.614545454545,17.7516653489558,19.7147309227189,121.595413349929,275,False,3,0.41765221946320435,0.19512087556023175,0.3450703601079219
851,3,799.064981949459,307.516245487365,18.147743066587,19.4573286058313,128.021007388209,277,False,3,0.21917158402505146,-0.46509408821926057,-0.6602149637794925
852,3,799.612099644128,307.786476868327,18.1742981630903,19.7102483068599,123.553993018356,281,False,3,0.6102153481161281,0.45877033377436466,0.923864421993625
853,3,799.78021978022,307.92673992674,18.0720457332997,19.2317736623212,146.723764162163,273,False,3,0.21894772370360863,0.6953100009143918,0.23653966714002728
854,3,800.112727272727,308.029090909091,18.1697865121294,19.2770753736957,130.082261680876,275,False,3,0.34790365931033806,0.29861152676416836,-0.3966984741502233
855,3,800.106617647059,308.128676470588,18.2245547685034,19.0141118972379,148.350186364711,272,False,3,0.09977279982278765,1.6320700448860739,1.3334585181219056
856,3,800.542435424354,308.383763837638,17.9496377340081,19.2283093658959,155.527355787207,271,False,3,0.5049818806995805,0.5295460565233775,-1.1025239883626963
857,3,800.585185185185,308.907407407407,18.0671344262473,19.0093399356708,167.600537706286,270,False,3,0.5253856966186848,1.48933793310464,0.9597918765812627
858,3,800.615671641791,309.320895522388,18.0079369456427,18.9611230393336,3.00967872693391,268,False,3,0.4146104741404256,1.4971995474372102,0.007861614332570266
859,3,800.907063197026,309.910780669145,18.1994828231527,18.8342475543661,160.047808859739,269,False,3,0.657931246276402,1.1119761819669538,-0.3852233654702566
860,3,801.021978021978,310.135531135531,18.5172529118309,18.7855697047714,16.2236257900353,273,False,3,0.25242462069787386,1.098149949869042,-0.013826232097911895
861,3,801.014492753623,310.557971014493,18.4687512315542,19.0592207131759,13.2422079461099,276,False,3,0.4225061899898889,1.5885136056264642,0.490363655757422
862,3,801.265454545455,311.054545454545,17.9070266005383,19.5549498706418,22.7177132170234,275,False,3,0.5563883495118307,1.102849172125894,-0.4856644335005704
863,3,801.273722627737,311.229927007299,18.1221280621233,19.2606978934922,27.5973190290328,274,False,3,0.17557633733230665,1.523687808044784,0.4208386359188898
864,3,801.152416356877,311.851301115242,17.7889489897525,19.2661541958079,33.2384803746707,269,False,3,0.6331042515825543,1.7635940439859303,0.23990623594114613
865,3,801.065454545455,312.258181818182,18.0622456714244,19.4171954630997,25.1366713011199,275,False,3,0.4160700218361335,1.7813563993471864,0.017762355361256255
866,3,800.799270072993,312.675182481752,17.9715430316908,19.4419682221981,38.7431074474095,274,False,3,0.4947158040711628,2.1389246339970382,0.3575682346498521
867,3,800.71897810219,313.051094890511,17.771566341997,19.6555472675929,42.2931861814656,274,False,3,0.3843916487573805,1.7812265301414658,-0.3576981038555722
868,3,800.666666666667,313.448028673835,18.1800901036005,19.5690184697434,41.8288623134398,279,False,3,0.40036597586502554,1.7018300196929785,-0.07939651044848706
869,3,800.123595505618,313.797752808989,17.7264224660044,19.1885620318165,45.3130636049065,267,False,3,0.6459359540018449,2.569464751887572,0.8676347321945936
870,3,799.837037037037,314.103703703704,17.8542114562765,19.261373821137,51.4824737769163,270,False,3,0.41919172927481185,2.323476853407964,-0.245987898479608
871,3,799.253623188406,314.413043478261,17.8995880816493,19.6525490437089,54.3305548610359,276,False,3,0.6603505242652884,2.654059547624183,0.3305826942162189
872,3,798.738007380074,314.922509225092,17.7305748842943,19.4887780228445,53.0407698366773,271,False,3,0.7248551641507032,2.362194000846965,-0.2918655467772182
873,3,798.107011070111,315.29520295203,17.7988818494526,19.4028599686773,55.8444949315057,271,False,3,0.7328417000184432,2.6080815062820704,0.2458875054351055
874,3,797.660583941606,315.569343065693,17.6465037117273,19.7619516699957,65.1978107991628,274,False,3,0.5238797409562019,2.590887509523624,-0.01719399675844624
875,3,797.003676470588,315.819852941176,17.6622149872303,19.6048521414675,63.8556955324412,272,False,3,0.7030523616302194,2.777268892350341,0.1863813828267169
876,3,796.53531598513,315.85873605948,17.4493750898868,19.6753801971749,73.0898705541316,269,False,3,0.4699717451373958,3.0587629609589526,0.2814940686086116
877,3,795.863970588235,316.448529411765,17.9060414316424,19.3612695374807,71.110290967033,272,False,3,0.8936223141414734,2.4207699827396807,-0.6379929782192719
878,3,795.07299270073,316.543795620438,18.0636180792189,19.3057984457439,75.1543791626173,274,False,3,0.7966942130057709,3.021728959531125,0.6009589767914445
879,3,794.367272727273,316.44,17.8261352584114,19.6551723707114,73.4088600687259,275,False,3,0.7133121418833905,-2.99556198853583,0.2658943591126306
880,3,793.653571428572,316.403571428571,18.0285969153118,19.8000901719217,93.878669452202,280,False,3,0.7146303831938191,-3.0905951486991268,-0.09503316016329677
881,3,792.956989247312,316.562724014337,18.1330756865843,19.6230266835053,100.24913394184,279,False,3,0.7145322111738659,2.9169718018766293,-0.2756183566038306
882,3,791.930656934307,316.656934306569,17.9739346437533,19.4418345893554,103.772874932068,274,False,3,1.0306471733239553,3.0500560080697277,0.13308420619309835
883,3,791.472727272727,316.621818181818,17.5933413479385,19.8982755110611,107.793299094889,275,False,3,0.4592741198590538,-3.065057901924844,0.16807139718501496
884,3,790.607913669065,316.456834532374,17.7215338457499,19.9749164534733,103.489986389617,278,False,3,0.8804102303259271,-2.953084116899384,0.11197378502546007
885,3,789.618705035971,316.341726618705,17.8943071015845,19.7837743517474,110.162085825262,278,False,3,0.9958833021881309,-3.0257499982389726,-0.07266588133958862
886,3,788.702127659574,316.177304964539,18.0894597548343,19.8558067423897,103.214530359702,282,False,3,0.9312081224309724,-2.964093975981488,0.061656022257484455
887,3,787.957746478873,316.003521126761,18.0760051212232,20.0067870545108,127.119845096979,284,False,3,0.7643979097660315,-2.9122398235140903,0.051854152467397885
888,3,786.958041958042,315.793706293706,18.1628567433199,20.0608204923911,125.161043784182,286,False,3,1.0214848961877712,-2.934718413357676,-0.022478589843585528
889,3,786.111111111111,315.142361111111,18.0024621143662,20.3688379634505,128.074399770832,288,False,3,1.068429879015522,-2.486000950085021,0.4487174632726547
890,3,785.413194444445,314.972222222222,18.363046098004,19.9916389786321,129.356779998324,288,False,3,0.7183557023665085,-2.902475588042876,-0.416474637957855
891,3,784.684397163121,314.648936170213,18.1959179078982,19.7569193924243,143.961438825678,282,False,3,0.797282477349643,-2.724083355548253,0.17839223249462322
892,3,783.889679715303,313.989323843416,17.9624484121916,19.9187177749557,135.426777139828,281,False,3,1.0327943858914692,-2.448827168738124,0.27525618681012887
893,3,783.201365187713,313.600682593857,18.4020514045623,20.3023384033662,143.708694755281,293,False,3,0.790454875214422,-2.6275885877218066,-0.17876141898368259
894,3,782.43816254417,313.197879858657,18.106281039168,19.9305682848445,140.954022661525,283,False,3,0.8629764299189024,-2.655969187053535,-0.02838059933172854
895,3,781.70462633452,312.708185053381,18.0908556198706,19.8021771268549,145.755053187715,281,False,3,0.8819730002568902,-2.552957346465709,0.10301184058782598
896,3,780.985663082437,311.956989247312,18.0098892049159,19.7322098918615,146.353121412355,279,False,3,1.0398092598651865,-2.3342734669361667,0.2186838795295425
897,3,780.297794117647,311.261029411765,17.752903269033,19.5200211277631,162.516535086793,272,False,3,0.978531453462745,-2.350347828695273,-0.01607436175910637
898,3,779.672535211268,310.644366197183,18.2918794370771,19.8083829369916,157.552996205707,284,False,3,0.878192587206675,-2.3631156605293753,-0.012767831834102239
899,3,779.093425605536,309.858131487889,18.6180200197066,19.7740096206663,167.858646185642,289,False,3,0.9764901195351012,-2.2056406694809216,0.15747499104845364
900,3,778.693103448276,309.358620689655,18.3203527757433,20.1771456571905,161.218837303118,290,False,3,0.6401319138628054,-2.2464076592221605,-0.040766989741238824
901,3,778.142857142857,308.745644599303,18.4347247918417,19.8330473494891,160.469061464072,287,False,3,0.8237175996484282,-2.302319082444787,-0.05591142322262632
2,4,910.243421052632,458.5,19.665608294291,19.6923709513154,180.0,304,False,4,,,
3,4,910.285714285714,458.396103896104,19.6562588559267,19.9544137713771,20.2608864705127,308,False,4,0.11217449785619778,-1.184207987905243,
4,4,910.211838006231,458.501557632399,20.1625019318019,20.266027185151,86.5073613735047,321,False,4,0.12875634030531816,2.1818955503576936,-2.91708176891665
5,4,910.172955974843,458.641509433962,19.8798460244124,20.3761544844204,151.446156588984,318,False,4,0.14525260453979005,1.8417864995299866,-0.3401090508277069
6,4,910.298076923077,458.887820512821,19.8306725330255,20.0536062213985,170.427154162645,312,False,4,0.27626870842649953,1.100785612290845,-0.7410008872391414
7,4,910.016556291391,458.937086092715,19.2156198067697,20.0229219814782,4.39510671952233,302,False,4,0.28579881635022025,2.9683488160724747,1.8675632037816294
8,4,909.913621262458,458.963455149502,19.2469852061853,19.9178759302842,170.059343659302,301,False,4,0.10625886945223255,2.8908136788600607,-0.07753513721241401
9,4,908.602179836512,461.683923705722,19.6999494143229,40.7630140350963,39.3945031620719,367,False,4,3.0200708235187075,2.0199928930035886,-0.870820785856472
10,4,910.247678018576,458.969040247678,19.9970879006585,20.5813074709611,164.18699734557,323,False,4,3.174626979337414,-1.0259016291978598,-3.0458945222014484
11,4,910.173076923077,459.24358974359,19.6915125487445,20.2026978773686,110.385396736022,312,False,4,0.28450439215450035,1.8361123158708876,2.862013945068748
12,4,910.222222222222,459.387301587302,19.7541305390491,20.3120115614049,133.978018631291,315,False,4,0.15188269964396098,1.2412920190589112,-0.5948202968119762
13,4,910.205047318612,459.470031545741,19.9262487967013,20.2569952557071,160.613923401891,317,False,4,0.08449392485459707,1.775490687762443,0.5341986687035316
14,4,910.056603773585,459.61320754717,19.8350627977966,20.4170234200749,89.7492234440573,318,False,4,0.20623979597875872,2.37425559372873,0.598764905966287
15,4,910.176282051282,459.647435897436,19.7109058057883,20.1740963462308,100.985425298775,312,False,4,0.12447678544387407,0.278566592598849,-2.0956890011298808
16,4,910.418831168831,459.701298701299,19.6109821524448,20.0183303088357,99.8805695030568,308,False,4,0.24845779533717036,0.21852357326744476,-0.060043019331404324
17,4,910.366559485531,459.604501607717,19.7642580094827,20.049809472312,129.011488939497,311,False,4,0.11000911871724237,-2.0659396104818075,-2.2844631837492524
18,4,910.511254019293,459.848874598071,19.7059941148597,20.1109681974275,155.567913863998,311,False,4,0.2839976523057493,1.0362020033544859,3.1021416138362934
19,4,910.543130990415,460.083067092652,19.7210494824363,20.2366378178889,140.447326765557,313,False,4,0.23635199556167558,1.4355133063828684,0.3993113030283828
20,4,910.543130990415,460.083067092652,19.7210494824363,20.2366378178889,140.447326765557,313,False,4,0.0,0.0,-1.4355133063828684
21,4,910.543130990415,460.083067092652,19.7210494824363,20.2366378178889,140.447326765557,313,False,4,0.0,0.0,0.0
22,4,910.621794871795,460.11217948718,19.8478140368152,20.0546675084349,141.773495071712,312,False,4,0.08387811245450769,0.35445548665343,0.3544554866534302
23,4,910.674121405751,460.255591054313,19.7225752887989,20.2361676884386,130.32625738139,313,False,4,0.1526595681357156,1.220936467225753,0.866480980572323
24,4,910.820512820513,460.259615384615,19.8171284895624,20.0715483428457,132.393922044066,312,False,4,0.14644671915214297,0.027483285298825183,-1.1934531819269278
25,4,911.009463722398,460.179810725552,19.9205861609157,20.3037289437992,139.881608753509,317,False,4,0.20511271762447425,-0.39962952863323287,-0.4271128139320579
26,4,911.163461538461,460.147435897436,19.8173231816142,20.0815243542452,139.556236083758,312,False,4,0.15736409008319147,-0.20721164386947263,0.19241788476376032
27,4,911.157556270097,460.11575562701,19.8019061306919,20.0313166689528,124.8803989638,311,False,4,0.03222594806544858,-1.7550834359497816,-1.547871792080309
28,4,911.194888178914,460.153354632588,19.8234617907892,20.1391736176411,127.908666751862,313,False,4,0.05298449430139976,0.7889627219229074,2.544046157872689
29,4,911.429936305733,460.232484076433,19.6861829960349,20.3252544957064,145.698134528085,314,False,4,0.2480102635060953,0.32473445835730413,-0.4642282635656034
30,4,911.553797468354,460.215189873418,19.7769666926838,20.3596354239399,10.4862732483699,316,False,4,0.1250626925335693,-0.1387288296136308,-0.46346328797093506
31,4,911.48427672956,460.364779874214,19.7417575521238,20.5203800732367,32.2485097209572,318,False,4,0.1649554529580842,2.005841751513113,2.144570581126743
32,4,911.508038585209,460.379421221865,19.8322409531202,19.9624648766955,104.26260733023,311,False,4,0.027910479123853235,0.5522245937093926,-1.4536171578037203
33,4,911.589743589744,460.5,19.9274159549192,19.9306489917105,180.0,312,False,4,0.1456535255412448,0.9752579525575507,0.42303335884815807
34,4,911.454838709678,460.545161290323,19.7402487156276,19.9919151192494,44.9999999999937,310,False,4,0.14226337831377722,2.818555098613507,1.8432971460559564
35,4,911.605095541401,460.563694267516,19.8785278841936,20.1083992293441,43.6982136534746,314,False,4,0.15139546467142917,0.1227221642957324,-2.6958329343177745
36,4,911.634920634921,460.552380952381,19.8630151089448,20.1875746865278,52.6037465825428,315,False,4,0.031898703779525785,-0.36255445604360104,-0.4852766203393335
37,4,911.688679245283,460.477987421384,19.8103385088434,20.4276186324877,44.0035836954361,318,False,4,0.0917844520725346,-0.945046763512734,-0.582492307469133
38,4,911.6375,460.38125,19.8509723087427,20.5331627714176,38.2012977783668,320,False,4,0.10944150877866653,-2.057415472718308,-1.1123687092055738
39,4,911.626168224299,460.352024922118,19.9089799834455,20.5376198827178,33.2087926613894,321,False,4,0.03134508442720008,-1.9406905748965086,0.11672489782179918
40,4,911.619047619048,460.212698412698,19.753735160882,20.312197609661,37.8730207546199,315,False,4,0.1395083483032683,-1.6218592250379726,0.31883134985853623
41,4,911.605678233439,460.123028391167,19.863361685971,20.3276972378909,12.2425696541857,317,False,4,0.09066120026192091,-1.7188014397220672,-0.09694221468409481
42,4,911.869565217391,460.093167701863,19.8950625513771,20.6406458327025,40.3313618917303,322,False,4,0.26557108476829594,-0.11267781547867196,1.606123624243395
43,4,911.81875,460.128125,19.9264932811537,20.4889380951317,34.2745608498506,320,False,4,0.061678189107117136,2.5390135685297155,2.6516913840083873
44,4,911.791798107256,460.022082018928,19.8128655180241,20.4006734072646,4.48904199891568,317,False,4,0.10941443395238384,-1.8196865122977817,1.9244852263520889
45,4,912.0,459.981366459627,19.8969642102824,20.6390070960495,34.3502739222296,322,False,4,0.2121456690846625,-0.193120843101379,1.6265656691964026
46,4,912.275316455696,459.901898734177,19.6775476741787,20.4700338566686,14.933891982067,316,False,4,0.2865558761659372,-0.2810037556786697,-0.08788291257729064
47,4,912.325949367089,459.585443037975,19.8599106497398,20.2520863067856,44.3299688142023,316,False,4,0.3204807316748256,-1.4121410646064216,-1.1311373089277517
48,4,912.24358974359,459.666666666667,19.9023030260068,19.9625778497078,37.6776912406535,312,False,4,0.11567361600993728,2.3631388230083425,-2.507905419564822
49,4,912.325949367089,459.585443037975,19.8599106497398,20.2520863067856,44.3299688142023,316,False,4,0.11567361600993728,-0.7784538305814507,-3.141592653589793
50,4,912.347962382445,459.501567398119,19.8708364325332,20.435141795232,33.4872448827306,319,False,4,0.08671617961091106,-1.3141364058417377,-0.535682575260287
51,4,912.311320754717,459.232704402516,19.8188869656049,20.4334071552622,26.4464548237698,318,False,4,0.2713483357000219,-1.7062455040500932,-0.3921090982083557
52,4,912.333333333333,459.179245283019,19.8174673246218,20.4403115875288,17.5110119704452,318,False,4,0.057813761983811066,-1.1801892831038414,0.526056220946252
53,4,912.503184713376,458.993630573248,19.7291575172089,20.282910909048,18.0327535254161,314,False,4,0.2515995067281428,-0.829714651968832,0.3504746311350093
54,4,912.61320754717,459.0,19.817738749957,20.4350937399812,9.57377436720782,318,False,4,0.1102070485641098,0.05782731787923141,0.8875419698480638
55,4,912.595541401274,458.933121019108,19.6165711780392,20.3977464759987,20.2861610617437,314,False,4,0.0691729050710663,-1.8290485466057556,-1.886875864484987
56,4,912.629746835443,458.772151898734,19.3289739604029,20.8314428091105,31.3679318199836,316,False,4,0.16456326880766967,-1.3614139290689413,0.467634617536814
57,4,912.716088328076,458.738170347003,19.7174144550621,20.4838420755616,33.8915194315232,317,False,4,0.09278792598252829,-0.3749523215808242,0.986461607488117
58,4,912.598705501618,458.582524271845,19.5901861024702,20.0939191102535,37.1162347150413,309,False,4,0.19494724583680856,-2.216957728022992,-1.8420054064421678
59,4,912.665584415584,458.506493506494,19.4859733187599,20.134942750106,8.6785256808882,308,False,4,0.10125940160363663,-0.8493502441955981,1.3676074838273937
60,4,912.633440514469,458.569131832797,19.5220695907676,20.313462392038,5.84877591640787,311,False,4,0.07040447642678027,2.044921700774667,2.8942719449702654
61,4,912.633440514469,458.569131832797,19.5220695907676,20.313462392038,5.84877591640787,311,False,4,0.0,0.0,-2.044921700774667
62,4,912.751612903226,458.348387096774,19.5420255078764,20.194045617051,25.1610919744338,310,False,4,0.2503856065080298,-1.07928188560537,-1.0792818856053703
63,4,912.751612903226,458.348387096774,19.5420255078764,20.194045617051,25.1610919744338,310,False,4,0.0,0.0,1.0792818856053703
64,4,912.635220125786,458.176100628931,19.7967158436494,20.4608704392714,7.25512041562837,318,False,4,0.20791802625559827,-2.164942290135946,-2.164942290135946
65,4,912.579113924051,458.151898734177,19.6323703626403,20.5093238235435,11.3185085570833,316,False,4,0.06110349894085535,-2.73434853426612,-0.5694062441301742
66,4,912.403785488959,457.93690851735,19.810874233964,20.3852202696719,17.3088645391427,317,False,4,0.2774181924155598,-2.2549282210566965,0.47942031320942347
67,4,912.628205128205,457.714743589744,19.7609988865025,20.135172661365,4.96311498569537,312,False,4,0.31578700026675555,-0.7803494164189728,1.4745788046377237
68,4,912.612698412698,457.625396825397,19.7124327861241,20.3666420784269,178.078547802631,315,False,4,0.09068242677107555,-1.7426410856475687,-0.9622916692285957
69,4,912.628571428571,457.628571428572,19.6887336314974,20.4001873898003,173.249865468286,315,False,4,0.016187363535291776,0.19739555987467322,1.940036645522242
70,4,912.680379746836,457.487341772152,19.7920461593103,20.3427555865474,8.77001786270085,316,False,4,0.15043243564459163,-1.2192010521901213,-1.4165966120647946
71,4,912.635220125786,457.443396226415,19.8699953195271,20.3901375542701,175.377336127564,318,False,4,0.06301271588738579,-2.369818842582381,-1.1506177903922599
72,4,912.482428115016,457.306709265176,19.7289731919063,20.1975556281334,172.771289329814,313,False,4,0.20500908254976688,-2.411771805673037,-0.04195296309065588
73,4,912.368253968254,457.193650793651,19.6591220213514,20.4130348711849,174.028958582077,315,False,4,0.16067966197501243,-2.3611042882687,0.05066751740433695
74,4,912.356466876972,457.17665615142,19.7581538106748,20.4335726449668,1.16812527773446,317,False,4,0.02068219972459062,-2.1771984655262693,0.18390582274243084
75,4,912.313479623825,457.090909090909,19.6039720562653,20.7190140272648,177.060529906194,319,False,4,0.0959190404424795,-2.0355043807822173,0.14169408474405198
76,4,912.273015873016,456.980952380952,19.6054209318715,20.4645380205132,3.93175388573908,315,False,4,0.11716566559408094,-1.9234133815315941,0.11209099925062294
77,4,911.924050632912,456.68670886076,19.5620889994468,20.5768995505192,171.806597123153,316,False,4,0.4564602808304458,-2.441066260181755,-0.5176528786501606
78,4,911.977564102564,456.592948717949,19.4548886970259,20.4306706326302,165.39788975719,312,False,4,0.10795673121270451,-1.0521629613099381,1.388903298871817
79,4,911.904761904762,456.495238095238,19.7618934502921,20.2853027658546,177.935429143931,315,False,4,0.12185042386207451,-2.2111409753023312,-1.158978013992393
80,4,911.990384615385,456.471153846154,19.5300795841907,20.3368345511639,173.042383732757,312,False,4,0.08894548683525719,-0.2741984233343006,1.9369425519680306
81,4,911.987138263666,456.424437299035,19.5959766636424,20.2033114296738,165.387232820962,311,False,4,0.04682920642295982,-1.6401751990217721,-1.3659767756874714
82,4,911.926517571885,456.405750798722,19.6961921941823,20.2346661802233,153.416496695146,313,False,4,0.06343542831848964,-2.842581750249358,-1.202406551227586
83,4,911.812903225807,456.322580645161,19.7861282647672,19.9557635729183,0.56603421988811,310,False,4,0.14080303291516527,-2.5096859070798843,0.33289584316947396
84,4,911.704761904762,456.422222222222,19.789646071582,20.2588579849616,37.5360016287129,315,False,4,0.14704757460275453,2.3970785463030886,-1.3764208537966134
85,4,911.5,456.5,19.6781800284165,20.179959594379,135.0,312,False,4,0.21903611656036476,2.7785811266388256,0.38150258033573703
86,4,911.423948220065,456.462783171521,19.6676920853638,20.001113240637,144.76108905203,309,False,4,0.08466974402537536,-2.6864918450197512,0.8181123355210094
87,4,911.517350157729,456.258675078864,19.8366284165318,20.3513447066608,6.40346229313131,317,False,4,0.22446388450588553,-1.141631838042565,1.5448600069771867
88,4,911.422839506173,456.083333333333,19.8708817294254,20.7585403378255,168.84816691945,324,False,4,0.1991908406111994,-2.0651614441420425,-0.9235296060994775
89,4,911.111801242236,456.099378881988,19.9420741045678,20.6013421130253,154.935820850424,322,False,4,0.31145186026830585,3.090051285225189,-1.1279725778123542
90,4,910.79938271605,456.111111111111,19.8130473408105,20.8257719809807,164.611844048744,324,False,4,0.31263873832974265,3.104057367473281,0.014006082248092078
91,4,910.586750788644,455.738170347003,19.9539627577586,20.2215801464147,166.09207897395,317,False,4,0.42929843941691337,-2.0889775596585807,1.0901503800477244
92,4,910.43670886076,455.844936708861,19.8455347844922,20.2824266031561,137.623787614003,316,False,4,0.1841511231232853,2.5231391766395395,-1.6710685708814665
93,4,910.438095238095,455.812698412698,19.8013138604183,20.2588709456198,129.278507664435,315,False,4,0.03226809231433884,-1.5278187561586933,2.2322273743813534
94,4,910.443396226415,455.779874213837,20.0140210845089,20.2325121725139,154.950700169706,318,False,4,0.03324948883872108,-1.4106824061791974,0.11713634997949596
95,4,910.187898089172,455.662420382166,19.7743803003992,20.2333432843221,45.9300987261921,314,False,4,0.2812022416497221,-2.710697224387103,-1.3000148182079054
96,4,909.853968253968,455.403174603175,19.8779427840537,20.1856854752691,99.5082349747744,315,False,4,0.4227499364447221,-2.481440927697503,0.2292562966895999
97,4,909.716129032258,455.422580645161,19.777518515955,19.9614149301313,144.185070345394,310,False,4,0.1391985829927333,3.001724415849648,-0.800019963632435
98,4,909.606451612903,455.564516129032,19.7312875660846,20.0039349832432,136.122517617864,310,False,4,0.17937340354145737,2.228684931977722,-0.7730394838719259
99,4,909.402555910543,455.418530351438,19.7875152766647,20.1386079173568,146.471323133863,313,False,4,0.25076942537039154,-2.520220447561333,1.5342799276405312
100,4,909.220125786164,455.352201257862,19.7568877137446,20.5083130718571,153.623352043622,318,False,4,0.19411413893779544,-2.7928658692265063,-0.27264542166517325
101,4,908.926984126984,455.301587301587,19.8284114151864,20.2576624105156,161.287562049979,315,False,4,0.29747908315807264,-2.9706179637693975,-0.1777520945428912
102,4,908.832807570978,455.296529968454,20.0065675792484,20.2072034169887,167.128081722001,317,False,4,0.09431224904311274,-3.087943631148397,-0.11732566737899974
103,4,908.51935483871,455.235483870968,19.560845612633,20.2025889141835,159.971714619395,310,False,4,0.3193418879266846,-2.949246608987633,0.1386970221607644
104,4,908.387820512821,455.169871794872,19.6878045196128,20.2011454361355,167.171221243323,312,False,4,0.14699055553571255,-2.6788887372932937,0.2703578716943391
105,4,908.346278317152,455.161812297735,19.6662330949724,20.0330356547946,2.71660285292812,309,False,4,0.04231677581172217,-2.94996570584785,-0.27107696855455643
106,4,907.961538461539,454.971153846154,19.8295810718866,20.0852532702882,5.60583033160735,312,False,4,0.4293895686394917,-2.681510091872916,0.26845561397493434
107,4,907.62987012987,455.126623376623,19.5933146589084,20.0309251572937,96.3048436831083,308,False,4,0.3662985901369957,2.703256093733864,-0.8984191215728075
108,4,907.495114006515,455.094462540717,19.5092826392506,20.0559587370025,138.843858446759,307,False,4,0.1385407237885247,-2.9073155019785757,0.6726137114671467
109,4,907.379421221865,454.868167202572,19.6632977605955,20.1899730537537,150.030218953122,311,False,4,0.2541542848079548,-2.043400900724587,0.8639146012539882
110,4,907.246753246753,454.733766233766,19.5024381626455,20.1368983791243,147.26020160552,308,False,4,0.18885023705652915,-2.3497056437323716,-0.30630474300778454
111,4,907.131832797428,454.762057877814,19.8263710623779,20.0107979273022,131.136183706664,311,False,4,0.11835170803998774,2.900208172916322,-1.0332714905308933
112,4,906.920382165605,454.745222929936,19.829425570702,20.1850765504295,113.651342943111,314,False,4,0.21211974252391644,-3.0621437940255527,0.32083334023771215
113,4,906.647619047619,454.584126984127,19.9032425224445,20.1825554701682,102.00269284502,315,False,4,0.31678324180672723,-2.6081080219217583,0.4540357721037944
114,4,906.428571428571,454.665584415584,19.6529318960861,19.9569763515106,64.9766549699956,308,False,4,0.2337031718872296,2.785568137213084,-0.8895091480447448
115,4,906.271565495208,454.651757188498,19.8776493987353,20.0490197576143,54.3411609783084,313,False,4,0.1576136266953352,-3.0537511037892817,0.44386606617722
116,4,906.047619047619,454.587301587302,19.9473088289537,20.1115297368416,109.749940708911,315,False,4,0.2330376276768878,-2.8613500305722406,0.19240107321704114
117,4,905.844936708861,454.674050632911,20.0295821927228,20.1204498255162,179.182070813024,316,False,4,0.22046661279768087,2.7371795365703475,-0.6846557400369981
118,4,905.794952681388,454.741324921136,20.0578937276039,20.1590062639564,58.6226481129352,317,False,4,0.08381069656435149,2.209795000373769,-0.5273845361965783
119,4,905.732484076433,454.808917197452,19.8879619245076,20.1469344479368,127.159601735084,314,False,4,0.09203826607776261,2.3168204426851426,0.10702544231137345
120,4,905.516339869281,454.807189542484,19.5640637953512,19.9317779681123,50.2685823282563,306,False,4,0.21615111167210108,-3.1335997575535766,0.832765106940867
121,4,905.38064516129,454.867741935484,19.5386095488547,20.2055429223029,67.5283741903284,310,False,4,0.14859221404494702,2.721870025128183,-0.42771552449782746
122,4,905.315286624204,454.773885350319,19.7997053397689,20.2017549563331,78.1136744283221,314,False,4,0.11437131173880927,-2.1790792154069014,1.3822360666445022
123,4,905.034700315457,454.845425867508,19.7593250554183,20.4561624751838,90.2786633809758,317,False,4,0.28956298495474525,2.891943761790524,-1.21216232998216
124,4,904.794212218649,454.79421221865,19.3286942934499,20.4965244519027,105.798704535455,311,False,4,0.2458807892774305,-2.9317699457489104,0.4594715996401515
125,4,904.527687296417,454.85993485342,19.4502011019559,20.0905604890446,99.8255166420116,307,False,4,0.27450864994006835,2.8998250692555647,-0.45159029217511204
126,4,904.424437299035,455.012861736334,19.5959766636424,20.2033114296739,75.3872328209625,311,False,4,0.18451881605180925,2.1646553787622134,-0.7351696904933513
127,4,904.354838709678,455.183870967742,19.7176875056387,20.019003985059,113.120031271424,310,False,4,0.1846296857692248,1.9573117077849473,-0.20734367097726603
128,4,904.376996805112,455.258785942492,19.8133720205778,20.1132992070026,126.884869325545,313,False,4,0.07812320164365748,1.283218714279383,-0.6740929935055644
129,4,904.134796238244,455.28526645768,19.8714567715201,20.4494064011435,82.3541995046586,319,False,4,0.2436438636119891,3.0326921977951837,1.7494734835158008
130,4,903.913738019169,455.14696485623,19.5218611617164,20.4418687915348,70.5295498485276,313,False,4,0.2607567241400063,-2.5825373512085963,0.6679557581758058
131,4,903.635782747604,455.233226837061,19.9054639640854,20.0284185201689,95.150377760125,313,False,4,0.29103309490103296,2.8406724192277664,-0.8599755367432245
132,4,903.536277602524,455.268138801262,19.9353944578632,20.2435121286509,77.0460452743628,317,False,4,0.10545197552328837,2.804155570472672,-0.03651684875509442
133,4,903.555205047319,455.315457413249,19.9244938865583,20.2538636709848,54.7858267832154,317,False,4,0.0509637047990297,1.1902899496800463,-1.6138656207926256
134,4,903.424437299035,455.556270096463,19.7245435763929,20.0737317111309,53.3041553284213,311,False,4,0.2740272840210488,2.068270098285481,0.8779801486054346
135,4,903.328025477707,455.544585987261,19.7419261606172,20.2687297287659,76.3138346536789,314,False,4,0.09711723688221231,-3.0209911889735728,1.1939240199205319
136,4,903.188087774295,455.523510971787,19.7493026234655,20.5772086888146,85.9921120359562,319,False,4,0.14151578397284706,-2.9921131841912274,0.028878004782345368
137,4,903.147435897436,455.74358974359,19.6226496828271,20.2728335425965,60.1848756919538,312,False,4,0.22380178929239258,1.7534526268751147,-1.537619496113244
138,4,903.083870967742,455.745161290323,19.6031756163292,20.1634290744525,49.3270346703332,310,False,4,0.06358435378411739,3.116874201845373,1.3634215749702587
139,4,902.827922077922,455.821428571429,19.5562646520501,20.0841661664674,49.9097990794006,308,False,4,0.2670702760835847,2.851991423305581,-0.2648827785397918
140,4,902.777777777778,455.934640522876,19.6411307952746,19.8683952235997,58.5438935136011,306,False,4,0.12382001771671505,1.9877503628000308,-0.8642410605055506
141,4,902.777777777778,456.015873015873,19.6200834569373,20.4690493176334,31.1978528063163,315,False,4,0.08123249299700319,1.5707963267948966,-0.4169540360051345
142,4,902.634920634921,456.209523809524,19.6949056460681,20.3794064026382,37.5339659759499,315,False,4,0.24064245915248314,2.2063820336188584,0.6355857068239619
143,4,902.324675324675,456.535714285714,19.7678920205506,19.8485508357385,8.09108986054748,308,False,4,0.4501692784793837,2.3311458815120987,0.12476384789324024
144,4,902.222580645161,456.522580645161,19.6774677865385,20.0861766784943,74.9287996152261,310,False,4,0.1029359805862359,-3.0136535354669003,0.9383858902005873
145,4,902.277419354839,456.577419354839,19.7372166393881,20.0027134068824,39.9996501678523,310,False,4,0.07755364696970109,0.78539816339693,-2.484133608315756
146,4,902.184713375796,456.665605095541,19.6647285763919,20.3462477059131,47.4332439384999,314,False,4,0.12794969094721356,2.381177932435365,1.595779769038435
147,4,902.041666666667,456.733974358974,19.7544259728778,20.1351204430938,70.409271491869,312,False,4,0.1585456312076323,2.6957396298921035,0.31456169745673845
148,4,902.152380952381,456.663492063492,19.6971096333408,20.3820473197311,52.9661334409714,315,False,4,0.1312455981645976,-0.5669075978275959,3.020538079459887
149,4,902.152866242038,457.085987261147,19.8304185242797,20.2051867584997,119.006110448358,314,False,4,0.4224954763634581,1.569647699671304,2.1365552974988997
150,4,902.091482649842,457.154574132492,20.0275773638959,20.1907655965963,86.2516359876115,317,False,4,0.09204403463443486,2.3008287000893413,0.7311810004180375
151,4,902.063291139241,457.167721518987,20.0246531441964,20.1354362976217,110.346529565342,316,False,4,0.031106511241469088,2.705217534326181,0.4043888342368396
152,4,902.009615384615,457.314102564103,19.6790717813425,20.2275576331503,43.1027076728584,312,False,4,0.15591182445190419,1.9222574083750326,-0.7829601259511483
153,4,901.872204472843,457.277955271566,19.7726469178375,20.1763454740628,31.6323644499115,313,False,4,0.14208583825199028,-2.8843606443828755,1.4765672544216777
154,4,901.782747603834,457.277955271566,19.7099903973616,20.2480867898076,18.7621395909559,313,False,4,0.08945686900904093,3.141592653589793,-0.257232009206918
155,4,901.654838709677,457.512903225806,19.8056236066131,19.9449899009345,30.699992341911,310,False,4,0.2675093015317525,2.069340547059389,-1.0722521065304043
156,4,901.548387096774,457.558064516129,19.6441533379967,20.1011080421954,27.7133308999641,310,False,4,0.11563515050922533,2.74036385458094,0.6710233075215513
157,4,901.587301587302,457.606349206349,19.8891788478928,20.1651169829841,101.877103825379,315,False,4,0.062014102288901266,0.89244482642856,-1.84791902815238
158,4,901.607717041801,457.672025723473,19.8358205354516,19.9688679895984,112.181084555781,311,False,4,0.06877641808014846,1.2694166279900228,0.3769718015614627
159,4,901.535714285714,457.951298701299,19.4360463095605,20.1900047568092,74.6323388038157,308,False,4,0.2884056050563688,1.8231233444988262,0.5537067165088034
160,4,901.50159744409,458.201277955272,19.9091717899942,20.0427407567916,14.0597612723019,313,False,4,0.25229662363836036,1.7064369943268958,-0.11668635017193019
161,4,901.392282958199,458.202572347267,19.7179795647269,20.1002047153904,165.372348392026,311,False,4,0.1093221490652663,3.1297522145634864,1.4233152202365904
162,4,901.309446254072,458.416938110749,19.5747790368738,19.9753884659197,26.2547809539579,307,False,4,0.22981427306381585,1.9395473018609708,-1.1902049127025156
163,4,901.358064516129,458.567741935484,19.8418097977995,19.8983803160682,64.302402691479,310,False,4,0.15844724346022251,1.2589231853667908,-0.68062411649418
164,4,901.229032258064,458.51935483871,19.6227985368325,20.1307942843647,150.939852232031,310,False,4,0.13780651202170396,-2.7828219833221177,2.2414401384906775
165,4,901.246753246753,458.75974025974,19.7715097618545,19.8571522211169,57.2177357021868,308,False,4,0.24103772336272478,1.4972103692637357,-2.003152954593733
166,4,901.275974025974,458.769480519481,19.6587619328958,19.9566895994386,60.4842653912517,308,False,4,0.030801405781384926,0.3217505544170679,-1.175459814846668
167,4,901.331210191083,458.93949044586,19.8459500018101,20.162231170659,174.828451864851,314,False,4,0.17875796206970884,1.2566551960214212,0.9349046416043532
168,4,901.37898089172,458.974522292994,19.7712446111211,20.2358620620028,173.660778169655,314,False,4,0.05923909311400047,0.6327488350051236,-0.6239063610162976
169,4,901.342948717949,459.144230769231,19.7256145774896,20.1600857606548,167.094190736432,312,False,4,0.17349145354556786,1.780007630302643,1.1472587952975193
170,4,901.444444444444,459.209523809524,19.8631303276981,20.1988404649772,146.610029161064,315,False,4,0.12068373381471227,0.5716566239115181,-1.208351006391125
171,4,901.436305732484,459.305732484076,19.8664038800666,20.1198934857219,132.609951960748,314,False,4,0.09655230546918754,1.655189764604777,1.083533140693259
172,4,901.5,459.410256410256,19.9274159549192,19.9306489917105,90.0,312,False,4,0.12240184172833116,1.023511945807286,-0.631677818797491
173,4,901.607142857143,459.545454545455,19.6335162184844,19.9706732509789,155.836152337352,308,False,4,0.17250544222735234,0.9006528800678147,-0.12285906573947125
174,4,901.888888888889,459.593650793651,19.942822617756,20.1165634829674,146.804275624926,315,False,4,0.2858385991163596,0.16942286501337397,-0.7312300150544409
175,4,902.019292604502,459.581993569132,19.6269681786286,20.175271697534,163.501521157358,311,False,4,0.13092371797786626,-0.08915636245988133,-0.25857922747325546
176,4,902.158064516129,459.703225806452,19.7860582046336,19.9572054277547,115.04352458196,310,False,4,0.18426855082251645,0.7180410054641136,0.8071973679239948
177,4,902.130293159609,459.768729641694,19.6477409739846,19.9155820649731,123.993616043387,307,False,4,0.07114773836442638,1.9717902911795804,1.2537492857154664
178,4,902.197452229299,460.130573248408,19.7119269267158,20.3158664974322,146.010872733556,314,False,4,0.3680232823632382,1.3872820838239117,-0.5845082073556687
179,4,902.315112540193,460.218649517685,19.8668475984033,19.9425956606518,66.5085501211123,311,False,4,0.1469740724394581,0.6425814150565157,-0.744700668767396
180,4,902.268608414239,460.26213592233,19.7417599384383,19.9412405814292,129.925468319343,309,False,4,0.06366868240899631,2.389715693984406,1.7471342789278905
181,4,902.530944625407,460.491856677524,19.7075499912624,19.8351512410594,165.256437163529,307,False,4,0.3487003198405103,0.7192110798222131,-1.670504614162193
182,4,902.685064935065,460.344155844156,19.7101595132585,19.9030517916907,71.3258943065673,308,False,4,0.2134680445095225,-0.764132229268551,-1.4833433090907642
183,4,902.676470588235,460.470588235294,19.4896522467737,20.0034516171417,115.451385467439,306,False,4,0.12672415841624657,1.638667747981387,2.4027999772499378
184,4,902.755627009646,460.75884244373,19.6695093069181,20.1450359234934,143.654016818041,311,False,4,0.2989251206099227,1.302796173206679,-0.33587157477470786
185,4,903.135922330097,460.883495145631,19.7060225374682,20.0019748382344,165.245820301237,309,False,4,0.4002034818040953,0.31674307263136414,-0.9860531005753148
186,4,903.24262295082,461.016393442623,19.4375022231543,19.9892916156318,59.8226605915194,305,False,4,0.17043174530012414,0.8943052478039707,0.5775621751726066
187,4,903.404530744337,460.961165048544,19.7385232744804,19.954171455909,1.43747618830946,309,False,4,0.17106814172746804,-0.3287332975974414,-1.223038545401412
188,4,903.458064516129,460.903225806452,19.7506371302687,20.0001329850799,55.0217943872352,310,False,4,0.07888485593872106,-0.8248981168118582,-0.4961648192144166
189,4,903.603833865815,460.961661341853,19.7377583120041,20.2037849608619,127.736683463946,313,False,4,0.15704590126931176,0.3812619216888171,1.2061600385006752
190,4,903.662379421222,461.038585209003,19.8739194024173,19.939207280314,163.102377237343,311,False,4,0.09666883362915414,0.9202388620820737,0.5389769403932565
191,4,903.840909090909,461.003246753247,19.6331842074171,20.0234398978455,123.520656826532,308,False,4,0.18199354223094752,-0.1954155871843919,-1.1156544492664655
192,4,903.967213114754,461.160655737705,19.5443534830542,19.89780161788,109.496386578888,305,False,4,0.20181747899409036,0.8945973354370611,1.0900129226214528
193,4,904.200668896321,461.09364548495,19.0657515374315,19.9723925726586,88.5597839262056,299,False,4,0.24288263816360664,-0.2795213486705601,-1.1741186841076212
194,4,904.235294117647,461.241830065359,19.5572133018482,19.9425915598866,116.283858031801,306,False,4,0.1521761342092383,1.3412519780424512,1.620773326713011
195,4,904.52302631579,461.299342105263,19.4204956607275,19.9441869934339,95.6544943949653,304,False,4,0.2934236742019518,0.19728060080515486,-1.1439713772372964
196,4,904.566225165563,461.254966887417,19.3140267167656,19.9370812527106,106.307752160033,302,False,4,0.06192980365366674,-0.798830191367166,-0.9961107921723209
197,4,904.640522875817,461.235294117647,19.6208819042345,19.8725255694624,79.4805372123215,306,False,4,0.07685810054525172,-0.2588429478770729,0.539987243490093
198,4,904.75,461.174342105263,19.5665303732823,19.8051385707135,108.315525231912,304,False,4,0.12530119126739409,-0.5080151249722283,-0.2491721770951556
199,4,904.951298701299,461.269480519481,19.6701229194493,19.9620590586533,122.569611887957,308,False,4,0.22264879295562673,0.4415072054632018,0.9495223304354301
200,4,905.182692307692,461.333333333333,19.5917542955276,20.2865391299148,122.796518101929,312,False,4,0.24004204405972301,0.2692481923325489,-0.17225901313065295
201,4,905.273015873016,461.330158730159,19.8852042785549,20.1899881706131,112.361471114894,315,False,4,0.09037933700876152,-0.03513254732482928,-0.3043807396573781
202,4,905.46925566343,461.511326860842,19.7708556059566,19.904195501581,69.77514056883,309,False,4,0.26708041282899975,0.7454847048700404,0.7806172521948698
203,4,905.522580645161,461.587096774194,19.7506654223696,19.9877641544497,102.957417286679,310,False,4,0.09265329700546229,0.957541199282922,0.21205649441288177
204,4,905.619672131148,461.560655737705,19.5517448779698,19.8776244091575,103.878341571742,305,False,4,0.10062745679869464,-0.2658833176054486,-1.2234245168883706
205,4,905.88424437299,461.48231511254,19.7018191633958,20.1097860168224,75.8908454859387,311,False,4,0.2759270278615855,-0.28787770907547766,-0.02199439147002913
206,4,906.168789808917,461.531847133758,19.8952895284214,20.1044637625837,88.1885416812806,314,False,4,0.28882438649264275,0.17234724273468938,0.46022495181016687
207,4,906.269230769231,461.573717948718,19.6971769112284,20.1839018441463,57.2592986267905,312,False,4,0.1088188938291301,0.394964292364723,0.22261704963003348
208,4,906.335483870968,461.574193548387,19.6387988786925,20.0956503863483,40.5276743852721,310,False,4,0.06625480876756407,0.007178403536258592,-0.3877858888284642
209,4,906.240384615385,461.448717948718,19.6230407434522,20.2616322331485,78.2963460389188,312,False,4,0.15744203544393748,-2.2193408665185497,-2.2265192700548084
210,4,906.468852459016,461.445901639344,19.6432381414773,19.7717017666296,104.390816145048,305,False,4,0.22848520120986532,-0.012326315567822424,2.2070145509507277
211,4,906.5,461.437908496732,19.6270058866651,19.8510795544505,90.0,306,False,4,0.03215679769759013,-0.251201307868359,-0.23887499230053644
212,4,906.434504792332,461.498402555911,19.5594687046029,20.3673306491322,54.3669173319298,313,False,4,0.08915802500860033,2.395868696826732,2.647070004695091
213,4,906.363924050633,461.363924050633,19.8009356802118,20.329906455381,49.6671017155042,316,False,4,0.1518753089892474,-2.054123972174918,1.8331926381779358
214,4,906.366242038217,461.302547770701,19.7058456726147,20.3038739192878,60.8414284422705,314,False,4,0.061420035857457804,-1.5330474366001496,0.5210765355747684
215,4,906.538461538462,461.147435897436,19.6913220147975,20.2011261907346,31.5294374115937,312,False,4,0.2317741346492185,-0.7331817330837093,0.7998657035164403
216,4,906.618122977346,461.035598705502,19.6782103873344,20.018282413912,52.5970565398604,309,False,4,0.1373080563723738,-0.9518640854296209,-0.21868235234591182
217,4,906.624203821656,460.910828025478,19.8269533243513,20.1730263274363,36.2328334947489,314,False,4,0.12491877065189361,-1.5220986942780543,-0.5702346088484336
218,4,906.624203821656,460.910828025478,19.8269533243513,20.1730263274363,36.2328334947489,314,False,4,0.0,0.0,1.5220986942780543
219,4,906.5875,460.8125,20.0828147410085,20.3025996384289,26.4262668572671,320,False,4,0.10495509096065574,-1.9280576312568072,-1.9280576312568072
220,4,906.579113924051,460.648734177215,19.9472100330207,20.1798002531371,105.79582488066,316,False,4,0.16398039816477697,-1.6219593670435768,0.3060982642132304
221,4,906.550314465409,460.638364779874,19.8381276599088,20.4333857417985,65.877318877511,318,False,4,0.030609364895170087,-2.7959881301747895,-1.1740287631312127
222,4,906.466237942122,460.504823151125,19.5661429136368,20.2515415021952,64.4873603847107,311,False,4,0.15780439910523283,-2.1326897734415096,0.66329835673328
223,4,906.526479750779,460.196261682243,20.0633521195969,20.3700835424476,10.3974140137692,321,False,4,0.31438711104125894,-1.377987260146326,0.7547025132951832
224,4,906.504702194357,460.137931034483,20.0109447520215,20.2998749514364,34.3716234201865,319,False,4,0.06226336347975174,-1.928116764952573,-0.5501295048062467
225,4,906.5375,460.059375,19.9284756288557,20.450597860701,9.15201243389463,320,False,4,0.08512782511431768,-1.1752881900070007,0.7528285749455721
226,4,906.542586750789,459.943217665615,19.7897448850867,20.4114204687484,15.0594305247944,317,False,4,0.11626866028734285,-1.5270323847296279,-0.3517441947226274
227,4,906.515923566879,459.929936305733,19.5322585957821,20.4880109556552,19.9399474077298,314,False,4,0.0297879152767717,-2.67945333909664,-1.1524209543670123
228,4,906.452830188679,459.845911949686,19.7137889089906,20.5559850465721,13.8639451923504,318,False,4,0.10507552893898274,-2.2148692998055237,0.46458403929111647
229,4,906.389937106918,459.770440251572,19.713796641292,20.5555465884737,21.1306019236874,318,False,4,0.09824213428875461,-2.2655346029861176,-0.050665303180593924
230,4,906.339682539683,459.479365079365,19.741111165166,20.3172617514437,32.9206791169946,315,False,4,0.2953815793229208,-1.74176238090812,0.5237722220779979
231,4,906.343949044586,459.40127388535,19.9321458295427,20.0705356946351,39.5387133671442,314,False,4,0.07820765721315966,-1.5162156866873044,0.22554669422081552
232,4,906.278846153846,459.23717948718,19.8557623068501,20.0195914495502,58.6158392073263,312,False,4,0.17653712893746004,-1.9484896207962141,-0.4322739341089097
233,4,906.151898734177,459.221518987342,19.7992899034327,20.3500603528632,88.6044983860925,316,False,4,0.1279097283859625,-3.018850687777798,-1.070361066981584
234,4,906.0,458.858461538462,20.2483047723469,20.4725578193991,180.0,325,False,4,0.3935529654720496,-1.967052906247224,1.0517977815305741
235,4,905.879256965944,458.854489164087,20.0740418070188,20.5238546781395,8.1403802312,323,False,4,0.12080836076703419,-3.108705107391283,-1.141652201144059
236,4,905.842105263158,458.798761609907,19.8476575779353,20.748131163493,9.59321548422021,323,False,4,0.0669761846836956,-2.1587989303339903,0.9499061770572927
237,4,905.679365079365,458.571428571429,19.8523253845062,20.2117340100472,164.803012131307,315,False,4,0.279579465992462,-2.192091991392631,-0.03329306105864083
238,4,905.48125,458.703125,19.903144450313,20.4792348426394,25.0133050812624,320,False,4,0.23789395530387983,2.554920144100567,-1.5361731716863876
239,4,905.116719242902,458.429022082019,20.0278930106126,20.1536229454134,110.722744655307,317,False,4,0.45608670504208426,-2.496855200339608,1.231409962739411
240,4,905.074193548387,458.283870967742,19.4216564909735,20.3505390898768,164.205586577776,310,False,4,0.15125237409652093,-1.8557960685238182,0.6410591318157897
241,4,904.792452830189,458.176100628931,19.9075361786287,20.3661812009281,5.7152191366548,318,False,4,0.3016492635797563,-2.7762489310601297,-0.9204528625363118
242,4,904.651898734177,458.126582278481,19.8946266712063,20.2286564556118,176.980438245281,316,False,4,0.14902188073236297,-2.8028630771106804,-0.02661414605055068
243,4,904.525,457.975,19.9814881511891,20.3965715566094,177.569916973968,320,False,4,0.19768782432216592,-2.267789159531873,0.5350739175788073
244,4,904.416149068323,457.913043478261,20.037381198691,20.4735020450721,4.42444565470632,322,False,4,0.12524829704611903,-2.624138064718153,-0.3563489051862798
245,4,904.176470588235,457.572755417957,20.105752536516,20.4510869848293,140.92898085273,323,False,4,0.41622318268293323,-2.184429083700465,0.43970898101768796
246,4,904.028391167192,457.514195583596,19.9257919635465,20.2515802885485,170.929531495161,317,False,4,0.15923808946612233,-2.765004162626079,-0.5805750789256141
247,4,903.845425867508,457.485804416404,19.9170761459873,20.2560180300201,171.418391033092,317,False,4,0.18515496013608765,-2.987647989133253,-0.22264382650717396
248,4,903.55900621118,457.276397515528,19.839850310966,20.6673551671818,169.647868757243,322,False,4,0.3548062424275265,-2.510285186816041,0.47736280231721206
249,4,903.520634920635,457.415873015873,19.8117628826063,20.2406796378967,149.882513206258,315,False,4,0.14465742682134594,1.8392660383202342,-1.9336340820433113
250,4,903.174603174603,457.212698412698,19.9461187281696,20.1398543545191,153.345011057135,315,False,4,0.40127034358052427,-2.6106708324478816,1.8332484364114707
251,4,902.975,457.196875,20.0964652913802,20.3039879467644,58.7070704223495,320,False,4,0.2002293877057179,-3.062483740869347,-0.4518129084214655
252,4,902.471875,457.025,19.9639607828895,20.4136624251811,168.452592775417,320,False,4,0.531672626011598,-2.812407291947994,0.25007644892135295
253,4,902.341772151899,456.920886075949,19.9760277173712,20.1501170182629,0.604587276508354,316,False,4,0.16663271067010554,-2.466703414919869,0.3457038770281251
254,4,902.028846153846,456.897435897436,19.7781424108398,20.1272203074954,115.625170920318,312,False,4,0.313803427530348,-3.0667940460258114,-0.6000906311059424
255,4,901.690322580645,456.838709677419,19.645989326177,20.1082702676387,139.823152712829,310,False,4,0.34357965383625966,-2.969824636048691,0.09696940997712034
256,4,901.495238095238,456.850793650794,19.6756241680822,20.392472453579,148.643599210195,315,False,4,0.1954583813987458,3.0797294354017155,-0.2336312357291792
257,4,901.420886075949,456.838607594937,19.8912585727134,20.2283962947832,131.316514133771,316,False,4,0.0753440291575979,-2.9791402146269763,0.2243156571508944
258,4,901.041139240506,456.588607594937,19.8672094190596,20.2610063575082,130.767135741897,316,False,4,0.45465113991828415,-2.5593814910830175,0.4197587235439588
259,4,900.912225705329,456.557993730408,19.8425082685294,20.4774662530692,105.131916609923,319,False,4,0.13249871038332797,-2.9084356167629974,-0.34905412567997995
260,4,900.602564102564,456.573717948718,19.693332696635,20.1690154066547,125.661042785744,312,False,4,0.31006057354725497,3.090857515005911,-0.2838921754106778
261,4,900.296416938111,456.57328990228,19.6204480854426,19.9238537219236,147.19641467904,307,False,4,0.3061474636941801,-3.1401944823545933,0.05213330981908193
262,4,900.087662337662,456.698051948052,19.6851321459626,19.9428947301255,149.994948521617,308,False,4,0.2431955001101459,2.60290338442878,-0.5400874403962135
263,4,899.781350482315,456.48231511254,19.4806926788122,20.3434233446487,116.950008198853,311,False,4,0.3746589581510603,-2.527983563406695,1.1522983593441118
264,4,899.516025641026,456.455128205128,19.7736401892867,20.0957364570223,115.653202809784,312,False,4,0.26671407788057244,-3.039482524604761,-0.511498961198066
265,4,899.159090909091,456.412337662338,19.6094330496069,20.00732043975,138.162445657862,308,False,4,0.35949051922653114,-3.0222786917727142,0.01720383283204674
266,4,898.93137254902,456.359477124183,19.7159625827976,19.7867877110869,61.4737918710071,306,False,4,0.233773155018823,-2.91350107818976,0.10877761358295412
267,4,898.498402555911,456.392971246006,19.9013194993801,20.0280196481835,129.882649179333,313,False,4,0.43426359636694206,3.064387426863314,-0.305296802126513
268,4,898.310897435898,456.346153846154,19.6764040777433,20.1886249051494,145.274999800787,312,False,4,0.19326158169685276,-2.896909559491245,0.3218883208250274
269,4,898.08832807571,456.328075709779,19.8218153870062,20.3725419264707,95.0975739221605,317,False,4,0.2233023490903977,-3.060545844531769,-0.16363628504052397
270,4,897.921135646688,456.485804416404,19.840620841409,20.3527494142154,95.6771300363622,317,False,4,0.22985137201220243,2.3853124716981076,-0.837326990949709
271,4,897.685714285714,456.4,19.7025654932983,20.3673859290026,61.803479981294,315,False,4,0.2505705790336892,-2.792084096359583,1.1057887391218957
272,4,897.489028213166,456.272727272727,20.0803338747937,20.222944718693,107.250628955866,319,False,4,0.23427282864612,-2.5672689423082913,0.2248151540512917
273,4,897.193037974684,456.617088607595,19.6933736431492,20.4385715489019,95.3031898047386,316,False,4,0.45408694126640214,2.2807993328911706,-1.4351170319801243
274,4,896.939873417722,456.541139240506,19.8596306690111,20.2701069560566,79.4198227771868,316,False,4,0.26431155718771066,-2.8501358591105665,1.152250115177849
275,4,896.622149837134,456.524429967427,19.5393370884443,20.0133156396466,62.820286477453,307,False,4,0.3181626525355938,-3.0890504598786515,-0.2389146007680849
276,4,896.443365695793,456.637540453075,19.6566067288746,20.0137912616778,55.1405058010889,309,False,4,0.21156027783723033,2.5775003390382345,-0.6166345082627007
277,4,896.11038961039,456.659090909091,19.5925807830573,20.0129422802193,18.0487658020868,308,False,4,0.33367273728125774,3.076962061882622,0.4994617228443876
278,4,895.865203761756,456.611285266458,20.035078780579,20.2875915548997,86.4019354852784,319,False,4,0.24980288196484796,-2.949031370926869,0.25719187437009516
279,4,895.590322580645,456.725806451613,19.6946301794887,20.0535018506501,134.660267403517,310,False,4,0.2977830847752926,2.7468407166951976,-0.5873132195575188
280,4,895.459283387622,457.013029315961,19.5912359563283,19.956577391917,118.091110599235,307,False,4,0.3157027778027538,1.99881760482782,-0.7480231118673775
281,4,895.187898089172,457.178343949045,19.7145743784281,20.3089350725924,95.6173677357884,314,False,4,0.3177717862342387,2.5944716137851027,0.5956540089572826
282,4,894.768729641694,457.14006514658,19.5886965126288,19.9765158145659,133.286171470731,307,False,4,0.42091264423781394,-3.0505244364807043,0.6381892569137797
283,4,894.534201954397,457.273615635179,19.6405843768676,19.9148415327978,171.298865018061,307,False,4,0.26988695617595504,2.623943544215317,-0.6087173264835641
284,4,894.456026058632,457.439739413681,19.5435916204482,20.0053257284618,25.6077067347806,307,False,4,0.1835989663980811,2.0106389096071724,-0.6133046346081445
285,4,894.092105263158,457.447368421053,19.5498815659671,19.8266426700419,174.860602973543,304,False,4,0.3640007515540195,3.1206323506724623,1.1099934410652903
286,4,893.68284789644,457.550161812298,19.623292353395,20.0564351108598,37.3528915302969,309,False,4,0.4219692802760024,2.8955126154131166,-0.2251197352593457
287,4,893.582236842105,457.582236842105,19.5096307633121,19.8467815235142,44.9999999999996,304,False,4,0.10560015052791638,2.832976585830371,-0.06253602958274573
288,4,893.318032786885,457.767213114754,19.300687998993,20.123586785253,34.9602536652989,305,False,4,0.3225213236946848,2.530781763975464,-0.30219482185490687
289,4,893.058441558442,457.931818181818,19.3092265600793,20.3440872415386,68.0599571030257,308,False,4,0.307379950529808,2.5764810203877837,0.045699256412319755
290,4,892.753205128205,458.163461538462,19.4993600840085,20.3913907229808,28.2655104007108,312,False,4,0.3831813187267412,2.4924210209184308,-0.08405999946935294
291,4,892.617647058824,458.320261437908,19.4453206502069,20.043514250294,37.669048954999,306,False,4,0.2072732463213183,2.2836650176452835,-0.20875600327314725
292,4,892.550819672131,458.491803278689,19.5908981607946,19.8293593536502,36.4369970194557,305,False,4,0.18409916553519612,1.9422782634146762,-0.34138675423060727
293,4,892.320261437908,458.679738562092,19.5057687625905,19.9772996610504,54.8477826140248,306,False,4,0.2974504498496391,2.457693036373108,0.5154147729584317
294,4,891.996753246753,458.788961038961,19.740017052598,19.9051842897475,66.4217622947357,308,False,4,0.3414485308180641,2.8159900684059744,0.35829703203286645
295,4,891.898360655738,458.940983606557,19.5036026086129,19.9429911412221,62.6487438617997,305,False,4,0.18108551301833684,2.1452172841269235,-0.670772784279051
296,4,891.593548387097,459.383870967742,19.6895988036196,20.0551505653046,73.0178415839021,310,False,4,0.5376427566809141,2.173585182481907,0.028367898354983545
297,4,891.567213114754,459.554098360656,19.5883913029162,19.8299016317524,36.5944568036503,305,False,4,0.17225246549084938,1.7242859322854514,-0.44929925019645545
298,4,891.35737704918,459.672131147541,19.4682090468639,19.962402315855,37.4179930785466,305,False,4,0.24075488197638678,2.629203193280599,0.9049172609951475
299,4,891.101973684211,459.904605263158,19.4443635981536,19.9453069660302,70.2881267547101,304,False,4,0.34536226381782104,2.4031578990247735,-0.22604529425582554
300,4,891.071428571429,460.237012987013,19.4948734802697,20.1451387609059,68.6557308306741,308,False,4,0.3338081766424007,1.6624294948044052,-0.7407284042203681
301,4,890.945337620579,460.581993569132,19.6019293413256,20.2202022686339,62.0577196882788,311,False,4,0.3673016878880877,1.9212137312110142,0.2587842364066093
302,4,890.648829431438,460.658862876254,19.3752903315223,19.6640800232489,36.5741504906677,299,False,4,0.30631029464434906,2.8879286269320765,0.9667148957210623
303,4,890.349673202614,461.163398692811,19.5630068728902,19.929368885947,53.3758714274812,306,False,4,0.5865584706003671,2.1060037294222362,-0.7819248975098403
304,4,890.318327974276,461.408360128617,19.7595657195557,20.0493767227645,54.9522476812247,311,False,4,0.24695875844300755,1.6980645647013808,-0.40793916472085545
305,4,890.095846645367,461.44089456869,19.8012753399597,20.1362904399705,36.5564610348034,313,False,4,0.22484757393393623,2.996387390901355,1.2983228261999749
306,4,889.776666666667,461.363333333333,19.3052160499969,19.7848025272106,8.71694467911154,300,False,4,0.32846857388959916,-2.9032115183330354,0.3835863979451961
307,4,889.162337662338,461.308441558442,19.7195392652869,19.9010823483688,99.9557407630347,308,False,4,0.6167764850498957,-3.0524769066393986,-0.14926538830636327
308,4,888.809364548495,461.361204013378,19.2086812828026,19.8130832743825,6.0789290316867,299,False,4,0.3568947964694166,2.9932112083077773,-0.23749719223241073
309,4,888.274834437086,461.043046357616,19.1678388239988,20.0500566116987,98.3130583553591,302,False,4,0.622050427154277,-2.6047026725567197,0.6852714263150892
310,4,887.96632996633,460.93265993266,19.2613247331534,19.6229157868747,123.615298570724,297,False,4,0.3276586200468709,-2.797975898880748,-0.19327322632402844
311,4,887.361022364217,460.929712460064,19.93273002425,20.0092098638605,116.627540861225,313,False,4,0.6053147782522303,-3.1367233122990137,-0.33874741341826553
312,4,886.651315789474,460.651315789474,19.6562565371088,19.6938127437988,135.000000000011,304,False,4,0.7623569560442499,-2.7677676915298366,0.3689556207691771
313,4,886.264331210191,460.585987261147,19.7639179211451,20.2197727418298,29.6037260981607,314,False,4,0.3924600377314646,-2.9743551238715864,-0.2065874323417498
314,4,885.661290322581,460.403225806452,19.7256671389567,20.0144233044643,42.2691939538549,310,False,4,0.63012702009339,-2.847324991551516,0.12703013232007043
315,4,885.366883116883,460.103896103896,19.4895324261331,20.1220450979989,97.7271326861249,308,False,4,0.4198498226737476,-2.3479039763126264,0.4994210152388896
316,4,885.133779264214,460.053511705686,19.4015132497621,19.6333861852304,80.2823706117969,299,False,4,0.2384868837317512,-2.9287216603597757,-0.5808176840471493
317,4,884.503289473684,459.809210526316,19.4867486548642,19.8891623906528,90.036309489771,304,False,4,0.6761659871688925,-2.771927139307886,0.15679452105188973
318,4,884.375816993464,459.915032679739,19.5726328739498,19.9253701793185,44.9989459420447,306,False,4,0.16567305565035748,2.4487319506206036,-1.0625262172510972
319,4,883.744262295082,459.439344262295,19.567187408453,19.8600071159793,75.0865860279881,305,False,4,0.7906584645337285,-2.4960452553710772,1.3384081011879054
320,4,883.441176470588,459.477124183007,19.6189308485112,19.8642737533251,21.1791996246351,306,False,4,0.30543139887415843,3.017581403316855,-0.7695586484916532
321,4,883.307189542484,459.326797385621,19.6484875109861,19.8438194640012,35.4662621381679,306,False,4,0.20137190199991084,-2.2987863755518254,0.966817528310906
322,4,882.95737704918,459.229508196721,19.4430811432631,20.0198177978583,60.736211561989,305,False,4,0.3630894748521629,-2.8703298794369387,-0.5715435038851133
323,4,882.90099009901,459.254125412541,19.4650342400982,19.8572847590753,57.9510245557481,303,False,4,0.061526380229975405,2.7299576320205072,-0.6828977957221412
324,4,882.901639344262,459.245901639344,19.4563527240872,20.0059055391139,38.035881956779,305,False,4,0.008249361489976485,-1.492012365850584,2.061215309308495
325,4,882.803921568628,459.277777777778,19.624925664362,19.8765675161524,38.1299842277603,306,False,4,0.10278546529699825,2.8262702288761155,-1.9649027124528864
326,4,882.754901960784,459.179738562092,19.6152255085711,19.8757618723675,79.4185972045047,306,False,4,0.10961117536779126,-2.0344439358038198,1.422471142499651
327,4,882.526315789474,459.032894736842,19.4654399994764,19.9212882605315,37.1874317977194,304,False,4,0.27168869451671773,-2.5705784936669445,-0.5361345578631247
328,4,882.006535947713,458.986928104575,19.4263082549811,20.0867587029737,24.6119460687486,306,False,4,0.5218084085016518,-3.053387307592234,-0.48280881392528974
329,4,881.83552631579,458.733552631579,19.3829612296428,19.9880352953309,30.3402220987007,304,False,4,0.3056851722383034,-2.1644949848464203,0.8888923227458143
330,4,881.495114006515,458.605863192183,19.5106689454414,20.0455758924286,58.114768759612,307,False,4,0.36357273445521776,-2.7827323006252924,-0.6182373157788721
331,4,881.467532467532,458.590909090909,19.5666296122718,20.0482660820242,64.4075795080794,308,False,4,0.0313746145407812,-2.6447747116198435,0.13795758900544897
332,4,881.288524590164,458.495081967213,19.5686455290209,19.8607788427112,3.81241674816206,305,False,4,0.20304348744947479,-2.650087169092757,-0.005312457472913756
333,4,881.072131147541,458.422950819672,19.5469178096307,19.8874398626034,165.077221856633,305,False,4,0.22809871647125107,-2.8198420991930724,-0.16975493010031517
334,4,880.960264900662,458.195364238411,19.4725036978781,19.7601570948002,151.489680108646,302,False,4,0.2535935905358434,-2.0276471804181253,0.7921949187749471
335,4,880.762214983713,457.925081433225,19.6210600577489,19.9438949004727,45.9779669241742,307,False,4,0.335076952926828,-2.2031661818768837,-0.17551900145875843
336,4,880.431818181818,457.568181818182,19.6144659047162,19.9910841992532,44.9999999999988,308,False,4,0.4863531452764087,-2.317652620774007,-0.1144864388971234
337,4,879.880794701987,457.235099337748,19.3544365834203,19.8745079352014,32.5118668463964,302,False,4,0.6438717373026118,-2.597885801465346,-0.28023318069133873
338,4,879.651612903226,456.88064516129,19.7356410534099,20.0057826654433,111.567747568402,310,False,4,0.4220924781275852,-2.1447612181718303,0.45312458329351557
339,4,879.667731629393,456.789137380192,19.899570713765,20.0356433376503,165.313806670581,313,False,4,0.09291656114341111,-1.3964389669843884,0.7483222511874419
340,4,879.530546623794,456.508038585209,19.6100228358907,20.186195478097,39.5505387727384,311,False,4,0.31278788068288665,-2.0248231985567,-0.6283842315723116
341,4,879.427652733119,456.170418006431,19.6893025130602,20.1253703615755,19.8240812141002,311,False,4,0.3529515660152629,-1.8666160953332895,0.15820710322341025
342,4,879.135922330097,455.721682847896,19.8235595277822,19.8597738262052,71.6051368175576,309,False,4,0.5352288020583968,-2.147253867676632,-0.28063777234334264
343,4,878.615635179153,455.42345276873,19.6605523110663,19.8796526593731,29.3604221613083,307,False,4,0.5996998412179022,-2.6211100265003844,-0.4738561588237524
344,4,878.444444444444,455.078431372549,19.5869188183077,19.8983257310076,71.8325872026881,306,False,4,0.38515715165742703,-2.0313786597562404,0.589731366744144
345,4,877.790849673203,454.607843137255,19.5447944884035,19.9421710899672,30.843959459897,306,False,4,0.8053815320646392,-2.517569600612555,-0.48619094085631476
346,4,877.537216828479,454.423948220065,19.6676920853638,20.001113240637,54.7610890520274,309,False,4,0.3132841529523563,-2.514255763616585,0.0033138369959702096
347,4,877.308441558442,453.772727272727,19.5506642754333,20.0595099628521,56.1804052775084,308,False,4,0.6902368046056547,-1.908630652576179,0.6056251110404061
348,4,876.690789473684,453.532894736842,19.3658656545303,19.9880318990098,33.4353892047681,304,False,4,0.662581121882388,-2.7712154829529045,-0.8625848303767256
349,4,876.292207792208,453.399350649351,19.5528455174244,20.0622940746962,56.8229689863412,308,False,4,0.4203586327316832,-2.818299485685454,-0.047084002732549646
350,4,875.972972972973,452.780405405405,19.1817888270406,19.6449583889819,12.2072670411078,296,False,4,0.6964223465795424,-2.0469820220513433,0.7713174636341109
351,4,875.318327974277,452.389067524116,19.6440997565732,20.1686251502609,26.8382862788851,311,False,4,0.7626961463449429,-2.6028023852590207,-0.5558203632076775
352,4,875.019801980198,451.96699669967,19.4414634758663,19.873839410294,12.065100516252,303,False,4,0.5169734519193202,-2.186397413792338,0.41640497146668265
353,4,874.48,451.48,19.3807602190076,19.7193644251871,45.0000000000041,300,False,4,0.7270157930300963,-2.4075763268610775,-0.22117891306873938
354,4,874.059602649007,451.211920529801,19.2532011641304,19.9902898435248,31.4032454490602,302,False,4,0.4985985710610347,-2.5739262292168577,-0.16634990235578018
355,4,873.558139534884,450.75415282392,19.3836628474008,19.7817826084752,60.8828666606912,301,False,4,0.6789819786809412,-2.4017155699388035,0.17221065927805412
356,4,873.28338762215,450.351791530945,19.68257329935,19.8640899473861,129.063347450425,307,False,4,0.48721989248748526,-2.1699184133898233,0.23179715654898025
357,4,872.707641196013,449.840531561462,19.1848900467354,20.0179176554593,27.4036513960821,301,False,4,0.7699809761320615,-2.415449858257127,-0.2455314448673036
358,4,872.440397350994,449.476821192053,19.3491526026172,19.8846464004239,54.9585061302411,302,False,4,0.4513363551899787,-2.2044794433778265,0.21097041487930035
359,4,872.149350649351,448.964285714286,19.4730393297383,20.1631671957976,9.22892541140723,308,False,4,0.5894071585136126,-2.0872456516084674,0.11723379176935911
360,4,871.53074433657,448.621359223301,19.4446724948829,20.2606851589471,2.28269521265271,309,False,4,0.7072993343923255,-2.6354132732162885,-0.5481676216078211
361,4,870.979797979798,448.252525252525,19.1494771683854,19.7479398391679,167.90737934495,297,False,4,0.6630085867005902,-2.5516619264059788,0.08375134681030971
362,4,870.554098360656,447.636065573771,19.62573931505,19.800532297432,68.0804433550939,305,False,4,0.749161331935353,-2.1751555340513886,0.37650639235459016
363,4,870.037037037037,447.191919191919,19.1652351244449,19.7336215749833,178.059537480392,297,False,4,0.6816292400527632,-2.431907119371515,-0.25675158532012654
364,4,869.679738562092,446.709150326797,19.5986938666261,19.8815419158923,151.529281910316,306,False,4,0.6006063413994189,-2.207932925824538,0.22397419354697723
365,4,869.184210526316,446.332236842105,19.5241049031098,19.8315345856152,159.172608894539,304,False,4,0.6225847807188418,-2.4913229911880213,-0.2833900653634833
366,4,868.706451612903,445.777419354839,19.6839753250559,20.0604417578262,136.518088422606,310,False,4,0.7321721269767035,-2.2817050898586806,0.20961790132934066
367,4,868.086666666667,445.32,19.1243301637727,19.9698460520498,179.197464871349,300,False,4,0.7703024378528947,-2.505797015161062,-0.22409192530238142
368,4,867.711538461539,444.778846153846,19.7408787034158,20.1412755846982,156.16653789953,312,False,4,0.6584593043535878,-2.1769443865852396,0.3288526285758224
369,4,867.178217821782,444.442244224422,19.2184611169183,20.0679560124598,168.337768179731,303,False,4,0.6306597844185025,-2.5785876339654257,-0.4016432473801861
370,4,866.732258064516,443.906451612903,19.7348111132263,20.017055119919,176.237119637803,310,False,4,0.697103885844176,-2.264946030748453,0.3136416032169729
371,4,866.196721311475,443.498360655738,19.3292836935883,20.0828338697774,0.496093903169651,305,False,4,0.6733036782742116,-2.4904415581522055,-0.22549552740375267
372,4,865.729032258065,443.322580645161,19.6119762590822,20.1219275642007,34.3580735844162,310,False,4,0.49963152702568425,-2.7820787100784408,-0.2916371519262353
373,4,865.26498422713,442.908517350158,19.8958740409801,20.3159812951587,176.794778969909,317,False,4,0.6219236185283826,-2.4130561338706342,0.36902257620780654
374,4,864.508143322476,442.469055374593,19.7075499912624,19.8351512410594,104.743562836471,307,False,4,0.8751771151743307,-2.615520339001974,-0.2024642051313399
375,4,863.852459016394,441.8,19.4975614094037,19.9257083888469,132.006437441757,305,False,4,0.9367801254904748,-2.3461014774511137,0.26941886155086037
376,4,863.423948220065,441.462783171521,19.6676920853638,20.001113240637,144.76108905203,309,False,4,0.5452858809652381,-2.47485946606994,-0.12875798861882615
377,4,862.722222222222,441.045751633987,19.3780254452436,20.1266062638584,155.42771181643,306,False,4,0.8162932557278453,-2.6053793184796983,-0.13051985240975839
378,4,862.292604501608,440.607717041801,19.8783941874829,19.9262634911208,107.643936692224,311,False,4,0.6135517010139037,-2.346494052077602,0.2588852664020962
379,4,861.771523178808,440.155629139073,19.4207913584878,19.8162296440114,154.518490845701,302,False,4,0.6898617374256656,-2.4269716729670927,-0.08047762088949062
380,4,861.176282051282,439.666666666667,19.8968957679233,19.970300804227,123.677690436321,312,False,4,0.770322204872648,-2.453906949233754,-0.02693527626666148
381,4,860.522580645161,439.441935483871,19.5227547830732,20.2146531448699,127.554886527106,310,False,4,0.6912522208900252,-2.8104674033967876,-0.3565604541630334
382,4,860.144736842105,438.934210526316,19.432633511203,19.9385874638784,154.780368131192,304,False,4,0.6328906477679307,-2.2105686120302965,0.599898791366491
383,4,859.52614379085,438.630718954248,19.3776724346841,20.1124105374924,135.050613997388,306,False,4,0.6890315648627631,-2.6854804866620534,-0.4749118746317569
384,4,858.913621262458,437.97342192691,19.2926701366258,19.8885867728879,139.984007359335,301,False,4,0.8984560255989374,-2.3209485716169347,0.3645319150451187
385,4,858.439344262295,437.645901639344,19.3613346162661,20.0682012644345,136.112632357993,305,False,4,0.5763750616143918,-2.537225310765621,-0.2162767391486864
386,4,857.673139158576,437.462783171521,19.4024058583814,20.2822206706575,133.590398128799,309,False,4,0.787783367571898,-2.9069990441865348,-0.3697737334209137
387,4,856.961538461539,436.798076923077,19.7174277063959,20.1922385168059,143.557119273856,312,False,4,0.9737607245847976,-2.3902539811071732,0.5167450630793615
388,4,856.509615384615,436.48717948718,19.6933145779291,20.1701739819633,127.812938787151,312,False,4,0.5485359451337635,-2.5390043745735538,-0.14875039346638053
389,4,855.689768976898,435.976897689769,19.2769971472438,20.0177504993153,110.50131329648,303,False,4,0.9656788519044766,-2.5848569281180955,-0.04585255354454176
390,4,855.196721311475,435.740983606557,19.4162109408814,20.0253962031109,143.266730853876,305,False,4,0.546581608761947,-2.6953077313366554,-0.11045080321855982
391,4,854.477124183006,435.558823529412,19.6189308485112,19.8642737533251,111.179199624635,306,False,4,0.742295305795671,-2.8936592411672537,-0.19835150983059835
392,4,854.127450980392,435.421568627451,19.3694475622997,20.1451149049555,120.543342330094,306,False,4,0.3756464517849797,-2.76754822207294,0.12611101909431355
393,4,853.266666666667,435.013333333333,19.1956187891923,19.9007771308338,98.4266278215782,300,False,4,0.9526834154737472,-2.6987485242367812,0.06879969783615891
394,4,852.547231270358,434.589576547231,19.5249194481792,20.0320856203912,95.5343048217992,307,False,4,0.8349593422615071,-2.60929101667193,0.08945750756485138
395,4,851.936507936508,434.365079365079,19.5986421244322,20.4875729251647,97.7976541270812,315,False,4,0.650678088845091,-2.789332186911338,-0.18004117023940802
396,4,851.238410596027,434.062913907285,19.3148335904023,19.9138259888122,94.0792372377207,302,False,4,0.7606864404407088,-2.733099028425034,0.056233158486303836
397,4,850.575657894737,433.881578947368,19.1230112152371,20.2405209909319,110.824859692217,304,False,4,0.6871124440405516,-2.874520305699578,-0.141421277274544
398,4,849.996763754045,433.449838187702,19.2751275188767,20.4446186146399,109.431650155518,309,False,4,0.7221623845676722,-2.5007832926241056,0.37373701307547247
399,4,849.344155844156,433.058441558442,19.4965632177996,20.1362049963168,72.1774533529987,308,False,4,0.7609785840914031,-2.60136259210494,-0.10057929948083455
400,4,848.542207792208,433.029220779221,19.5813464290372,20.0469288358616,107.948030098586,308,False,4,0.8024802377388829,-3.1051715193750535,-0.5038089272701134
401,4,847.933121019108,432.68152866242,19.6021285241192,20.4172661352957,103.198588621982,314,False,4,0.701339080082563,-2.622889077066912,0.4822824423081413
402,4,847.372549019608,432.372549019608,19.6997844433042,19.7831379972847,44.999999999998,306,False,4,0.6400854523387053,-2.6378390620070364,-0.014949984940124228
403,4,846.537216828479,432.404530744337,19.5998455917698,20.0740152219521,51.3917269707095,309,False,4,0.8359441968534264,3.1033251090783174,-0.5420211360942329
404,4,846.112211221122,432.151815181518,19.415529706753,19.8880940720101,21.5490838101297,303,False,4,0.4944642777550502,-2.6051406367517242,0.5747195613495446
405,4,845.364820846906,431.908794788274,19.2813297259846,20.266955388015,69.4549478606056,307,False,4,0.785907935449962,-2.8272173304510866,-0.22207669369936234
406,4,844.509868421053,431.621710526316,19.4660409468352,19.888979826884,85.5680610590907,304,False,4,0.9018653025456884,-2.8176329551120087,0.009584375339077855
407,4,844.342019543974,431.42345276873,19.6953092954058,19.8589264364506,117.242342813169,307,False,4,0.2597679425559573,-2.273324540640738,0.5443084144712707
408,4,843.565079365079,431.368253968254,19.8199725142175,20.2371112662575,60.9803028438334,315,False,4,0.7788985486925242,-3.070665433466653,-0.7973408928259151
409,4,842.919871794872,431.163461538462,19.5995494222332,20.306478281821,97.7047666213006,312,False,4,0.6769289090831115,-2.8342449822493263,0.2364204512173269
410,4,842.513071895425,430.898692810458,19.4150909403508,20.0694475329258,94.2953242953358,306,False,4,0.4853747392674895,-2.564614922066294,0.26963006018303215
411,4,841.609523809524,430.765079365079,19.907227205222,20.1524052603829,128.369506249085,315,False,4,0.9133737987929006,-2.9947802128093746,-0.4301652907430804
412,4,841.084415584416,430.62012987013,19.6212195223256,20.0146173471628,65.5415403664029,308,False,4,0.5447467339618512,-2.872262261372507,0.12251795143686772
413,4,840.409836065574,430.485245901639,19.5520237215463,19.8653968806094,9.58380348804964,305,False,4,0.6879325636985714,-2.9442426143586298,-0.07198035298612293
414,4,839.794117647059,430.333333333333,19.5330660117957,19.9647586763059,45.7054576858095,306,False,4,0.634181834577425,-2.8996995657023548,0.04454304865627501
415,4,839.398713826367,430.212218649518,19.7445643654626,20.0589305622152,57.9928890820199,311,False,4,0.4135371181084133,-2.8443603457734046,0.05533921992895019
416,4,838.747540983607,430.134426229508,19.474049302151,19.9643136569878,88.4993388688939,305,False,4,0.6558031196626097,-3.022691080948218,-0.17833073517481335
417,4,838.135761589404,430.016556291391,19.0834734327841,20.1641911393259,70.9790183758821,302,False,4,0.6230307773161319,-2.9512575207571428,0.07143356019107516
418,4,837.622895622896,429.69696969697,18.9273378039413,20.0102131133135,49.2999592564463,297,False,4,0.6042905682995692,-2.58433297325918,0.36692454749796255
419,4,837.056478405316,429.734219269103,19.4633861297257,19.7232172788234,36.391281362413,301,False,4,0.5676407270404804,3.0759237253527236,-0.6229286085676833
420,4,836.432343234323,429.574257425743,19.5835552155153,19.7109340030179,13.9847271953358,303,False,4,0.6443077704030253,-2.8906994396313164,0.31656214219554624
421,4,835.737012987013,429.503246753247,19.6994926696488,19.9249854046061,66.8200568358291,308,False,4,0.6989468280437438,-3.039820385336194,-0.14912094570487744
422,4,835.374581939799,429.347826086957,19.4501113251565,19.5853525414294,78.0678627518849,299,False,4,0.39434990490007843,-2.736483930314746,0.3033364550214479
423,4,834.682119205298,429.254966887417,19.272376111536,19.9605092435203,54.6317398502485,302,False,4,0.6986611980150033,-3.008287997383732,-0.2718040670689863
424,4,834.34693877551,429.19387755102,19.007917367816,19.7006947915472,79.9368797491651,294,False,4,0.3407019629152463,-2.961313380334088,0.04697461704964434
425,4,833.684210526316,428.963815789474,19.4718940561382,19.8949182610648,87.3754167195627,304,False,4,0.701524872264335,-2.8074649205399456,0.1538484597941423
426,4,833.099667774086,429.0,19.2334611364696,19.9424775161998,92.195105962916,301,False,4,0.5856616141390346,3.0797698028729,-0.39595058376674075
427,4,832.602649006623,428.774834437086,19.2758490571811,19.9732836612246,54.5830201132463,302,False,4,0.5456438269905167,-2.716219915193052,0.48719558911363414
428,4,832.070234113712,428.765886287625,19.3690718076626,19.6699414260448,40.0037477010734,299,False,4,0.532490082135057,-3.1247875130741836,-0.4085675978811314
429,4,831.625,428.868421052632,19.369947822126,19.9964261913545,90.4891236118134,304,False,4,0.45688816361112544,2.915245012029514,-0.24315278207588875
430,4,831.15737704918,428.777049180328,19.5930089757581,19.8399608105083,176.689540156741,305,False,4,0.4764662036093793,-2.9486274613573578,0.41931283379271456
431,4,830.600660066007,428.722772277228,19.3900602828809,19.9184831475888,53.2687222336789,303,False,4,0.5593565781890919,-3.0444051993040264,-0.09577773794666866
432,4,830.343137254902,428.718954248366,19.4438791149759,20.0474187323431,25.1756306624749,306,False,4,0.25755111256565716,-3.126767756580467,-0.08236255727644037
433,4,829.943521594684,428.734219269103,19.4633861297257,19.7232172788234,143.608718637587,301,False,4,0.3999071101513522,3.1034119616665286,-0.05300558893259044
434,4,829.281967213115,428.616393442623,19.6173235588578,19.8034513995857,30.3691181772852,305,False,4,0.6719651219808975,-2.9653363127383687,0.21443703277468895
435,4,828.921568627451,428.614379084967,19.624330629627,19.8863468576692,125.628210320656,306,False,4,0.3604042149938273,-3.136003462176406,-0.1706671494380374
436,4,828.554098360656,428.531147540984,19.6432381414773,19.7717017666296,165.609183854952,305,False,4,0.37677829939134283,-2.918852169451313,0.21715129272509293
437,4,828.051446945338,428.48231511254,19.8271892759577,19.9879184695708,22.3303391137564,311,False,4,0.5050178723460899,-3.044746880795879,-0.12589471134456565
438,4,827.627450980392,428.408496732026,19.6004320411949,19.87948450221,24.4680643644291,306,False,4,0.4303739439047378,-2.969218813393269,0.07552806740260998
439,4,827.129139072848,428.172185430464,19.5582907381164,19.672575162827,158.10164802685,302,False,4,0.551505021233762,-2.6987779233868783,0.2704408900063906
440,4,826.746666666667,428.073333333333,19.2082209855553,19.8973538696611,103.230125093376,300,False,4,0.3950403505935902,-2.888671840901959,-0.1898939175150809
441,4,826.5,427.996598639456,19.057434586725,19.6527089189006,118.989941441839,294,False,4,0.25832664920407805,-2.8399959584397303,0.04867588246222887
442,4,826.108974358975,427.932692307692,19.4369399151587,20.4599496973832,152.710915736122,312,False,4,0.3962134162020638,-2.9795922898318112,-0.13959633139208094
443,4,825.761744966443,427.718120805369,19.3936240721259,19.5730369907515,168.715680878897,298,False,4,0.4081778786844639,-2.5880767809489513,0.3915155088828599
444,4,825.415584415584,427.733766233766,19.7078456942233,19.9014321409332,130.981645479938,308,False,4,0.3465139339199669,3.0964263628267985,-0.5986821634038364
445,4,825.128289473684,427.483552631579,19.5384813137055,19.8237253984766,139.846920967053,304,False,4,0.38097930437321287,-2.4250728008097266,0.7616861435430611
446,4,824.603896103896,427.522727272727,19.577229271967,20.0319343022791,146.832815528832,308,False,4,0.5258545985220295,3.067026476162481,-0.7910860302073779
447,4,824.567213114754,427.445901639344,19.5883913029162,19.8299016317524,143.405543196349,305,False,4,0.08513412733497079,-2.016269203443142,1.1998896275739632
448,4,824.545751633987,427.421568627451,19.5569598880789,19.9262022367442,141.715007489501,306,False,4,0.03244519416645339,-2.293571753148601,-0.27730254970545865
449,4,824.196721311475,427.196721311475,19.678731133292,19.7537541633846,134.999999999992,305,False,4,0.4151848763315532,-2.569301560002902,-0.27572980685430126
450,4,823.846153846154,426.948717948718,19.6109979114259,20.3031710415744,115.197770930673,312,False,4,0.42942195528449306,-2.525894797530641,0.04340676247226094
451,4,823.554487179487,426.663461538462,19.7091213036798,20.1557686080131,143.938991071867,312,False,4,0.40797140100359147,-2.367305144091367,0.15858965343927434
452,4,823.362459546926,426.443365695793,19.6566067288746,20.0137912616778,145.14050580109,309,False,4,0.2920903826338236,-2.288193188821824,0.07911195526954273
453,4,823.197368421053,426.342105263158,19.5629456484357,19.7978081468088,164.407705931892,304,False,4,0.19367177145729433,-2.591406881383108,-0.30321369256128383
454,4,822.915032679739,426.28431372549,19.551894015844,19.9437330770772,166.237201440972,306,False,4,0.28818975111782813,-2.9396907743856824,-0.34828389300257445
455,4,822.789473684211,426.036184210526,19.6090404219673,19.7662037863371,57.0268973539008,304,False,4,0.2780886864909818,-2.0392499288048525,0.9004408455808299
456,4,822.6875,425.894736842105,19.5855057365348,19.798585030231,142.509528385099,304,False,4,0.17437313527260237,-2.195431749568638,-0.1561818207637855
457,4,822.320132013202,425.633663366337,19.3950315709851,19.9095201379461,145.592424371034,303,False,4,0.45068680641168046,-2.523748564059531,-0.328316814490893
458,4,822.053511705686,425.394648829431,19.1106837752249,19.9337491284721,176.587293953712,299,False,4,0.3580702964954539,-2.4107365994203187,0.11301196463921226
459,4,821.961165048544,425.339805825243,19.7371847419705,19.9410720293847,2.1739568291967,309,False,4,0.10740419076399021,-2.6056839331216635,-0.19494733370134476
460,4,821.641693811075,425.156351791531,19.6496829504984,19.9237570069646,157.647119089707,307,False,4,0.3683982275407416,-2.620327672861729,-0.014643739740065609
461,4,821.433656957929,424.715210355987,19.686335795023,20.001597363379,54.7865468482551,309,False,4,0.48773465985178727,-2.0114568126508416,0.6088708602108874
462,4,821.263665594855,424.543408360129,19.8084677872587,19.9893819365014,16.7194371717239,311,False,4,0.24168779303174684,-2.350897091048346,-0.33944027839750435
463,4,820.8127090301,424.153846153846,19.0740713760441,19.9659172018033,69.7382606617542,299,False,4,0.5959199072523444,-2.429108412158522,-0.07821132111017581
464,4,820.726973684211,424.042763157895,19.3701360241699,19.9920269271142,78.15301193981,304,False,4,0.1403209945951016,-2.2281124802230945,0.2009959319354273
465,4,820.353697749196,423.720257234727,19.5913294051478,20.2076051080725,59.3148213194154,311,False,4,0.4933001055541443,-2.429033688118546,-0.20092120789545165
466,4,820.270440251573,423.496855345912,20.0523871011999,20.1859739624347,82.5531941658907,318,False,4,0.23841185968101206,-1.9275317958058227,0.5015018923127235
467,4,820.0,423.033444816054,19.1535468592391,19.8778880865802,90.0,299,False,4,0.5365512546384995,-2.0990598426102074,-0.17152804680438472
468,4,819.677524429967,422.687296416938,19.6118821788184,19.9348064287154,106.587735691358,307,False,4,0.4730847783206242,-2.3208039776845295,-0.2217441350743221
469,4,819.5,422.5,19.8029251413988,19.8029251413988,0.0,308,False,4,0.25805982064807814,-2.3294151791715865,-0.008611201487056963
470,4,819.22,422.146666666667,19.3225099653439,19.7889370826583,68.7187773344479,300,False,4,0.45082640167164356,-2.240918364221788,0.08849681494979844
471,4,818.651757188498,421.600638977636,19.7354345833711,20.1955609202962,25.720523004392,313,False,4,0.7880648006428732,-2.3761287698852964,-0.1352104056635084
472,4,818.472491909385,421.411003236246,19.4544676910289,20.2233419210624,56.2893547057286,309,False,4,0.26095546498968325,-2.3280901175634603,0.04803865232183613
473,4,818.28431372549,420.830065359477,19.5058006077736,19.980146594099,69.3487924889779,306,False,4,0.6106552591756809,-1.8840523187494673,0.44403779881399297
474,4,818.006451612903,420.745161290323,19.332821875734,20.4482586133651,59.9712745400695,310,False,4,0.29054441066771397,-2.8450410612891295,-0.9609887425396622
475,4,817.789473684211,420.371710526316,19.0947089977622,20.2718013945748,45.0497715482043,304,False,4,0.43190843320878974,-2.097134150053785,0.7479069112353445
476,4,817.423076923077,419.910256410256,19.6070821747926,20.2814888862804,25.5555014260473,312,False,4,0.5892253285443236,-2.241870924309553,-0.14473677425576792
477,4,817.084967320261,419.460784313725,19.2333237946589,20.2688931037119,34.6618644835261,306,False,4,0.5624440141706674,-2.215727666132457,0.02614325817709595
478,4,816.8,419.275409836066,19.3081580626377,20.1073458569152,33.217411885251,305,False,4,0.33995598330384696,-2.564858040652914,-0.34913037452045703
479,4,816.444078947368,418.726973684211,19.2105273288826,20.1514598048635,42.1746315296329,304,False,4,0.6538057879586157,-2.1464502638342107,0.41840777681870334
480,4,816.202614379085,418.290849673203,19.4483888696663,20.0583665278141,30.6250750226548,306,False,4,0.4985070618494162,-2.076445435418374,0.07000482841583677
481,4,815.822006472492,417.7928802589,19.5931723280594,20.1123481126612,30.2917430778098,309,False,4,0.6267662372387133,-2.2233993225775244,-0.14695388715915048
482,4,815.549019607843,417.43137254902,19.4513939524392,20.0323282921799,23.1302388247074,306,False,4,0.45300072027935623,-2.2175752856748145,0.005824036902709828
483,4,815.238410596026,417.208609271523,19.3045828032114,19.945095485989,41.06197339425,302,False,4,0.3822321755466245,-2.5194278015856355,-0.30185251591082096
484,4,815.055555555556,416.679738562092,19.2589685494038,20.2585341381591,27.256040825284,306,False,4,0.5595893075456144,-1.903676558610579,0.6157512429750565
485,4,814.612377850163,416.400651465798,19.7358362907348,19.808857992506,8.74131408028637,307,False,4,0.5237328382631474,-2.579591463202255,-0.6759149045916759
486,4,814.325806451613,415.774193548387,19.5594757724468,20.1976471701914,3.41068782132854,310,False,4,0.688892363692502,-1.9998260319551326,0.5797654312471225
487,4,813.686274509804,415.535947712418,19.354927772974,20.137447861122,156.311038097341,306,False,4,0.6824677156836912,-2.7849878438914395,-0.7851618119363071
488,4,813.645901639344,415.124590163935,19.4476094642771,19.9952834997039,16.7340700382226,305,False,4,0.4133340070247489,-1.6686284530095488,1.1163593908818905
489,4,813.229508196721,414.609836065574,19.1892476356688,20.2400977705718,9.73931865641985,305,False,4,0.6620840436371256,-2.2509509825632232,-0.5823225295536743
490,4,812.68284789644,414.388349514563,19.7004195485285,19.976698120038,146.759270850041,309,False,4,0.5898252081609163,-2.7566433162812367,-0.5056923337180135
491,4,812.265573770492,413.832786885246,19.0796086369951,20.3788522208387,172.616634268945,305,False,4,0.6948147460145748,-2.2149907473083603,0.5416525689728764
492,4,811.986885245902,413.422950819672,19.1330365275354,20.3034276925983,153.134196082693,305,False,4,0.4956136543551636,-2.167972984886956,0.04701776242140454
493,4,811.394904458599,413.184713375796,19.6800063625484,20.3253836549526,137.846051499764,314,False,4,0.6381209385379678,-2.7589835880095737,-0.5910106031226179
494,4,810.854368932039,412.789644012945,19.3475584126546,20.3434124016541,161.702925162827,309,False,4,0.6695210653421182,-2.5104377368403004,0.2485458511692733
495,4,810.519480519481,412.435064935065,19.3892486619959,20.2268721411242,134.946998028032,308,False,4,0.48772591825316325,-2.3276430141897153,0.18279472265058505
496,4,810.13141025641,411.942307692308,19.3080913001365,20.587433458162,159.508847142374,312,False,4,0.6272226314231819,-2.2378986870478266,0.08974432714188874
497,4,809.744336569579,411.559870550162,19.3735241088963,20.304883903558,139.081622054129,309,False,4,0.5441362023701631,-2.362219731686849,-0.12432104463902238
498,4,809.434504792332,411.063897763578,19.6404125138484,20.3125446158285,169.712311601519,313,False,4,0.5847946094347561,-2.12917636937752,0.2330433623093291
499,4,808.772727272727,410.691558441558,19.5506642754333,20.0595099628521,146.180405277506,308,False,4,0.7593326386879051,-2.629100501183605,-0.4999241318060852
500,4,808.397435897436,410.426282051282,19.693332696635,20.1690154066547,125.661042785744,312,False,4,0.4595815266149078,-2.5262811651011674,0.10281933608243765
501,4,807.636075949367,409.876582278481,19.8571598114282,20.2662983030663,10.8983162247768,316,False,4,0.9390627299287223,-2.516255494849921,0.010025670251246233
502,4,807.439739413681,409.648208469055,19.5427266276786,20.0059755518972,133.399542028485,307,False,4,0.30116877672978093,-2.2809038483249178,0.2353516465250034
503,4,806.845161290323,409.329032258065,19.5928655691738,20.1636198307243,99.807512548879,310,False,4,0.6748307924493978,-2.6489315370695414,-0.36802768874462366
504,4,806.408360128617,408.87459807074,19.6535717467637,20.1515324580451,91.0302136549561,311,False,4,0.6303218903682678,-2.336412144932057,0.31251939213748425
505,4,805.938511326861,408.640776699029,19.3460516994124,20.3565296495876,110.502030857513,309,False,4,0.5248145676144842,-2.6798249082997616,-0.34341276336770443
506,4,805.44262295082,408.24262295082,19.4004321573173,20.0178407841199,106.486657607672,305,False,4,0.6359494387963632,-2.465079823213631,0.21474508508613077
507,4,804.878594249201,408.003194888179,19.8179450331131,20.15555229914,15.2205031353762,313,False,4,0.612743154535454,-2.740148773441617,-0.27506895022798616
508,4,804.57928802589,407.563106796117,19.5869570573431,20.0918379926928,139.364299560479,309,False,4,0.532223396786965,-2.1680449543311613,0.5721038191104557
509,4,803.987460815047,407.272727272727,20.0371580136686,20.2956968758741,131.313832483609,319,False,4,0.6592266037550313,-2.6854536613980295,-0.5174087070668683
510,4,803.666666666667,407.009708737864,19.5956739817028,20.1017762388718,44.8298714032496,309,False,4,0.41483446736786284,-2.454835896049447,0.23061776534858236
511,4,803.100323624595,406.708737864078,19.6878638918417,20.0193044987605,77.4343460568728,309,False,4,0.641348507576661,-2.653119446164391,-0.1982835501149438
512,4,802.508143322476,406.469055374593,19.7075499912624,19.8351512410594,104.743562836471,307,False,4,0.6388467781741449,-2.757001777475204,-0.10388233131081304
513,4,802.186274509804,406.294117647059,19.4519321848975,20.0514878527366,117.881012309852,306,False,4,0.36633692290795117,-2.6437486753751265,0.11325310210007755
514,4,801.540453074434,406.097087378641,19.3124562621866,20.371729783251,107.583111930003,309,False,4,0.6752083034561874,-2.8454775077147345,-0.20172883233960803
515,4,800.986885245902,405.698360655738,19.438568969361,20.0108551402236,128.575945981677,305,False,4,0.6822172237217298,-2.5173817862344654,0.3280957214802691
516,4,800.53074433657,405.36569579288,19.5344398048737,20.1471526872653,107.853626277166,309,False,4,0.5645621667687024,-2.5114698422743604,0.005911943960104971
517,4,799.97385620915,405.212418300654,19.3823316033167,20.1357530341767,96.9814756916175,306,False,4,0.5775970707028371,-2.8730039912476957,-0.36153414897333525
518,4,799.314569536424,405.016556291391,19.2496065244806,19.9734285156631,98.1752499099452,302,False,4,0.6877651077996604,-2.8528153391056232,0.02018865214207244
519,4,798.85342019544,404.781758957655,19.3544016864333,20.2103352393031,114.632247788266,307,False,4,0.517482852488375,-2.6706464484366657,0.18216889066895758
520,4,798.218241042345,404.495114006515,19.3932856821725,20.1863769303124,108.451247651288,307,False,4,0.6968628879058871,-2.7176730842119077,-0.04702663577524202
521,4,797.525974025974,404.113636363636,19.4965152123471,20.1328295643311,102.242259668093,308,False,4,0.7904168608852093,-2.6379393327581373,0.07973375145377037
522,4,797.222950819672,404.032786885246,19.5623434272409,19.8797345609432,46.100784749594,305,False,4,0.3136235031268102,-2.8808568906138183,-0.24291755785568103
523,4,796.555921052632,403.789473684211,19.3085419986856,20.0446863541775,104.162332964231,304,False,4,0.7100211432874889,-2.7918197776699003,0.08903711294391803
524,4,796.026058631922,403.631921824104,19.623051777963,19.9370737842667,114.499181394728,307,False,4,0.5527899904157978,-2.8525735564184855,-0.06075377874858523
525,4,795.5,403.5,19.6781800284165,20.179959594379,135.0,312,False,4,0.5423477223097022,-2.895885658472776,-0.04331210205429059
526,4,794.909090909091,403.298701298701,19.7696346267081,19.8465984529765,142.43630939667,308,False,4,0.6242553330677817,-2.8132632467396674,0.08262241173310869
527,4,794.467105263158,402.940789473684,19.3242675421901,20.0361334886923,103.689120849916,304,False,4,0.5687285694404618,-2.4609157401679242,0.3523475065717432
528,4,793.826666666667,403.003333333333,19.3658741927228,19.7261762098675,97.949552640804,300,False,4,0.6434852991756149,3.0442434901773416,-0.7780260768343208
529,4,793.487012987013,402.811688311688,19.7085395739541,19.909946910856,109.94124073142,308,False,4,0.3899903029869192,-2.6278850097511866,0.6110568072510585
530,4,792.668831168831,402.474025974026,19.57298902311,20.0444978044938,71.0087870919643,308,False,4,0.8851199590331983,-2.7501875254650257,-0.1223025157138391
531,4,792.341137123746,402.531772575251,19.4567963110113,19.5784097948854,74.9534101912036,299,False,4,0.33274323003971595,2.967162429698199,-0.5658353520163608
532,4,791.724025974026,402.441558441558,19.5778268115311,20.0429832700415,69.4805585196943,308,False,4,0.6236703945408498,-2.9964330682396256,0.31958980924176217
533,4,791.195439739414,402.332247557003,19.4957283772954,20.0813117761647,85.0882024190028,307,False,4,0.5397705780268136,-2.937668622583385,0.05876444565624084
534,4,790.737012987013,402.262987012987,19.5879634390181,20.0173899772447,44.9999999999964,308,False,4,0.46362928107953016,-2.9916435886593273,-0.05397496607594254
535,4,790.264516129032,402.08064516129,19.2864300481357,20.4875349777251,66.7579992442612,310,False,4,0.5064600988056438,-2.7732904403067558,0.21835314835257158
536,4,789.866220735786,402.006688963211,19.1375804381292,19.8918748392374,80.2599662318467,299,False,4,0.40510336892614823,-2.9580017483784644,-0.18471130807170866
537,4,789.635179153095,402.091205211726,19.2813297259847,20.266955388015,69.4549478606052,307,False,4,0.2460146523998139,2.7909073060993053,-0.534276252701817
538,4,789.071661237785,401.745928338762,19.3552320510994,20.2093132037412,42.0006347183571,307,False,4,0.6608846797128806,-2.5918750273723363,0.9004029737079442
539,4,788.681967213115,401.780327868852,19.3737249721773,20.0687223166868,55.0669253778778,305,False,4,0.39120935639874677,3.053547688753711,-0.6377625910535389
540,4,788.0,401.775974025974,19.5192635353494,20.1155886636838,59.4913423160141,308,False,4,0.6819811109639112,-3.1352084995664855,0.09442911885938976
541,4,787.677631578947,401.743421052632,19.3162063690973,20.0620012585518,40.9003649386064,304,False,4,0.32400786250590313,-3.0409531530937137,0.09425534647277178
542,4,787.1961414791,401.755627009646,19.4865116722217,20.3349130108163,57.6001885241437,311,False,4,0.4816447878231986,3.1162477018667065,-0.125984452219166
543,4,786.954545454546,401.659090909091,19.5101127046809,20.1257883286989,56.9394480496317,308,False,4,0.2601689024281767,-2.7614513922562156,0.40548621305666366
544,4,786.621710526316,401.667763157895,19.154815706439,20.2272724431104,44.6448761501521,304,False,4,0.33294788984041934,3.1155428422917284,-0.40619107263164267
545,4,786.106796116505,401.653721682848,19.4244774056347,20.2771966495134,56.1232113205498,309,False,4,0.5151058264593813,-3.1143298778937427,0.05331258699411556
546,4,785.733552631579,401.83552631579,19.3829612296428,19.9880352953309,59.6597779012977,304,False,4,0.41516698278998637,2.688323112351765,-0.48053231693407916
547,4,785.287096774194,401.712903225806,19.7140853526184,20.0243680893488,44.9999999999949,310,False,4,0.4629894758961535,-2.873543556427499,0.721318638400323
548,4,785.131832797428,401.710610932476,19.5967699101648,20.2249736468607,52.3652054185966,311,False,4,0.1552808973759478,-3.1268298808705373,-0.25328632444303834
549,4,784.777777777778,401.820261437909,19.4240580050947,20.0942289454959,67.9531510789506,306,False,4,0.370645639770739,2.841261565607626,-0.315093860701424
550,4,784.601941747573,401.73139158576,19.6831664675854,19.9942510627555,102.127279394147,309,False,4,0.19701817210410075,-2.6736238615418055,0.7682998800301544
551,4,784.287096774194,401.712903225806,19.7140853526184,20.0243680893488,44.9999999999949,310,False,4,0.31538734393736106,-3.0829379049806405,-0.40931404343883493
552,4,783.735294117647,401.764705882353,19.5802427678996,19.9140140867836,152.624697342984,306,False,4,0.5542289120910835,3.0479880428704655,-0.15225935932848067
553,4,783.575163398693,401.686274509804,19.7371446642827,19.7612104685423,107.507822965475,306,False,4,0.17830683484552723,-2.6861415823382395,0.5490556819708807
554,4,783.159609120521,401.791530944625,19.5541391459184,20.0211237234748,123.502984140225,307,False,4,0.42867735556971137,2.8935183607477226,-0.7035253640936237
555,4,783.114006514658,401.827361563518,19.599817142391,19.9777432779287,137.282345280404,307,False,4,0.05799509385943515,2.475623416202536,-0.4178949445451865
556,4,782.71009771987,401.879478827362,19.497573823008,20.0708944981874,70.5402565061789,307,False,4,0.4072573187772822,3.0132694259031276,0.5376460097005915
557,4,782.349358974359,401.788461538462,19.7685866547884,20.1053845013127,2.17738205948245,312,False,4,0.3720438003670048,-2.8944428919892005,0.3754729892872586
558,4,782.114379084967,401.630718954248,19.665003900613,19.8377651818803,36.0134385391514,306,False,4,0.2830163799026202,-2.550387498939596,0.3440553930496044
559,4,781.947540983607,401.626229508197,19.5343709123423,19.8967301702582,145.570006753807,305,False,4,0.16689849367579496,-3.1146901481606135,-0.5643026492210175
560,4,781.627450980392,401.591503267974,19.6004320411949,19.8794845022099,155.531935635571,306,False,4,0.32196820016610955,-3.033526319171704,0.08116382898890961
561,4,781.477124183007,401.558823529412,19.6189308485112,19.8642737533251,111.179199624635,306,False,4,0.1538379385083879,-2.927531970025532,0.1059943491461719
562,4,781.185667752443,401.547231270358,19.705838982659,19.8516850606032,24.8332109472995,307,False,4,0.2916868721542091,-3.1018400494347813,-0.1743080794092493
563,4,780.834415584416,401.652597402597,19.563107586013,20.0662745198125,104.030342364656,308,False,4,0.36671529469971087,2.8501607196854946,-0.33118453805931125
564,4,780.537216828479,401.576051779935,19.6676920853638,20.001113240637,125.238910947972,309,False,4,0.3068979193138747,-2.889514255075107,0.5435103324189843
565,4,780.424437299035,401.443729903537,19.7245435763929,20.0737317111309,126.695844671579,311,False,4,0.17386288055560686,-2.2766311234442513,0.6128831316308556
566,4,780.338658146965,401.361022364217,19.6667062126405,20.2576831194061,140.375582137555,313,False,4,0.11915787842281851,-2.374423066611358,-0.0977919431671066
567,4,780.210862619808,401.332268370607,19.899570713765,20.0356433376503,104.686193329415,313,False,4,0.13099041533584385,-2.9202782112444363,-0.5458551446330784
568,4,779.880258899676,401.385113268608,19.6823902717153,20.0014840211128,126.757135380487,309,False,4,0.33480054212896415,2.983089864083283,-0.37981723185186667
569,4,779.688311688312,401.373376623377,19.7000623677129,19.9158747717309,102.142604751217,308,False,4,0.1923056962019868,-3.0805235130292656,0.2195719300670378
570,4,779.424437299035,401.443729903537,19.7245435763929,20.0737317111309,126.695844671579,311,False,4,0.27309206752583465,2.8810370488107826,-0.32162474533953755
571,4,779.342019543974,401.361563517915,19.7243102142749,19.8247539991244,90.02693390551,307,False,4,0.11637869768776413,-2.3577217894969733,1.0444264688718299
572,4,779.388349514563,401.31715210356,19.7004195485286,19.976698120038,56.7592708500383,309,False,4,0.06417818866086848,-0.7642581904213209,1.593463599075653
573,4,779.191558441559,401.334415584416,19.6787298350712,19.9579354972456,95.484912971554,308,False,4,0.19754684048426932,3.0540917353748966,-2.4648353813833683
574,4,779.029126213592,401.2071197411,19.7284022555457,19.9842875045845,100.178829162646,309,False,4,0.20636971775880322,-2.4768788095985133,0.7522147622061759
575,4,778.987301587302,400.952380952381,19.8534943227629,20.2488462638688,50.5098263382543,315,False,4,0.2581494719000955,-1.733530735241102,0.743348074357411
576,4,778.869426751592,400.78025477707,19.6587291157039,20.379952781125,38.4631847548694,314,False,4,0.20861902387094167,-2.1712591352729738,-0.4377284000318715
577,4,778.522875816994,400.558823529412,19.6189308485112,19.8642737533251,68.8208003753655,306,False,4,0.411253386259765,-2.5730195298461997,-0.401760394573226
578,4,778.469255663431,400.511326860841,19.7708556059566,19.904195501581,69.77514056883,309,False,4,0.0716313785533992,-2.4166791421940963,0.15634038765210345
579,4,778.362179487179,400.330128205128,19.6397030048155,20.2618383218584,99.6122956711637,312,False,4,0.21047151910162495,-2.104521875632793,0.31215726656130327
580,4,778.236245954693,400.26213592233,19.6697165369278,20.0343501326857,98.2840678732015,309,False,4,0.14311605474048952,-2.6465320909548415,-0.5420102153220485
581,4,778.012861736335,400.08038585209,19.741683536607,20.1083661535607,66.9518719172282,311,False,4,0.2879819387455659,-2.458601287676714,0.18793080327812772
582,4,777.875409836066,399.816393442623,19.5630731775362,19.8796393821631,45.6677613876868,305,False,4,0.29763235231366786,-2.050839804837709,0.40776148283900504
583,4,777.627450980392,399.627450980392,19.6997844433042,19.7831379972847,45.0,306,False,4,0.31174163684216843,-2.490461253616476,-0.4396214487787673
584,4,777.685245901639,399.403278688525,19.3605600526139,20.0693341760946,56.7475534626465,305,False,4,0.23150263359804357,-1.318476245081902,1.1719850085345742
585,4,777.524429967427,399.188925081433,19.5615644181876,19.9849064841934,81.6011289368919,307,False,4,0.26797244927384944,-2.2144488806888467,-0.8959726356069444
586,4,777.48231511254,399.077170418006,19.824627437652,19.9839871583253,113.049390543445,311,False,4,0.11942682194477341,-1.9311887892676147,0.28326009142123176
587,4,777.414556962025,398.674050632911,19.8599106497398,20.2520863067856,45.6700311857992,316,False,4,0.40877466665174594,-1.737324110476263,0.1938646787913516
588,4,777.397435897436,398.573717948718,19.693332696635,20.1690154066547,54.3389572142565,312,False,4,0.10178299646814254,-1.7398113021102517,-0.0024871916339890277
589,4,777.201954397394,398.14657980456,19.5939009805181,19.9666163075068,104.576894423122,307,False,4,0.4697446232298958,-1.999997099530887,-0.2601857974206352
590,4,776.805111821086,397.79552715655,19.6674611740324,20.2893748345727,43.0063954711535,313,False,4,0.5298320413542631,-2.4173432186723014,-0.4173461191414143
591,4,776.545161290323,397.454838709677,19.7402487156276,19.9919151192495,44.9999999999927,310,False,4,0.428535758457474,-2.222575384231608,0.19476783444069357
592,4,776.530944625407,397.364820846906,19.5404880793364,20.0028923336148,64.9784548775438,307,False,4,0.09113357876870606,-1.7274341681085301,0.49514121612307793
593,4,776.349514563107,396.847896440129,19.6473989309439,20.02339965846,76.0107068984981,309,False,4,0.5478391276898176,-1.9083438168310458,-0.18090964872251547
594,4,776.287096774194,396.712903225806,19.7140853526184,20.0243680893488,44.9999999999949,310,False,4,0.14872507618439548,-2.0038953566604323,-0.09555153982938647
595,4,776.086816720257,396.35691318328,19.7726993033086,20.038240774399,46.2933016641642,311,False,4,0.4084617612244761,-2.0832618677642634,-0.07936651110383108
596,4,776.018927444795,396.217665615142,20.0060826258292,20.2096847744344,75.5073271557478,317,False,4,0.15491558654671983,-2.0244293360506442,0.05883253171361913
597,4,775.666666666667,395.565359477124,19.5245244665574,19.9563024215286,172.595259428109,306,False,4,0.7413440183230385,-2.065947944095444,-0.04151860804479979
598,4,775.5,395.5,19.8029251413988,19.8029251413988,0.0,308,False,4,0.1790241297361904,-2.767865833625857,-0.7019178895304128
599,4,775.309148264984,394.98738170347,19.7254085520238,20.4785311575093,11.2478196069773,317,False,4,0.5469935124806651,-1.9272045309920018,0.8406613026338547
600,4,775.268370607029,394.808306709265,19.6902389130484,20.2596137554118,25.9111510760874,313,False,4,0.18365911613041508,-1.7946912911347062,0.13251323985729568
601,4,775.006389776358,394.562300319489,19.7079083239559,20.2336701971301,77.6049916397524,313,False,4,0.3593787687798704,-2.3876306715495503,-0.592939380414844
602,4,774.896774193548,394.277419354839,19.7877927542606,19.969559843657,58.7276591464047,310,False,4,0.30524210065891433,-1.9381107578126773,0.4495199137368733
603,4,774.522435897436,393.820512820513,19.7692789618881,20.11086713318,176.919110597316,312,False,4,0.5906714323935655,-2.257188426923661,-0.31907766911098356
604,4,774.426282051282,393.602564102564,19.693332696635,20.1690154066547,35.6610427857451,312,False,4,0.23821672020627205,-1.986288422736025,0.27090000418763616
605,4,774.263492063492,393.15873015873,19.8293748283849,20.2561223350118,162.657478627749,315,False,4,0.4727463905984708,-1.9223421588632061,0.06394626387281876
606,4,773.951923076923,392.810897435898,19.5799057467768,20.3209554191207,170.257457192361,312,False,4,0.46697198680899876,-2.3012549248521714,-0.3789127659889653
607,4,773.915584415584,392.525974025974,19.5846905033382,20.048079141009,42.9735369808454,308,False,4,0.2872313489691652,-1.6976498332105698,0.6036050916416018
608,4,773.809210526316,392.483552631579,19.3269246146127,20.0286396095358,32.5463124288114,304,False,4,0.11452064888233024,-2.762125345096679,-1.0644755118861093
609,4,773.571428571429,392.003174603175,19.695963783325,20.3745852639928,3.27901640845533,315,False,4,0.5360068173476656,-2.0304272982808387,0.7316980468158403
610,4,773.433656957929,391.750809061489,19.6940545493905,20.0054845882973,175.569117299909,309,False,4,0.2875228410350616,-2.0705023667820663,-0.04007506850122766
611,4,773.296774193548,391.38064516129,19.6227750964708,20.1149893196119,149.730523543444,310,False,4,0.3946621392978239,-1.924991177609627,0.14551118917243944
612,4,773.214285714286,391.298701298701,19.57169977679,20.0423403180667,158.521317620326,308,False,4,0.1162718617162159,-2.3595065799882873,-0.4345154023786604
613,4,773.110749185668,390.944625407166,19.5431240033987,20.0350707119918,174.149478702099,307,False,4,0.36890317120430655,-1.855278469837733,0.5042281101505544
614,4,772.95498392283,390.617363344051,19.6990452305389,20.1244588187426,156.442321595204,311,False,4,0.3624407193752778,-2.0150316597259734,-0.1597531898882405
615,4,772.71935483871,390.435483870968,19.6866672905492,20.0563389851842,132.745918537141,310,False,4,0.29765955051393744,-2.484229197226697,-0.4691975375007238
616,4,772.654952076677,390.303514376997,19.7081476909012,20.2231753939295,140.258315179085,313,False,4,0.1468457118763122,-2.0248080244964575,0.45942117273023975
617,4,772.56050955414,389.904458598726,19.9526023799427,20.050442274698,48.0704058164952,314,False,4,0.4100791438668718,-1.803185532190806,0.22162249230565134
618,4,772.382911392405,389.857594936709,19.8508950138736,20.2698420929537,11.8598492708481,316,False,4,0.18367718930038188,-2.8835986749714166,-1.0804131427806105
619,4,772.198697068404,389.511400651466,19.5056705378742,20.0368374108947,4.59693910245208,307,False,4,0.3921548167523629,-2.0598027346547307,0.8237959403166859
620,4,771.901898734177,389.427215189873,19.9273948408157,20.1921638812292,138.197487645548,316,False,4,0.3085067959438539,-2.8652068458847118,-0.805404111229981
621,4,771.759375,388.921875,19.9666974401233,20.4403260941349,136.840603191381,320,False,4,0.5250540184634709,-1.8456912944612611,1.019515551423451
622,4,771.635782747604,388.766773162939,19.9054639640854,20.0284185201689,84.8496222398746,313,False,4,0.19832202276097574,-2.2436110344797138,-0.39791974001845265
623,4,771.571428571429,388.659090909091,19.6488945845434,19.969601889507,56.8387282611752,308,False,4,0.12544691221767676,-2.109471568585023,0.1341394658946906
624,4,771.415335463259,388.539936102236,19.7867671878337,20.1397321818494,134.349898696356,313,False,4,0.19637445458821534,-2.4895975650553237,-0.38012599647030054
625,4,771.387820512821,388.554487179487,19.7043697409805,20.1634790338001,138.78338175169,312,False,4,0.03112565415809226,2.65513810943091,-1.1384496326933515
626,4,770.965517241379,388.401253918495,19.9996134428957,20.3228715474032,127.417782018752,319,False,4,0.44924434926318296,-2.793515265005516,0.8345319327431602
627,4,770.751552795031,388.015527950311,19.9318586569238,20.5801652321433,158.201933703165,322,False,4,0.44109557562104434,-2.0772452843539218,0.7162699806515942
628,4,770.578616352201,387.90251572327,19.926783126624,20.3239344589261,28.7782568508383,318,False,4,0.20658842348844858,-2.5627679535544368,-0.485522669200515
629,4,770.427672955975,387.839622641509,19.9639553000938,20.2888412458821,153.855323135839,318,False,4,0.16352201257825963,-2.746801533888855,-0.1840335803344182
630,4,770.015527950311,387.562111801242,20.023246850976,20.4805079679268,100.566225642651,322,False,4,0.4968659498893716,-2.5489890729031286,0.19781246098572636
631,4,769.840490797546,387.441717791411,20.2119913555131,20.5619334335288,132.897924416614,326,False,4,0.21244463384912105,-2.539088218393869,0.009900854509259815
632,4,769.464882943144,387.491638795987,19.3970442396974,19.6423211817322,126.611298056492,299,False,4,0.37891076388294187,3.0094597918274535,-0.7346372969582635
633,4,769.366013071895,387.300653594771,19.4379440884212,20.0512773496568,133.597582774818,306,False,4,0.2150595232122651,-2.0484903820191276,1.2252351333330047
634,4,769.192429022082,387.11356466877,19.8324457671388,20.3965779360921,147.403489068154,317,False,4,0.2552130258856497,-2.318768425498982,-0.2702780434798546
635,4,768.890675241158,387.118971061093,19.889181275282,19.9469442633055,106.294356428863,311,False,4,0.3018022090375016,3.1236780016914296,-0.8407388799891748
636,4,768.644012944984,387.029126213592,19.7679441009043,19.9167230549648,172.266756724549,309,False,4,0.2625154947356719,-2.7922865647145887,0.36722074077356837
637,4,768.509677419355,386.754838709677,19.8267687015846,19.9256832674799,7.03812724031293,310,False,4,0.3054172035919705,-2.0262198335792414,0.7660667311353473
638,4,768.256493506494,386.681818181818,19.6127465208841,20.016685951846,147.279907146421,308,False,4,0.26350349375360893,-2.8608034003576135,-0.8345835667783721
639,4,768.161290322581,386.645161290323,19.477943339587,20.289792906895,138.260152497568,310,False,4,0.1020165374891131,-2.774050278481122,0.08675312187649142
640,4,767.663430420712,386.63430420712,19.5227104331583,20.1765410118384,125.492900520565,309,False,4,0.49797827075554146,-3.1197886027679784,-0.34573832428685636
641,4,767.35691318328,386.456591639871,19.5123750587751,20.2949989298235,124.944349640834,311,False,4,0.3543085849950087,-2.6161734889946753,0.5036151137733031
642,4,767.206451612903,386.477419354839,19.5085220400531,20.2492142848831,125.410256542554,310,False,4,0.15189627339431597,3.0040412983272056,-0.6629705198577049
643,4,767.258899676375,386.433656957929,19.3987916920141,20.2861482936889,137.89471567816,309,False,4,0.06830773561808554,-0.6953644501948341,2.5837795586575467
644,4,766.848874598071,386.40192926045,19.7928640116971,20.0345299442882,100.293005874646,311,False,4,0.41125078920958774,-3.0643666473699467,-2.3690021971751127
645,4,766.720257234727,386.501607717042,19.6510163753729,20.1580623002562,132.886936320021,311,False,4,0.16272129812083766,2.4822825852549335,-0.7365360745547065
646,4,766.423948220065,386.446601941748,19.7248452222023,19.9441636481648,150.176595481254,309,False,4,0.3013713116500644,-2.9580454983257303,0.8428572235989229
647,4,766.14375,386.43125,19.9703223033916,20.4029404032522,100.776209075915,320,False,4,0.28061846810756785,-3.0868578030221547,-0.12881230469642446
648,4,766.0,386.5,19.7857026475629,20.3456062151318,109.894520142508,316,False,4,0.15934435979974332,2.695487104646138,-0.5008403995112936
649,4,765.71746031746,386.504761904762,20.0073769586814,20.0441245307886,111.616552043416,315,False,4,0.2825798081016567,3.124740316548112,0.42925321190197385
650,4,765.545161290323,386.454838709677,19.7402487156276,19.9919151192495,44.9999999999927,310,False,4,0.17938584158135767,-2.8595682519551993,0.2988767386762756
651,4,765.295238095238,386.577777777778,19.789646071582,20.2588579849616,37.5360016287127,315,False,4,0.2785239987990853,2.6844400613696497,-0.7391769938547377
652,4,765.090342679128,386.473520249221,20.1130806960315,20.3231233424882,72.1437304055405,321,False,4,0.22989511478873656,-2.670903720349744,0.9278415254601926
653,4,764.761755485893,386.554858934169,19.9955178484381,20.3089090519315,106.933653147021,319,False,4,0.33850483781934326,2.898930015906289,-0.7133515709235532
654,4,764.617834394904,386.557324840764,19.8676748831521,20.1208322686581,154.185963032264,314,False,4,0.14394221454042777,3.1244605896285744,0.22553057372228524
655,4,764.571428571429,386.665584415584,19.6529318960861,19.9569763515106,115.023345030004,308,False,4,0.11778639986263079,1.975757274149106,-1.1487033154794684
656,4,764.501618122977,386.68932038835,19.7220360257506,19.9516035259411,71.1241772873169,309,False,4,0.0737353044085278,2.8138487501912217,0.8380914760421154
657,4,764.385579937304,387.015673981191,19.9453696486088,20.3776304916597,26.2711664693514,319,False,4,0.3463690634201214,1.9124154970404321,-0.9014332531507896
658,4,764.15141955836,387.116719242902,19.9223894492747,20.2966022823221,32.7190289369144,317,False,4,0.25503181758643456,2.734211144485622,0.8217956474451897
659,4,763.78064516129,387.435483870968,19.5840895561239,20.1648338110207,52.3089853133361,310,False,4,0.488962720080708,2.431478804625383,-0.30273233986023884
660,4,763.75641025641,387.49358974359,19.5698155288252,20.2995637217809,43.9646339201218,312,False,4,0.06295731131250525,1.9659411604746364,-0.4655376441507464
661,4,763.536741214058,387.613418530351,19.6799321939138,20.2495613520288,59.6391876325343,313,False,4,0.25022674977803366,2.642213271811001,0.676272111336365
662,4,762.965625,387.578125,19.906670649771,20.4733461149258,71.8229591802033,320,False,4,0.5722057001153737,-3.0798736822889072,0.5610983530796778
663,4,762.987460815047,387.799373040752,19.8826747779747,20.4714369571333,44.4429647036381,319,False,4,0.22232295957766454,1.4724210850758883,-1.7308905398147907
664,4,762.812698412698,388.015873015873,19.600093109919,20.4974925091554,47.3086640456766,315,False,4,0.27823396000885964,2.2499222503262986,0.7775011652504102
665,4,762.632587859425,388.287539936102,19.8933106229216,20.0588664351296,15.2999107849747,313,False,4,0.32594896371515947,2.156244370907859,-0.09367787941843941
666,4,762.64308681672,388.627009646302,19.6751638661569,20.136671075048,43.7682646988367,311,False,4,0.33963202476730514,1.5398786589116695,-0.6163657119961896
667,4,762.407643312102,388.627388535032,19.7920120922925,20.1973040578699,47.743812194743,314,False,4,0.23544380948221608,3.1399833995838877,1.6001047406722186
668,4,762.361904761905,388.746031746032,19.7776911473767,20.2956192165796,7.96101931012959,315,False,4,0.12715434121768912,1.938752235520437,-1.2012311640634508
669,4,762.08722741433,389.009345794393,20.0436209374286,20.4259752997223,16.659255489493,321,False,4,0.3805022119976712,2.3773130618427185,0.43856082632228155
670,4,762.059190031153,389.211838006231,20.1368637153066,20.325404473223,7.58470256674146,321,False,4,0.2044240463117028,1.708383063262403,-0.6689299985803157
671,4,762.028125,389.503125,20.0581663759994,20.3324162148213,31.9809648190749,320,False,4,0.29293881425908347,1.677042243642369,-0.03134081962003421
672,4,761.915360501568,389.71473354232,19.8227382605957,20.5009307869627,72.9674853549988,319,False,4,0.23977908017470118,2.0604099881497793,0.3833677445074102
673,4,761.815873015873,389.780952380952,19.8302174745961,20.2528055030142,89.5352680903747,315,False,4,0.11951022717611132,2.554329097006316,0.49391910885653667
674,4,761.756329113924,389.977848101266,19.993270767323,20.1643845417508,125.676480674495,316,False,4,0.20570221422548726,1.8644657657750296,-0.6898633312312863
675,4,761.601265822785,390.212025316456,19.8801016828078,20.2503190158619,4.96201952432882,316,False,4,0.28086223023580736,2.1556739405141507,0.2912081747391211
676,4,761.63141025641,390.371794871795,19.7866213058241,20.0806470318004,26.0743106949737,312,False,4,0.16258843037496004,1.3843140516749248,-0.7713598888392257
677,4,761.607142857143,390.545454545455,19.6335162184844,19.9706732509789,155.836152337352,308,False,4,0.17534705279216406,1.7096383668973179,0.32532431522239325
678,4,761.621710526316,390.651315789474,19.553379791378,19.79922595531,134.61703237766,304,False,4,0.1068588787624869,1.4340442485601086,-0.27559411833720926
679,4,761.648387096774,390.729032258065,19.5148489193858,20.2198811987362,127.228921886103,310,False,4,0.08216744429308497,1.2401429609846575,-0.1939012875754509
680,4,761.652597402597,390.915584415584,19.4832241986994,20.129979751385,115.376408384386,308,False,4,0.1865996627813931,1.5482311029959774,0.30808814201131973
681,4,761.692307692308,391.163461538462,19.7318889989346,20.1416138334487,155.643068581223,312,False,4,0.25103779626819134,1.4119445893748244,-0.13628651362115285
682,4,761.731012658228,391.259493670886,19.9252730696677,20.1987361224427,130.564992058095,316,False,4,0.1035386152349526,1.1876704402835974,-0.22427414909122678
683,4,761.679611650486,391.485436893204,19.6761181523367,19.9930588292709,170.616622813937,309,False,4,0.23171621287327585,1.7944845022195501,0.6068140619359528
684,4,761.8,391.693548387097,19.5895623631732,20.157204582368,123.435208784954,310,False,4,0.24042410151454202,1.0463506224763033,-0.7481338797432469
685,4,761.790849673203,391.813725490196,19.5581689260025,19.9361910503649,139.408703825001,306,False,4,0.12052495422013405,1.646790049866021,0.600439427389718
686,4,761.747540983607,392.07868852459,19.5525769039167,19.8776799372999,112.721246310557,305,False,4,0.26847914665721795,1.7328154217329303,0.08602537186690906
687,4,761.873376623377,392.227272727273,19.719959406613,19.9196753437818,119.174057518566,308,False,4,0.19470971604740064,0.8681059876063842,-0.8647094341265462
688,4,761.928571428572,392.256493506494,19.6961922481148,19.9340741950016,136.312033214414,308,False,4,0.06245254565507533,0.48689923181311445,-0.3812067557932699
689,4,762.084142394822,392.226537216829,19.7224844234897,19.9803762954055,122.163266124681,309,False,4,0.15842886362800004,-0.19022876225016289,-0.6771279940632775
690,4,762.231511254019,392.324758842444,19.679134197374,20.1320432438176,140.833004881253,311,False,4,0.17710185882554016,0.5878885301498534,0.7781172924000161
691,4,762.338658146965,392.376996805112,19.6054618121415,20.318609344883,139.514658886273,313,False,4,0.11920260656418938,0.45362674574641304,-0.1342617844034404
692,4,762.356209150327,392.33660130719,19.4389721918598,20.0543964900531,135.872622800545,306,False,4,0.04404354630794312,-1.1609241919690338,-1.614550937715447
693,4,762.480392156863,392.503267973856,19.6257235781955,19.8616409794498,141.176345341809,306,False,4,0.2078441649165873,0.9304398617219984,2.0913640536910325
694,4,762.422077922078,392.506493506494,19.6836689694513,19.9294411455682,120.625217363134,308,False,4,0.058403373527240496,3.086336005792908,2.15589614407091
695,4,762.534201954397,392.680781758958,19.6278741169949,19.9243612910972,133.512962338114,307,False,4,0.20723945949174585,0.9991276988106446,-2.0872083069822636
696,4,762.544262295082,392.731147540984,19.3493999403942,20.0806509194811,136.058397712277,305,False,4,0.05136070924150936,1.3736454451789109,0.3745177463682663
697,4,762.666666666667,392.712418300654,19.6127911647908,19.8820576585311,135.661058627286,306,False,4,0.12382897329155974,-0.1518335820361994,-1.5254790272151102
698,4,762.720394736842,392.756578947368,19.6244107861611,19.7430706289854,179.800388565492,304,False,4,0.06954759696011156,0.6879698551678854,0.8398034372040848
699,4,762.809210526316,392.83552631579,19.6182194732339,19.7458781249954,96.3286366836157,304,False,4,0.11883152544946583,0.7266423406860556,0.03867248551817015
700,4,762.970394736842,392.855263157895,19.6290234327066,19.7506728387266,155.161284437302,304,False,4,0.1623880927259577,0.12184243701873303,-0.6047999036673226
701,4,763.125,392.842105263158,19.6148066260463,19.7532128127167,93.3281166526325,304,False,4,0.15516416335634878,-0.08490179345097235,-0.20674423046970514
702,4,763.131147540984,392.809836065574,19.7007625559377,19.7362095145408,55.7697977318142,305,False,4,0.03284955666157931,-1.3825441051735463,-1.297642311722574
703,4,763.204620462046,392.775577557756,19.4724517088631,19.8468062865121,91.0103076029263,303,False,4,0.08106735154984707,-0.436304610397444,0.9462394947761021
704,4,763.345394736842,392.756578947368,19.4744326978067,19.8956532486373,70.1955139611494,304,False,4,0.14205049679955012,-0.13414745024116387,0.30215716015628
705,4,763.5,392.756578947368,19.6656082942911,19.6923709513154,90.0,304,False,4,0.15460526315803236,0.0,0.13414745024116392
706,4,763.424437299035,392.556270096463,19.7245435763929,20.0737317111309,53.3041553284213,311,False,4,0.21408726615098206,-1.9315214748489882,-1.9315214748489882
707,4,763.485436893204,392.553398058252,19.6682105418199,20.0022455082845,35.5158238872668,309,False,4,0.06106716869367338,-0.047048161934151365,1.884473312914837
708,4,763.644230769231,392.403846153846,19.6338439592925,20.2289616473726,42.1711292346234,312,False,4,0.21813130718702883,-0.7554343820169696,-0.7083862200828182
709,4,763.602605863192,392.342019543974,19.6208144959624,19.9254270006184,52.8350567537366,307,False,4,0.07453296244625651,-2.1633443535887076,-1.407909971571738
710,4,763.677419354839,392.287096774194,19.553600890389,20.1814846275473,53.435869149124,310,False,4,0.09280931619571876,-0.633266190713802,1.530078162874906
711,4,763.645367412141,392.214057507987,19.7073660733078,20.2358044751729,46.3171234992636,313,False,4,0.07976253154695587,-1.9843239458272546,-1.3510577551134526
712,4,763.646302250804,392.006430868167,19.8640948118501,19.9386682172033,20.9864858114926,311,False,4,0.2076287443642149,-1.5662938585824377,0.4180300872448166
713,4,763.761146496815,391.65923566879,19.7315898147067,20.259353219643,178.277784735669,314,False,4,0.3656961953756915,-1.251348079497359,0.3149457790850789
714,4,763.891025641026,391.522435897436,19.8982678892878,19.9759946360401,130.020564899298,312,False,4,0.18863395649642303,-0.8113434997996196,0.44000457969773965
715,4,763.955414012739,391.522292993631,19.867473490308,20.1439512200025,97.8332314628799,314,False,4,0.06438853029343151,-0.0022194002824066717,0.8091240995172129
716,4,764.006349206349,391.438095238095,19.9085192831384,20.1485359998195,32.5732341397428,315,False,4,0.09840556887389759,-1.026747142361472,-1.0245277420790653
717,4,764.106918238994,391.276729559748,20.0205132500677,20.2446622287675,32.5926466210267,318,False,4,0.19013945533619367,-1.0134659191734383,0.013281223188033486
718,4,763.931818181818,391.094155844156,19.4867857686818,20.1551674082407,45.0729444226897,308,False,4,0.2529687562686558,-2.3353023488559526,-1.3218364296825142
719,4,764.042483660131,390.800653594771,19.4036792911545,20.1259720405687,53.3879505672584,306,False,4,0.3136724700771105,-1.2102282508434423,1.1250740980125098
720,4,763.919093851133,390.705501618123,19.5863272514634,20.1205883543591,41.5497099933138,309,False,4,0.15581701968845577,-2.484692762099184,-1.2744645112557418
721,4,763.833333333333,390.673076923077,19.7643137701452,20.1210939866657,60.4712096758892,312,False,4,0.09168548010528955,-2.7801207902417264,-0.2954280281425423
722,4,763.777049180328,390.488524590164,19.3641145556555,20.0578885560947,37.9296190136758,305,False,4,0.19294421334450404,-1.8668125821836392,0.913308208058087
723,4,763.832258064516,390.258064516129,19.4228055036093,20.33716209969,54.096659576312,310,False,4,0.23698073047715582,-1.3356679620872847,0.5311446200963545
724,4,763.865814696486,390.258785942492,19.5400912743123,20.4125418457278,65.7778224236051,313,False,4,0.03356438596438687,0.021495460193038635,1.3571634222803235
725,4,763.704761904762,390.034920634921,19.7620177486332,20.3130481054953,29.1016601183518,315,False,4,0.27577831251927987,-2.194436152035439,-2.2159316122284776
726,4,763.893203883495,389.799352750809,19.5383538019276,20.1695614308684,20.7897930040695,309,False,4,0.30166638422896236,-0.896087297259763,1.2983488547756759
727,4,763.75884244373,389.675241157556,19.5952696132549,20.236043006851,13.0795786126908,311,False,4,0.1829116838135391,-2.3958291037532256,-1.4997418064934624
728,4,763.690095846645,389.539936102236,19.6229438457483,20.3433220161466,15.0965418825082,313,False,4,0.15176808823303467,-2.040891748603618,0.35493735514960756
729,4,763.5,389.471337579618,19.8984683979945,20.0968889289486,180.0,314,False,4,0.20209450318368505,-2.795273458361567,-0.7543817097579488
730,4,763.511182108626,389.44089456869,19.8983977721065,20.0289492868481,159.494514196049,313,False,4,0.032431720085252656,-1.2187820623701642,1.5764913959914022
731,4,763.44089456869,389.140575079872,19.5633561353566,20.3859443222537,27.8289496629941,313,False,4,0.30843497472587394,-1.8007007549263279,-0.5819186925561635
732,4,763.359621451104,388.902208201893,19.7403403551043,20.4558967693249,11.4476588369846,317,False,4,0.25184139484924106,-1.899393402154728,-0.09869264722840043
733,4,763.25641025641,388.759615384615,19.5531802547569,20.3294463719067,18.3941574832566,312,False,4,0.1760263112418847,-2.1973290748842618,-0.2979356727295337
734,4,763.044303797468,388.503164556962,19.8480759881852,20.2889764965493,39.0878801109793,316,False,4,0.3328005062027748,-2.261835309780804,-0.06450623489654239
735,4,762.84789644013,388.349514563107,19.6473989309439,20.0233996584601,13.9892931014999,309,False,4,0.2493675412482284,-2.477736324661854,-0.21590101488104985
736,4,762.712903225807,388.287096774194,19.7140853526184,20.0243680893488,44.9999999999946,310,False,4,0.14872507618424458,-2.7084936237246304,-0.23075729906277642
737,4,762.619496855346,388.022012578616,19.7276166600427,20.5299293189854,0.387056987406112,318,False,4,0.2810593901437056,-1.9095764205734125,0.798917203151218
738,4,762.355555555556,387.873015873016,19.8027806063387,20.2569436955909,3.97621556283676,315,False,4,0.30309244136817937,-2.6276799119189183,-0.7181034913455058
739,4,762.111821086262,387.581469648562,19.7272317866391,20.2100717168457,30.3084879453277,313,False,4,0.3800074900780069,-2.2671099968185806,0.36056991510033765
740,4,761.987220447284,387.578274760383,19.7474482988442,20.1865486657451,25.8732814016931,313,False,4,0.12464159235263698,-3.1159572450675315,-0.8488472482489509
741,4,761.76357827476,387.428115015974,19.6712252470521,20.2518192242124,29.0118576823749,313,False,4,0.2693766325653356,-2.5503005882226466,0.5656566568448849
742,4,761.511182108626,387.380191693291,19.8983844047521,20.0246241477657,20.879061669391,313,False,4,0.2569055654050769,-2.9539528817879477,-0.4036522935653011
743,4,761.400651465798,387.42345276873,19.6039146661042,19.9369119627929,144.8580686895,307,False,4,0.1186951711406974,2.7685268334134805,-0.5607055919781576
744,4,761.045454545455,387.172077922078,19.6849733385383,19.9556698725775,152.50611763387,308,False,4,0.4351484410525521,-2.5257138506439283,0.9889446231221779
745,4,760.749185667753,386.837133550489,19.7265983064005,19.8245667844967,114.979257759026,307,False,4,0.44717220391474166,-2.294999317389174,0.23071453325475444
746,4,760.677419354839,386.729032258065,19.6119762590822,20.1219275642007,124.358073584415,310,False,4,0.12975474208291743,-2.1568673902074162,0.1381319271817576
747,4,760.471337579618,386.646496815287,19.8696182171504,20.1168804749381,27.0969713553495,314,False,4,0.2219950391175805,-2.7606566051163246,-0.6037892149089084
748,4,760.308917197452,386.627388535032,19.7490806547566,20.2408121187236,44.0816067188743,314,False,4,0.16354053600629168,-3.0244839090220763,-0.2638273039057517
749,4,759.887147335423,386.561128526646,19.9723627564823,20.3363821738282,108.542023041723,319,False,4,0.42694285944056887,-2.9857663622749007,0.038717546747175646
750,4,759.705696202532,386.572784810127,19.7260374962407,20.4009229487996,137.665687900315,316,False,4,0.18182514284896983,3.077441557036998,-0.2199773878676865
751,4,759.346153846154,386.400641025641,19.8493290223059,20.0187296082662,89.8828684402139,312,False,4,0.3986278823250508,-2.695059957257672,0.5106837928849162
752,4,759.192546583851,386.260869565217,20.2174052166154,20.3084129190876,70.6798301198654,322,False,4,0.207680649510946,-2.4033197829951347,0.2917401742625372
753,4,758.894080996885,386.068535825545,20.0039847526686,20.470104797919,127.817290934348,321,False,4,0.3550689707918502,-2.569158288043296,-0.16583850504816144
754,4,758.540880503145,385.867924528302,19.8975138917254,20.3673052649004,142.988628657029,318,False,4,0.40619635813200133,-2.625049064204882,-0.05589077616158589
755,4,758.509615384615,385.794871794872,19.7069578285431,20.1580184529649,98.5609908235516,312,False,4,0.07946200034161284,-1.9751884628852356,0.6498606013196464
756,4,758.173076923077,385.887820512821,19.7101875334335,20.1941137124884,157.516379975024,312,False,4,0.3491383683623556,2.8721200036564594,-1.4358768406378912
757,4,757.715189873418,385.95253164557,19.9055600028567,20.235432656857,76.2760832022888,316,False,4,0.4624371102615862,3.001196894432234,0.12907689077577444
758,4,757.483974358974,385.88141025641,19.8733359752816,20.0089943069801,59.549449555924,312,False,4,0.2419067301991537,-2.843180036259536,0.4388083764878168
759,4,757.153605015674,385.843260188088,19.93801585199,20.4132750723126,83.7588813495517,319,False,4,0.33256477670595197,-3.0266248554310744,-0.18344481917153832
760,4,756.804416403786,385.703470031546,19.7894256034755,20.4121590432802,104.024261128154,317,False,4,0.376130262725913,-2.7608031106909454,0.265821744740129
761,4,756.555555555556,385.644444444444,19.6459670614657,20.4200820877451,130.306203749977,315,False,4,0.2557650126864657,-2.908712854931467,-0.1479097442405215
762,4,756.4,385.821875,19.9408172753626,20.4412854326875,161.646425430918,320,False,4,0.2359642619322852,2.290595318361584,-1.083877133886535
763,4,756.124203821656,385.601910828026,19.9049831764734,20.0887279386833,68.3384231050398,314,False,4,0.3527715534752363,-2.4683409069815854,1.524249081836417
764,4,755.83596214511,385.706624605678,19.952129617545,20.2546289400102,121.184764046644,317,False,4,0.30667285391473276,2.793132319393322,-1.0217120808046793
765,4,755.540453074434,385.699029126214,19.6304222323287,20.0550892043993,131.138867027874,309,False,4,0.29560666798984514,-3.1158952783163874,0.3741577094698769
766,4,755.449180327869,385.695081967213,19.4400702236757,19.9777907791385,78.3010113659288,305,False,4,0.09135805563656905,-3.0983738259121822,0.017521452404205107
767,4,754.926045016077,385.575562700965,19.7713863835659,20.0411210879037,53.5425394069816,311,False,4,0.5366147681980693,-2.9169805294262106,0.1813932964859717
768,4,754.590909090909,385.532467532468,19.5126446603751,20.1033967712251,65.5182263571843,308,False,4,0.337895371211211,-3.013704348589016,-0.09672381916280548
769,4,754.446601941748,385.576051779935,19.7248452222023,19.9441636481648,60.1765954812478,309,False,4,0.15074528160526166,2.8482798552646624,-0.42120110332590777
770,4,753.943037974684,385.658227848101,19.9038886365952,20.2338340906964,53.4330191453692,316,False,4,0.5102250239888717,2.97982961020797,0.13154975494330756
771,4,753.863057324841,385.65923566879,19.8032268943337,20.1994597849756,67.8430398121632,314,False,4,0.07998699926772955,3.1289925139885226,0.14916290378055264
772,4,753.57928802589,385.63430420712,19.7435227651272,19.9323673224326,122.395482369784,309,False,4,0.2848624103108321,-3.053959466877487,0.1002333263135764
773,4,753.236245954693,385.592233009709,19.5878417416427,20.1077833025633,69.9763643868783,309,False,4,0.34561228025454627,-3.0195605352366157,0.03439893164087149
774,4,752.967845659164,385.729903536978,19.6046837611672,20.216590729677,92.0945491404207,311,False,4,0.30164862459253017,2.667654738848492,-0.5959700330944777
775,4,752.729641693811,385.801302931596,19.600617066785,19.9489976469478,108.760536768288,307,False,4,0.2486744913772315,2.85037387654555,0.18271913769705828
776,4,752.626582278481,385.806962025317,19.8849452383533,20.2463226372406,150.706770532492,316,False,4,0.10321467158259504,3.0867367612471783,0.23636288470162814
777,4,752.385350318471,385.920382165605,19.8505918189848,20.1500479715731,75.9488257694231,314,False,4,0.2665651641780143,2.7020921616226796,-0.3846445996244987
778,4,752.132492113565,386.135646687697,20.016145154474,20.2043844750292,74.0213204247611,317,False,4,0.3320784338973588,2.4363298365948087,-0.2657623250278709
779,4,751.838283828383,386.178217821782,19.5833982388084,19.7177994917765,54.5402875521757,303,False,4,0.29727229357444157,2.9978927460884766,0.5615629094936678
780,4,751.57928802589,386.36569579288,19.7435227651272,19.9323673224326,57.6045176302167,309,False,4,0.31972928448299975,2.5150288845937703,-0.4828638614947063
781,4,751.132075471698,386.408805031447,19.9015411114563,20.3706414977364,77.0217848242354,318,False,4,0.4492855162107423,3.045494158757345,0.5304652741635749
782,4,751.229559748428,386.232704402516,19.9643921699018,20.3111705643185,71.1210013477257,318,False,4,0.2012824277463188,-1.0652152719196106,2.172475876502631
783,4,750.91746031746,386.4,19.6539624704992,20.4217140616246,75.7412854663181,315,False,4,0.3541099712631973,2.649535859270031,-2.5684341759899443
784,4,750.778125,386.48125,19.8597238333174,20.5243291733095,73.0325727190394,320,False,4,0.16129443013222583,2.6136731615519704,-0.0358626977180605
785,4,750.586206896552,386.570532915361,19.8677172034094,20.449726067788,55.7338096618606,319,False,4,0.21166954765971824,2.7061593544668634,0.09248619291489302
786,4,750.442675159236,386.617834394904,19.8676748831521,20.1208322686581,64.1859630322656,314,False,4,0.15112507926840393,2.8232472125295627,0.11708785806269928
787,4,750.376582278481,386.617088607595,19.8330533021528,20.3017638012576,78.0208862262654,316,False,4,0.06609708832626192,-3.1303092044511094,0.32962889019891417
788,4,750.229559748428,386.713836477987,19.9019198024137,20.3701394763153,66.2598012001575,318,False,4,0.17599936013686537,2.559580631707375,-0.5932954710211025
789,4,750.054140127389,386.767515923567,19.6638039936392,20.3708346224045,83.2278965287839,314,False,4,0.18344897471291302,2.84463497336904,0.2850543416616653
790,4,750.054140127389,386.767515923567,19.6638039936392,20.3708346224045,83.2278965287839,314,False,4,0.0,0.0,-2.84463497336904
791,4,749.85534591195,386.943396226415,19.8851963954821,20.4075876378094,56.1220838447953,318,False,4,0.26542987967053217,2.41727526344266,2.4172752634426597
792,4,749.534810126582,387.009493670886,19.9613360505771,20.1690370584604,4.75687359715896,316,False,4,0.32727979141266444,2.9382338507320025,0.5209585872893423
793,4,749.535031847134,387.009554140127,19.7879430424735,20.2162426957727,172.521008133235,314,False,4,0.00022981847678613267,0.26625204737208313,-2.671981803359919
794,4,749.396825396825,387.050793650794,19.6815940402857,20.3940020502655,2.58748763340962,315,False,4,0.14422801443222122,2.8516129926615275,2.5853609452894446
795,4,749.398713826367,387.173633440515,19.7560802174497,20.0586592383769,7.55759032103447,311,False,4,0.12285430438058761,1.5554244281478755,-1.296188564513652
796,4,749.130158730159,387.079365079365,19.7265005328833,20.3731382836282,53.8170214052069,315,False,4,0.2846196824065761,-2.8040089358775484,1.923751943154162
797,4,749.019230769231,387.221153846154,19.4940858896328,20.4051866193046,77.0940739055208,312,False,4,0.18002518408043472,2.2346799323648,-1.2444964389372384
798,4,748.895238095238,387.301587301587,19.5195259480447,20.5656152117126,69.9345824279024,315,False,4,0.1477962244335416,2.566135221393114,0.3314552890283142
799,4,748.746031746032,387.507936507937,19.8567214109008,20.2082371104013,84.9388173807808,315,False,4,0.2546419635579764,2.1968428492854533,-0.36929237210766086
800,4,748.669811320755,387.455974842767,19.8655738748139,20.3883348780912,104.264900089111,318,False,4,0.0922473190757028,-2.5432347245614846,1.5431077333326488
801,4,748.545161290323,387.545161290323,19.7402487156276,19.9919151192494,135.000000000006,310,False,4,0.15327052069580327,2.520543020053783,-1.219407562564319
802,4,748.545161290323,387.545161290323,19.7402487156276,19.9919151192494,135.000000000006,310,False,4,0.0,0.0,-2.520543020053783
803,4,748.540983606557,387.695081967213,19.4222616559105,19.9954658514107,105.251790496177,305,False,4,0.14997887318155917,1.598655078608954,1.598655078608954
804,4,748.42345276873,387.697068403909,19.5880092165194,19.959208708821,74.2422174199471,307,False,4,0.11754762341729727,3.1246928541993504,1.526037775590396
805,4,748.367412140575,387.664536741214,19.6230734296015,20.3128121012202,114.538700969386,313,False,4,0.06479861944296508,-2.6156337600300397,0.5428586929501957
806,4,748.32154340836,387.620578778135,19.644774432751,20.1675414728983,105.792414026583,311,False,4,0.06353143405488795,-2.377463011859358,0.23817074817068162
807,4,748.313725490196,387.718954248366,19.5422311501392,19.9475100748685,102.356039050014,306,False,4,0.09868562705679175,1.650099858224497,-2.255622437095731
808,4,748.137254901961,387.993464052288,19.3285735349199,20.1786033833473,105.696070459722,306,False,4,0.32633954857067116,2.1421338066271,0.49203394840260284
809,4,747.967637540453,388.148867313916,19.5062457998779,20.2003496937758,92.3156858793709,309,False,4,0.2300439589503818,2.3998995582481233,0.2577657516210232
810,4,748.0,388.104234527687,19.4102076508709,20.1695169808962,96.6164423466985,307,False,4,0.05513088421651506,-0.9434339528590169,2.939851796072446
811,4,748.078947368421,388.078947368421,19.377020186385,19.9977646271144,101.416827088959,304,False,4,0.08289829554552816,-0.3099786979308758,0.6334552549281414
812,4,747.809210526316,388.019736842105,19.463912952316,19.9087147653884,106.815499866489,304,False,4,0.27615910344481626,-2.9255076812920997,-2.615528983361224
813,4,747.778877887789,388.03300330033,19.4279915556124,19.8741319203096,115.550387584973,303,False,4,0.033106915800816365,2.7292948711152487,-0.6283827547722378
814,4,747.687296416938,388.009771986971,19.520109243636,20.0479535961536,105.290032602625,307,False,4,0.09448206032690531,-2.89316449122037,0.6607259448439677
815,4,747.886731391586,388.012944983819,19.5379874028846,20.1775500073113,121.736576269967,309,False,4,0.1994602141326016,0.015908589612715393,2.9090730808330854
816,4,747.930158730159,387.876190476191,19.9657568413844,20.1310983592064,176.799279168597,315,False,4,0.1434842468430106,-1.2633111090019555,-1.2792196986146709
817,4,747.751612903226,388.051612903226,19.6832250858712,20.0806178225074,121.740422415782,310,False,4,0.250303096708761,2.3650182160542728,-2.654855982123358
818,4,747.765273311897,388.022508038585,19.7790631198455,20.0507869834115,124.844362787409,311,False,4,0.03215120387836321,-1.131966827888423,2.786200263236891
819,4,747.705882352941,387.911764705882,19.5476458281107,19.9689753624725,24.7157124019717,306,False,4,0.1256637248528038,-2.0630556543830387,-0.9310888264946158
820,4,747.791530944625,387.905537459283,19.7461454703483,19.8279445288158,127.346350881464,307,False,4,0.08587467529874887,-0.07257922310183879,1.9904764312812002
821,4,747.777777777778,387.875816993464,19.6976046586494,19.8079056304294,84.1537980371983,306,False,4,0.032748369223785725,-2.004203012299646,-1.9316237891978074
822,4,747.582524271845,387.7928802589,19.7013411756947,19.9985517799915,102.536073700471,309,False,4,0.2121377701383449,-2.7399215945830604,-0.7357185822834142
823,4,747.622149837134,387.739413680782,19.633061519708,19.9169144299351,113.113920667731,307,False,4,0.0665496836966227,-0.932997674803034,1.8069239197800266
824,4,747.669934640523,387.650326797386,19.6286871475977,19.8539317947879,172.265169549876,306,False,4,0.10109332435000976,-1.078466709440902,-0.14546903463786798
825,4,747.688311688312,387.545454545455,19.6747721007147,19.930829616388,20.7335205986526,308,False,4,0.10647020761938801,-1.3973248846091668,-0.31885817516826487
826,4,747.656957928803,387.553398058252,19.7143490303365,19.9573603907422,35.8061455659473,309,False,4,0.03234436010966298,2.8934624093691803,-1.9923980132012389
827,4,747.622516556292,387.486754966887,19.6106659818962,19.6168598927805,173.829824904909,302,False,4,0.07501672991488202,-2.04779606840985,1.3419268294005562
828,4,747.553398058253,387.423948220065,19.7248452222023,19.9441636481648,60.1765954812462,309,False,4,0.09339193871812837,-2.404001427987503,-0.35620535957765265
829,4,747.5,387.348387096774,19.751193275244,19.9786983333944,90.0,310,False,4,0.09252478575057435,-2.1859960793361006,0.2180053486514022
830,4,747.563694267516,386.96178343949,19.842601970027,20.1495539322004,69.1164299418099,314,False,4,0.3918154508691208,-1.4075097804048968,0.7784862989312038
831,4,747.562300319489,386.929712460064,19.7529847054276,20.1725269786415,74.4499084956101,313,False,4,0.03210125873609432,-1.6142334543351966,-0.20672367393029978
832,4,747.503205128205,386.74358974359,19.5460640676778,20.3300155433651,50.2223318803084,312,False,4,0.19527904962020412,-1.8782358464598088,-0.2640023921246124
833,4,747.459546925566,386.68284789644,19.3861680582507,20.296280342499,48.6168828223598,309,False,4,0.0748038144272036,-2.1939956567283456,-0.3157598102685366
834,4,747.380191693291,386.600638977636,19.6761433595396,20.2491864461773,49.9322727721634,313,False,4,0.11426092604364807,-2.338533457073193,-0.14453780034484742
835,4,747.374193548387,386.374193548387,19.5750823792925,20.1632050703671,44.9999999999994,310,False,4,0.22652485552374077,-1.5972783922195715,0.7412550648536218
836,4,747.274509803922,386.081699346405,19.5128330422864,19.9791295652077,73.89482627704,306,False,4,0.30901408884326914,-1.899257031410447,-0.3019786391908754
837,4,747.245901639344,385.816393442623,19.5067791090286,19.9128844555565,57.0738750727727,305,False,4,0.26684386757448886,-1.6782121472919662,0.22104488411848067
838,4,747.160256410257,385.692307692308,19.7585556744203,20.119691250543,66.2224446362554,312,False,4,0.15077260592224345,-2.1749215762187437,-0.4967094289267777
839,4,747.122580645161,385.593548387097,19.5266732138065,20.2317113597333,56.0628625471784,310,False,4,0.10570176744664167,-1.935245371724259,0.23967620449448468
840,4,747.061688311688,385.48051948052,19.2117731515644,20.4363893132572,47.0536563097326,308,False,4,0.12838773305016912,-2.064947647423198,-0.12970227569893877
841,4,746.941935483871,385.312903225806,19.5946866804414,20.1600539490171,50.0459216893624,310,False,4,0.20599987527793323,-2.191152197009518,-0.12620454958632
842,4,746.924590163934,384.881967213115,19.2840695157054,20.1712573048378,47.1277743973035,305,False,4,0.43128494891166896,-1.6110249489800486,0.580127248029469
843,4,746.890728476821,384.791390728477,19.2041778050772,20.0663049959083,50.8476319850134,302,False,4,0.09669908698389511,-1.928555184160202,-0.3175302351801532
844,4,746.514563106796,384.699029126214,19.5707312040489,20.1113348676476,45.1503812421221,309,False,4,0.38733841944560155,-2.9008211440131557,-0.9722659598529537
845,4,746.418831168831,384.418831168831,19.3852823520085,20.2272800233461,45.0000000000001,308,False,4,0.29610048846317205,-1.9000204829528282,1.0008006610603273
846,4,746.444089456869,384.26517571885,19.4239710718437,20.5179121896502,46.4176527189772,313,False,4,0.15571762399764094,-1.407870768382464,0.49214971457036416
847,4,746.336507936508,383.847619047619,19.6971096333408,20.382047319731,37.0338665590325,315,False,4,0.4311929466175313,-1.8229575367158226,-0.41508676833335834
848,4,746.111464968153,383.748407643312,19.6749818402744,20.3601822762096,47.4494593890556,314,False,4,0.24594153848144856,-2.7263693626547183,-0.9034118259388957
849,4,746.0,383.536741214057,19.6568703652948,20.3019043053008,66.0600160102942,313,False,4,0.2392218978248541,-2.0555020656637253,0.670867296990993
850,4,745.961783439491,383.423566878981,19.5399278317881,20.484836343406,60.5273925952953,314,False,4,0.11945265010468321,-1.8964525852345175,0.15904948042920797
851,4,745.661341853035,383.166134185304,19.7513561777283,20.189286530534,50.9657374206687,313,False,4,0.39564724015973496,-2.4331365339301665,-0.5366839486956492
852,4,745.490445859873,382.745222929936,19.6827864963199,20.3349368572267,34.4038937153934,314,False,4,0.4542815485733968,-1.9564766778329725,0.47665985609719375
853,4,745.192429022082,382.605678233438,19.8722776814614,20.3153291349741,13.4763758787143,317,False,4,0.3290695335756051,-2.703670745426646,-0.7471940675936732
854,4,745.185534591195,382.477987421384,19.9877389108716,20.2514308202102,18.7537183293909,318,False,4,0.1278768026667546,-1.6247371137672526,1.0789336316593934
855,4,744.812297734628,382.258899676375,19.576500924971,20.1188579584912,41.1175977580154,309,False,4,0.4327876975067108,-2.610791382354748,-0.9860542685874956
856,4,744.747508305648,382.126245847176,19.3878889551336,19.7829796090192,39.0140850805595,301,False,4,0.14763031026423648,-2.025128851183387,0.5856625311713612
857,4,744.514657980456,381.651465798046,19.7079869432567,19.8468071111328,66.1755704037527,307,False,4,0.5288056060537727,-2.026765366558206,-0.0016365153748192363
858,4,744.261980830671,381.635782747604,19.6487549697024,20.2835271215674,31.0545694809858,313,False,4,0.2531633861652983,-3.0796046271566357,-1.0528392605984296
859,4,744.067307692308,381.346153846154,19.8162548559364,20.0523222915301,42.0243292073566,312,False,4,0.34897353962049016,-2.162583276747045,0.9170213504095912
860,4,743.877022653722,381.0,19.6372631195576,20.0710711333533,180.0,309,False,4,0.39500744438158947,-2.073418653845536,0.08916462290150884
861,4,743.634375,381.003125,19.7957509908837,20.5837115265184,174.072379436006,320,False,4,0.24266777594435393,3.1287146092486435,-1.081052044085407
862,4,743.76357827476,380.600638977636,19.7507434602475,20.1723088745852,158.218740278496,313,False,4,0.42271560700680416,-1.2601746825125864,1.8942960154183561
863,4,743.439102564103,380.391025641026,19.9215661730102,19.9411907730156,141.539265778495,312,False,4,0.3862929428440842,-2.5680301165845623,-1.307855434071976
864,4,742.95145631068,380.226537216829,19.370654387671,20.3273336270491,4.12336346332768,309,False,4,0.5146409526770106,-2.8162665202516326,-0.24823640366707034
865,4,742.73417721519,380.012658227848,19.5771710168629,20.5594219479277,174.890899313507,316,False,4,0.3048842850401872,-2.3640803124725362,0.45218620777909635
866,4,742.630573248408,379.630573248408,19.6724774603188,20.315088670762,135.0,314,False,4,0.39588219642546996,-1.835583672791715,0.5284966396808213
867,4,742.5,379.410256410256,19.9274159549192,19.9306489917105,90.0,312,False,4,0.2561032650574972,-2.1058021981018924,-0.2702185253101774
868,4,742.356209150327,379.408496732026,19.6377821416331,19.8408024015188,167.876993149216,306,False,4,0.14380161653178794,-3.1293555022193793,-1.023553304117487
869,4,741.88178913738,379.079872204473,19.4831899992147,20.485866047941,171.090428520041,313,False,4,0.5771208095312846,-2.535791691806684,0.5935638104126952
870,4,741.700964630225,378.742765273312,19.7825867343424,20.0215073612501,146.500753050212,311,False,4,0.3825422661937433,-2.063138960060194,0.47265273174649014
871,4,741.454838709678,378.454838709677,19.7402487156276,19.9919151192495,135.000000000007,310,False,4,0.37878711014468097,-2.278083076663046,-0.2149441166028523
872,4,740.960655737705,378.619672131148,19.3351530384418,20.0732162922294,167.239951462285,305,False,4,0.5209480459910818,2.819649495188141,-1.1854527353283988
873,4,740.744336569579,378.407766990291,19.6835164299174,19.9921967047414,147.481309138726,309,False,4,0.3028163985327407,-2.366501870826361,1.0970339411650842
874,4,740.46835443038,378.066455696203,19.9196444156309,20.2060792458779,164.585588038592,316,False,4,0.4389299951346217,-2.250755367102368,0.11574650372399331
875,4,740.266881028939,378.04501607717,19.5942432894912,20.2257285207751,153.089147243213,311,False,4,0.20261092949912848,-3.035577481738202,-0.7848221146358343
876,4,739.844155844156,377.876623376623,19.5008468984966,20.1467123365795,0.688413395394889,308,False,4,0.4550304203537301,-2.7625092475688566,0.27306823416934556
877,4,739.507936507937,377.91746031746,19.7670391131005,20.3036909548298,166.787028973963,315,False,4,0.3386902682164306,3.0207254639561265,-0.4999505956546031
878,4,739.304761904762,377.933333333333,19.6813582417538,20.3914383768027,168.393798123937,315,False,4,0.20379369962832675,3.0636260197583987,0.042900555802272144
879,4,738.807570977918,377.782334384858,19.6530666494268,20.5646511764544,150.436301689493,317,False,4,0.5196147613151362,-2.846741029214227,0.37281825820696035
880,4,738.533762057878,377.514469453376,19.7244057335407,20.0768665739589,143.342632964438,311,False,4,0.3830443136391865,-2.367167421554917,0.4795736076593098
881,4,738.24126984127,377.571428571429,19.6945939282487,20.3692607760874,141.819325749006,315,False,4,0.29798664048183426,2.9492625525962053,-0.9667553330284644
882,4,737.79421221865,377.594855305466,19.6780624342897,20.1359664219145,140.377022254833,311,False,4,0.4476710062202127,3.08923849376304,0.13997594116683487
883,4,737.515923566879,377.528662420382,19.7578612984377,20.2350401324156,125.641704667897,314,False,4,0.2860525681414113,-2.908075005705124,0.2858718077114215
884,4,737.203225806452,377.483870967742,19.5078694210053,20.2491893558927,135.061335067381,310,False,4,0.3158894800490512,-2.999318459195673,-0.09124345349054908
885,4,736.597402597403,377.373376623377,19.4980109998937,20.1240571624773,125.337584243671,308,False,4,0.6158171488024193,-2.9611884863592812,0.03812997283639197
886,4,736.479099678457,377.299035369775,19.3694737134175,20.4443379314511,131.879603564065,311,False,4,0.13972187594731322,-2.58055395166352,0.38063453469576114
887,4,736.141914191419,377.320132013201,19.3974485977137,19.9185164766636,115.613842715451,303,False,4,0.3378448179755218,3.079107225520716,-0.6235241299953493
888,4,735.761290322581,377.38064516129,19.6085627652956,20.1565671859757,95.2081787731048,310,False,4,0.3854041652873908,2.9839280777515267,-0.09517914776918923
889,4,735.416129032258,377.409677419355,19.7260018162514,20.0144261994028,152.859491267602,310,False,4,0.3463801211757912,3.057678026649295,0.0737499488977682
890,4,735.145695364238,377.278145695364,19.3613794286378,19.8706889704428,132.341119685766,302,False,4,0.3007240649080142,-2.6889056858684226,0.5366015946618692
891,4,734.759197324415,377.217391304348,19.4090377390143,19.6392204785747,129.891658099633,299,False,4,0.39124395307114274,-2.9856765163495496,-0.29677083048112696
892,4,734.356435643564,377.293729372937,19.5433887194937,19.7586730474473,69.4232459335824,303,False,4,0.40993227767254237,2.954278025570306,-0.3432307652597313
893,4,734.107843137255,377.326797385621,19.5063754377973,19.9996393835237,117.653932552456,306,False,4,0.2507822315393795,3.009348055435863,0.05507002986555731
894,4,733.61038961039,377.23051948052,19.594761453994,20.0243388900459,123.442940588008,308,False,4,0.506684760379727,-2.9504148259617673,0.32342242578195624
895,4,733.347540983607,377.337704918033,19.5373593755256,19.881696609293,126.117734454334,305,False,4,0.28386285177277093,2.7543940826199154,-0.5783763985979036
896,4,732.772575250836,377.204013377926,19.3726627589992,19.6690618451178,115.858029865891,299,False,4,0.5903041773163356,-2.9131313591747277,0.6156598653849432
897,4,732.546052631579,377.273026315789,19.3416124977596,20.0103033627167,78.9163810078735,304,False,4,0.23680220148374584,2.8458638831771945,-0.5241900648276641
898,4,732.3125,377.226973684211,19.4181646458322,19.9425676298467,96.5490707629194,304,False,4,0.23804973554432005,-2.946907114209552,0.49041430979283973
899,4,731.743421052632,377.286184210526,19.3718069298814,19.9973914679759,75.3253905713525,304,False,4,0.5721509720029821,3.037919445847251,-0.29835874712278354
900,4,731.514563106796,377.482200647249,19.5420900065229,20.147061349067,72.0931496731987,309,False,4,0.3013277332703536,2.4333380802243254,-0.6045813656229257
901,4,731.231511254019,377.601286173634,19.6002172036799,20.2296972824722,81.2475750525783,311,False,4,0.3070825849098172,2.743352930134346,0.3100148499100204
